<?xml version="1.0" encoding="ISO-8859-1"?>
<LTDLWOCR>
<tid>aae81a00</tid>
<bt>2058067603/7611</bt>
<dd>19860400/E</dd>
<dt>SPCH, SPEECH, PRESENTATION</dt>
<dt>LIST, LIST</dt>
<no>SPOT COMM</no>
<!-- Note:pa1:2058067603/2058067611&lt;/pa1-->
<fn>2058067455/2058067758/TO BE FILED; @ 2058067455/2058067758/TO BE FILED</fn>
<!-- Note:si:M695-->
<!-- Note:s:AUDIO-VISUAL LIBRARY/MFG-->
<pg>9</pg>
<!-- Note:lu:TXAG/PRODUCED-->
<!-- Note:dl:19990524-->
<dl>20020201</dl>
<ot>1 (NEED NEW CREST)
CIGARETTE ROD SPOTTING LEVELS, AS MEASURED BY PHILIP
MORRIS QUALITY ASSURANCE, HAVE REACHED UNACCEPTABLE PROPOR-
TIONS,
qBECAUSE OF THIS CONDITION, A CIGARETTE ROD SPOT COMMITTEE W~ S
FORMED TO IDENTIFY THE SOURCES OF ROD SPOTTING AND SUBMITW
SOLID RECOMMENDATIONS TO DRIVE THE SPOTTING LEVEL DOWN.
QJ AS PART OF THIS COMMITTEE, A GROUP WAS FORMED THAT
C~ F'l,t
APPROACHED THE PROBLEM THROUGH MICROSCOPIC ANALYSIS OF THE
FILLER DIRECTLY BELOW THE SPOT, - ~#-AN INFRARED
ANALYSIS OF THE SPOTTED PAPER,
THIS PRESENTATION ADDRESSES THE SOURCE OF ROD SPOTTING,
2 (QA TECHS)
FOR THE MONTH OF MARCH4 1986, ALL CRITICAL DEFECTS
RELATED TO SPOTS AS IDENTIFIED BY PHILIP MORRIS QUALITY
ASSURANCE WERE SUBJECTED TO THIS TWO~-FOLD ANALYSIS ~ APPROXIMATELY
THREE HUNDRED SAMPLES WERE EVALUATED,
3 (EXISTING)
FIRST, THE CIGARETTE PAPER WAS CAREFULLY CUT ON THREE
wo.5
SIDES OF THE SPOT, AND THE FLAP FOLDED BACK.
it
pgNbr=1
4 (GUY LOOKING THRU MICROSCOPE)
THEN, WITH THE AID OF A BOSCH AND LOMB~~1ICROSCOPE,
THE FILLER BENEATH THE SPOT WAS SEARCHED,~ MAXIMUM MAGNIFICATION
OF THIS INSTRUMENT IS 140 TIMES,
5 CARRIER SHOT (EXISTING)
IN 71 PERCENT OF THE SAMPLES, A PROBABLE CAUSE, OR
CARRIER, WAS FOUND BENEATH THE SPOT,
.
A CARR I ER I N TH I S PRESENTAT I ON I S DEF I NED AS AN OBJECT, ~ L.4i`eK_
TOBACCO OR NON-TOBACCO, LYING DIRECTLY BENEATH THE SPOT,
THAT BY PHYSICAL SIZE, COLOR, PROXIMITY TO THE UNDER SIDE
OF THE SPOT, AND CHEMICAL CONTENT, CAUSED THE SPOT ON THE
ROD,
6 (EXISTING)
THIS PIE CHART SHOWS THE RESULTS OF THE MICROSCOPIC
STUDY,t AND IDENTIFIES THE MAJOR CARRIERS, PLEASE (VOTE THAT
29 PERCENT OF THE 5~~~~~ N}0 CARR I ER WAS I DENT I F I ED ~ v~TH I S
cf~hfr
COULD OCCUR BECAUSE~,THE ROD WAS SPOTTED AFTER MANUFACTURE,
(sUctk as e(E,:1ml5)
OR THE CARR I ER D I SSOLVED, S4Ct-,lS-t-RYBTALS, OR THE OBSERVER
SIMPLY MADE NO POSITIVE IDENTIFICATION OF AN EXISTING CARRIER.
pgNbr=2
MAJOR CATEGORIES OF CARRIERS INCLUDE INSECTS AT APPROXIMATELY
18 PERCENT, EXPANDED STEM AT 14 PERCENT, SATURATED LEAF
a~
AT 13 PERCENT, GUM AT 8 PERCENT, DUST 7 PERCENT, EXPANDED
a
TOBACCO 5 PERCENT, AND SHEET PRODUCTS AT 5 PERCENT.
16

7 (OBSERVER US I;N-G-I NFRARED MA~H I NE)
a,
c
~
~
~
~, , ~.
r
i
v
HA~ -ING -~DENT-IF-IED- -THE-n-~AR #~I~f~S, INFORMATION WAS
COMBINED WITH THE RESULTS OF THE INFRARED ANALYSIS.
8 (CHART)
THE INFRARED ANALYSES IDENTIFIED CHEMICAL CONTENT OF
~~~1~~
THE PAPER AND MA#~ES THE DISTINCTION BETWEEN OIL AND FLAVOR,
-1 k~-
PLEASE NOTE THE FREQUENCY OF SPOTTING CAUSED BY SHEET PRODUCTS
4
AND MISCELLANEOUS CARRIERS IS CONSIDERED INSIGNIFICANT AND
IS NOT SHOWN ON THE CHART,~ SOME SPOTS COULD NOT BE ANALYZED
BECAUSE OF LOW P~~~ICE OF CHEMICAL ELEMENTS,
9 (CHART HIGHLIGHTING INSECT - CNA)
AS AN EXAMPLE ,,, SPOTS,t\CONTRIBUTED TO INSECTS IN
MOST CASES, ARE NOT OIL OR FLAVOR, BUT USUALLY ktfa~~D
~
ASSOCIATED WITH THE INSECT ITSELF, AS THIS CHART SHOWS,
51 PERCENT OF INSECT SPOTS COULD NOT BE ANALYZED AS OIL
OR FLAVOR.
pgNbr=3
~v 10 (EXISTING)
INSECT SPOTS, THE LARGEST KNOWN CARRIER~ CATEGORY, ARE
USUALLY CONTRIBUTED TO THE TOBACCO BEETLE,~ SHOWN ~~~
ON THE LEFT IN A TOBACCO ROD0IS THE HEAD OF THE TOBACCO
BEETLEOAR SHOWN ON THE RIGHT,"THE EXTRACTED BEETLE FRAGMENT.
11 (EXISTING)
MOST INSECT SPOTS, HOWEVER, APPEARED TO BE INSECTS
OR INSECT FRAGMENTS OTHER THAN THE TOBACCO BEETLE.
12 (EXISTING)
(5 SECOND PAUSE)
Q~ 13 (PIE)
EXPANDED STEM AND EXPANDED TOBACCO COMBINED,ACCOUNTED
FOR 19 PERCENT OF THE ROD SPOTS WITHIN THE SAMPLING,
~ 14 (CHART)
Q IN ALMOST ALL CASES, THE LIQUID WICKED TO THE PAPER
BY THESE CARRIERS WAS IDENTIFIED AS FLAVOR.
pgNbr=4
Q~ 15 (EXISTING)
THE EXPANDED PRODUCTS, BY DESIGN, HAVE AN ENLARGED
CELL STRUCTURE. THIS CAUSES THESE COMPONENTS TO "FLOAT"
TTa
IN THE AFTER CUT FLAVOR CYLINDER, AND 99 BECOME OVER EXPOSED
~
~~ r,
TO THE AFTER CUT SPRAY,
~' 16 (EXISTING)
~ THE EXPANDED CELL STRUCTURE, STEM ON THE LEFT AND TOBACCO
ON THE RIGHT, ALSO ACTS AS A SPONGE WHERE AFTEPJUT FLAVORS
ARE CONCERNED, ~ RATHER THAN ABSORB AND RETAIN THESE
FLAVORS, THE RIGID CELL STRUCTUR~ OF BOTH TEN4 TO RELEASE
FLAVORING TO THEIR SURROUNDINGS.
~~ 17 (PIE)
SATURATED LEAF ACCOUNTED FOR 13 PERCENT OF THE ROD
SPOTS, (FIVE SECONDS)
18 (CHART)
AND IN 96 PERCENT OF THESE CASES, THE LIQUID WICKED
TO THE PAPER WAS FLAVOR RELATED.
pgNbr=5
19 ( EX I ST )
Q
PRIMARY MANAGEMENT IN ALL LOCATIONS IS AWARE AND ACTIVELY
WORKING ON SOLUTIONS TO THE PROBLEM OF SATURATED TOBACCO,
TO--I-~CL-Y~DE-~tfCtl - f'ROJEC~S--~S_; -f h ~~ ~ .~, Ce-~, " S ~&lt; &lt; ~-" a
20 (HOOD &amp; SPRAY RACK BUILDUP)
REDESIGN OF HOODS AND SPRAY RACKS TO REDUCE
BUILDUP
21 (SPRAY RACK)
- MATCH THE PROPER SPRAY HEAD TO THE APPLICATION,
AND
22 (FLIGHT ANGLES)
- PROPER FLIGHT ANGLES AND CONFIGURATION, THE FOLLOWING
~
CATAGORIES OF ROD SPOTTING CARRIERS ARE INHERENT TO THE
PROCESSING OF TOBACCO, THIS EFFECT ON SPOTTING CAN BE REDUCED
THROUGH BETTER HOUSEKEEPING,
23 (PIE)
L5
THE LARGEST CATEGORY OF IN-HOUSE CARRIERS l# GUM.
GUM IS DEFINED AS A COHESIVE BALL OF FLAVOR, OIL, TOBACCO,
OR SCRAPINGS. GUM, AS A CARRIER, ACCOUNTED FOR,8 PERCENT
OF SPOTS IN THE SAMPLES,
pgNbr=6
24 (CHART)
BOTH OIL AND FLAVOR WERE IDENTIFIED IN GUM-RELATED
SPOTS. BUT GUM CAN BE FORMED FROM SEVERAL THINGS.
~ 25 (EXISTING)
Q
GUM COULD BE DERIVED BAFROM GREASE OR OIL AS
~. ,
~
~
f
THE RESULT OF OVER-LUBRICATION OF EQUIPMENT, NOTE THE SIMILARITY
OF THIS SAMPLE OF GUM IN A CIGARETTE ROD ON THE LEFT T0,,
o; -V~
A SAMPLE OF PROCESS GREASE ON THE RIGHT HAND SIDE atA*UR
SCREEN,
~~ 26 (EXISTING)
OR THE GUM CARRIERO IN THE TOBACCO ROD ON THE LEFT,
COMPARED WITH THIS SAMPLE OF GUMp ON THE RIGHT ,,,
27 (CLOSE UP OF SELVAGE CURTAIN)
EXTRACTED FROM A PRIMARY SELVAGE CURTAIN, (3 SECOND PAUSE)

(P
28 A (EXISTING)
OR THIS GUM CARRIER~ IN THE TOBACCO ROD ON THE LEFT,
COMPARED WITH TRACES OF BELT SCRAPINGS4,,ON THE RIGHT ,,.
pgNbr=7
28 B (BUILD UP ON BELT)
REMOVED FROM A PRIMARY BELT SCRAPER CLEANING A BELT SUCH
AS THIS ONE, (3 SECOND PAUSE)
~~ 29 (PIE)
DUST OCCURRED IN THE SPOTTED SAMPLES 7 PERCENT AS A
CARRIER, THE PREDOMINANT LIQUID IN THE SPOT CAUSED BY DUST
WAS FLAVORo, IN 80 PERCENT OF THE SAMPLES,
~~ 30 (EXISTING)
ONE IDENTIFIED SOURCE OF DUST SPOTTING IS DUST FR M
i 1-l t`
THE SURFACE OF CIGARETTE MAKING AND PACKING MACHINES,Q ~S
DUST FRAGMENT,, ON THE LEFT, CONTAINED TINY PIECES OF FOIL,
ALSO SEEN IN THE SAMPL~,iF DUST REMOVED FROM A SMALL LEDGE
IN A CIGARETTE PACKER ,. THE ASSUMPTION HERE IS THAT THIS
SURFACE DUST WAS INTRODUCED BACK INTO THE PRODUCT BY PLACING
SELECTED MACHINE AND FLOOR*SWEEPINGS INTO THE MAKER HOPPER,
~~ 31 (EXISTING)
~
OTHER DUST-CREATED SPOTS CONTAINED A HIGH LEVEL OF
FIBERS,~MAN-MADE AND NATURAL, WHICH GAVE THE DUST A COHESIVENESS
AND ATTRACTED MOISTURE, THIS DUST IN THE TOBACCO ROD,,lON
Ci Sh~wf-% i ,~, q ~+~
THE LEFTjWHEN EXTRACTED,~CENTER, HAD A HIGH FIBER COUNT,
THESE FIBERS HAD THE PHYSICAL APPEARANCE OF THE,FIBERS ON
THE RIGHT)WHICH WERE EXTRACTED FROM A TURKISH TOBACCO FEEDER,
pgNbr=8
Q~ 32 (DUST ON A TURKISH LEDGE)
TURKISH TOBACCO HAS THE HIGHEST NON-TOBACCO FIBER COUNT
OF ANY TOBACCO LEAF, (2 SECOND PAUSE)
~J 33 (WAXY)
THE MOST SEVERE MISCELLANEOUS CAUSE OF CIGARETTE SPOTTING1~,
IS THE PRESENCE OF CONTAMINANTS OR FOREIGN MATTER IN THE
FILLER, SUCH AS THIS WAXY SUBSTANCE,
34 (STRING)
ALL OF US,. RESPONSIBLE FOR THE PROCESSING OF OUR PRODUCTSr
ARE ALSO RESPONSIBLE FOR THE DETECTION AND REMOVAL OF FOREIGN
MATTER, IN ADDITION TO ENHANCING THE OVERALL QUALITY OF
OUR PRODUCT, CONTA#MINANT REMOVAL CAN REDUCE SPOTTING,
35 (EXISTING)
ri'1U cA
4-L-0Z HAS BEEN DONE BY THE SPOT COMMITTEE TO IDENTIFY
CAUSES OF ROD SPOTTING AND' ~ ~REDUCE SPOTTING BY ADDRESSING
~ 11
THESE CAUSES, THERE'S MORE TO BE DONE ~ YOUR CONSCIENTIOUS
EFFORTS TO MAINTAIN QUALITY PRODUCTS THROUGH CLOSE ATTENTION
TO YOUR ASSIGNED TASKS)REMOVAL OF FOREIGN MATTERf AND RELENTLESS
GOOD HOUSEKEEPING WILL PAY DIVIDENDS,
KEEP PHILIP MORRIS #1,
36 (END)
pgNbr=9
</ot>
</LTDLWOCR>
