<?xml version="1.0" encoding="ISO-8859-1"?>
<LTDLWOCR>
<!-- forcebtag -->
<tid>aaz82a00</tid>
<bt>524154283</bt>
<rc>BEST JW; CUNDARI PJ; WILMESHER DL; TUCKER WF; ODOM JT; QUALKINBUSH SR; BOEHM JD; OCONNOR LM</rc>
<au>FARMER JS III</au>
<bx>NA</bx>
<pc>MAGUIRE JV; BEASLEY LJ; SHOUSE DW; WILLIAMS DR; SCOTT GJ; LOWE JE; ZIESEMER PL</pc>
<dd>19991102</dd>
<dt>LETTER</dt>
<!-- Note:co:N-->
<!-- Note:dl:20030617-->
<pg>1</pg>
<!-- Note:rn t="m":US COMPREHENSIVE REQUEST 276; US COMPREHENSIVE REQUEST 278-->
<!-- Note:s:SALES; NORTHEAST SALES; FITZIN TJ; AREA MGR-->
<ti>FORSYTH PL AND EDLP PRICING AND PROCEDURES EFFECTIVE 1/1/00 (20000101).</ti>
<dl>20030915</dl>
<ot>November 2, 1999
TO: J. W. Best J. T. Odom
P.. J. Cundari S. R. Qualkinbush
D. L. Wilmesher J. D. Boehm
W. F. Tucker L. M. O'Connor
FROM: J. S. Farmer III
RE: Forsyth PL and EDLP Pricing and Procedures Effective 1/1/00
Attached is the draft of an FSC I plan to send to Field Sales personnel by mid-November
1999. It contains an explanation of our program changes, new pricing attachments and a
letter that will be sent to our Plan A customers. Although we have already discussed
these changes, I want you to have a copy prior to the Field receiving it in case there are
any questions.
JSF:srh
Attachment
cc: J. V. Maguire
L. J. Beasley
D. W. Shouse
D. R. Williams
G. J. Scott
J. E. Lowe
P. L. Ziesemer

pgNbr=1
</ot>
</LTDLWOCR>
