<?xml version="1.0" encoding="ISO-8859-1"?>
<LTDLWOCR>
<!-- forcebtag -->
<tid>aaf79c00</tid>
<bt>50201453/1454</bt>
<ti>HEALTH EFFECTS OF EXPOSURE TO HIGH CONCENTRATIONS OF AUTOMOTIVE EMISSIONS  ARCHIVES OF ENVIRONMENTAL HEALTH VOL.27</ti>
<dd>19730900</dd>
<dt>SCIENTIFIC ARTICLE</dt>
<au>ST VINCENT HOSPITAL MA; NY UNIV SCHOOL OF MEDICINE; AYRES SM; CRISCITIELLO A; EVANS R; FERRAND EF; GRIESBACH J; LICHT D; REIMOLD F</au>
<!-- Note:dl:20010130-->
<pg>2</pg>
<dl>20021115</dl>
<ot>Reprinted from the Archives of Environmental Health
September 1973, Volume 27
Copyright 1973, AAmerican Medical Association
Health Effects of
Exposure to High Concentrations
of Automotive Emissions
Studies in Bridge and Tunnel Workers in New York City
Stephen M. Ayres, MD; RobertTomns; Dauid Licht; Jrmae Griesbach;
Felicity Reimold; Edward N. Ferrand, PhD; Antoinette Cri.scitiello, RN, MA, New York
On-site and remote health evaluations
were performed on 550 employees of the
Triborough Bridge and Tunnel Authority in
New York City. Extremely high ambient air
pollution was observed. Carbon monoxide
averaged 63 ppm over a 30-day period with
a maximum hourly concentration of 217
ppm in one facility. Eighty-five percent of
the smoking and 47 % of the nonsmoking
tunnel workers had carboxyhemoglobin
saturations in excess of 3%. A high per-
centage of the group had symptoms
suggestive of chronic bronchitis; airway
resistance was elevated in one third and
almost all bridge and tunnel workers had
an increase in closing volume, suggesting
small airway disease.
A utomotive pollution produced by
uncontrolled emissions from
multiple mobile sources has rapidly
become the major air pollution prob-
lem in most urban areas. Carbon
monoxide, nitrogen oxides, hydrocar-
bons, and oxidants are generated in
large volume by the internal combus-
tion engine and are all potentially
hazardous to human health. The lack
Submitted for publication June 29, 1973; ac-
cepted July 2.
Fmm the departments of medicine, St. Vin-
cent's Hospital and New York University School
of Medicine, New York.
Read befm'e the Air Pollution Medical RC
search Conference of the American Medical As-
sociation, Chicago, Oct 3, 1972.
Reprint requests to Department of Medicine,
St. Vincent's Hospital and Medical Center, 25
W inthrop St, W oreester, MA 01610 (Dr. Ayres).
of systematic epidemiological obser-
vations and the ethical difficulty asso-
ciated with large scale experimental
exposure have prevented identifica-
tion of precise dose-response relation-
ships. A group of recent studies has
suggested that carboxyhemoglobin
concentrations in excess of 5% may
induce myocardial ischemia in sub-
jects with coronary artery disease'-3
and long-term breathing of nitrogen
dioxide concentrations averaging 2.9
ppm has been shown to produce sig-
nificant pulmonary abnormalities in
laboratory animals." The aggregate
effect of automotive pollution on
human health was clearly demon-
strated by Aronow et als who exposed
ten patients with angina pectoris to
90 minutes of Los Angeles freeway
traffic. Carboxyhemoglobin satura-
tion rose from 1.12% to 5.08%, four o1'
the subjects developed electrocar-
diographic abnormalities, and the
average time to develop angina with
treadmill exercise fell from 249.4 to
174.3 seconds. The amount of exercise
required to produce angina was sig-
nificantly lower than control two
hours later, when carboxyhemoglobin
concentration had fallen to 2.91%
saturation.
Bridge and tunnel workers, police-
men, taxi drivers, and others com-
prise an unwitting but useful test
population. Exposed daily to high
concentrations of automotive pollu-
tants, they might be considered an
exaggerated model of the environ-
mental stresses experienced by many
other city dwellers. Differences be-
tween industrial and community air
pollution exposures blend as the
commuter travels each day through
congested tunnels and highways.
While an eight-hour tour of duty is
considered an occupational exposure
to the tunnel workers, a two-hour dai-
ly traffic period for the New Yorkers
is generally considered a problem of
community air pollution. Obviously,
rigid distinctions between occupa-
tional and community exposures are
arbitrary, and it is likely that envi-
ronmental and occupational air
quality standards will ultimately be
similar.
The interest of the Bridge and
Tunnel Officers Union and the Tri-
borough Bridge and Tunnel Authori-
ty in the problem of automotive pollu-
tion has provided a unique opportu-
nity to study the effects of automotive
pollutantson human health. A three-
year study of all nonadministrative
employees of the Authority was initi-
ated in 1970; this article details infor-
mation collected during the first two
years of observation. An extensive
program of toll booth air purification
was completed during the early
months of the second year of study,
168 Arch Environ Health/Vol 27, Sept 1973
Automotive Emissions/Ayres et al
50201453

pgNbr=1
and subsequent studies should permit
examination of the eflect of sudden
decreases in automotive pollution on
human health.
Methods
Design of the Study.-Two types of
health effects were evaluated: acu4p re-
sponses to high concentrations of au ~ o-
tive pollutants and chronic changes n
pulmonary and cardiac function. Acu
responses were evaluated by on-site mea ~
surements of pulmonary function, carbox-
yhemoglobin concentrations, and (in some
instances) methemoglobin and eryt.hro-
cyle concentration of 2,3-diphosphoglyc-
erate during, or immediately following, a
tour of duty in either bridge or tunnel.
Chronic changes were evaluated by means
of complete physical examination and lab-
oratory analysis, including serum lead
and detailed pulmonary function evalua-
tions, chest roentgenogram, and exercise
electrocardiogram, all obtained on a day
off from work in a laboratory setting re-
mote front the bridge or tunnel.
All measurements reported in this arti-
cle were made during the first year of
study, except for detailed pulmonary func-
tion evaluation and measurement of ery-
throcyte 2,3-diphosphoglycerate and met-
hemoglobin. These evaluations were
made during the second year, a difference
which may be important because toll
booths were equipped with individual air
filtration devices during the second year.
Description of 1'opulation.-All non-
administrative employees of the Tribor-
ough Bridge and Tunnel Authority, an
organization responsible for the operation
of two tunnels and seven bridges within
New York City, were invited to participate
in the study. Five hundred and fifty em-
ployees (70% of the total number of em-
ployces) were studied. Eighty percent of
the Bridge and Tunnel Officers Unioi
were studied, and this report is limited
these 440 men. This group is respm
for toll collection and traffic control ~ d is
believed to have a higher exposur o auto-
motive pollution than the oth groups of
employees studied. The tun30b employees
work both in the tunnels`and toll plaza
area. The bridge employees spend their
working hours in the toll plaza area.
Typical tunnel booths during the first
year of this study had little forced ventila-
tion. They are constructed somewhat be-
low grade while large structures located
around them provide little chance for ade-
quate ventilalion. Each booth is 0.9 me-
lers wide and 1.8 meters long, with sliding
doors on both sides. Tolls are collected
through a half dom-provided with a plexi-
Arch Environ Health/Vol 27, Sept 1973
glass shield that is seldom used. The toll
booths at the bridges have etter ventila-
tion since the plazas are us ally elevated
and have no large structures adjacent to
them.
Each toll booth was equipped'with air
filtration equipment early in tho second
year of study. Air was introduced into the
booth from a remote source at a rate of
33.6 cu m/min following passage through
high efficiency particulate filters. For this
reason, studies obtained during the second
year of study reflect exposure to signifi-
cantly lower levels of pollution than in the
initial year.
Methods of Study.-The on-site
dies were conducted in an air condi-
ti ed van equipped with an intervie
are and pulmonary function equipme
Pul nary function studies were
forme ith a waterless spirometer an an
electro . XYY' recorder. All tests ere
perfm�me by a aingle trained tech rcian_
Standard entilatory tests inc ded a
forced vital pacity (FVC), fore expira-
tory volume one second (F ' ,), maxi-
mum expirato flow rate ( FR), and
maximum mi 'piratory flow rate
(MMFR). A force expira ry maneuver
was performed at le l fiv , times, and fre-
quently more tries w ceded for maxi-
mal effort. If necessar , he subjects were
permitted to rest be ee rials. Half the
trials were recorde s flow- ]nme curves
and half as volur -time cur s. A maxi-
mal effort was r uired for eac test pro-
cedure and t best effort was lected.
Lungvolum were corrected to bod em-
pcrature, ~ssura, saturated with w
(BTPS). aximum expiratory flow ra
was re as the peak flow on the flow-vol-
ume rve. Weight and standing height
wer measured. The Medical Research
C ncil (MRC) short questionnaire was
ed to record respiratory symptoms. A
smoking and work history was also tak-
en. During the eourse of the study, two
trained technicians administered the
questionnaire. This questionnaire was
employed so that results could be com-
pared with those of other surveys using
similar procedures. For this reason, the
technicians were trained to conform to the
British recommendations for proper ad-
ministration of' the questionnaire. '1'he
project administrator trained the techni-
cians and periodically checked for accura-
cy and reliability of their technique.
At each of the nine facilities, the mobile
van was parked for a prescribed period of'
time over a nine-month period. The work-
ers reported to the van either before or af-
ter work or during a work break. The van
was at each facility long enough to afford
all men the opportunity to be tested. Parti-
cipation was on a voluntary basis, but full
support was given by both Local 1396 of
the AFL-CIO and the management of the
Triborough Bridge and Tunnel Authority.
The concentration of alveolar carbon
monoxide was determined in each man by
analysis of the terminal 200 nil of expired
air after a 15-second period of breath-
holding. The sample was analyzed with a
gas chromatograph equipped with a 2.4-
meter molecular sieve column and a he-
lium ionization detector system. Data
have been converted to percent of carboxy-
hemoglobin saturation by means of a
standard regression equation "
During the second year of the study,
blood was analyzed by standard methods'�"
for erythrocyte 2,3-diphosphoglycerate
concentration and methemoglobin.
Chronic health effects were evaluated
by routine techniques. A complete history
and physical examination was obtained.
Evidence of' absence from work hecause of
respiratory illness was determined from
examination of official company records.
Complete blood cell count, fasting blood
glucose, cholesterol, triglycerides, and
plasma protein levels were measured by
standard techniques. Serum lead was
measured by a fluorometric technique. In
addition, a chcsl radiograph, resting ECG
and Masters two-step ECG were obtained
for all subjects.
During the second year of the study, a
detailed pulmonary function evaluation
was obtained in 179 of the subjects. Flow-
volume curves were measured with a wa-
terless spirometer and an oscilloscopic XY
recorder. Airway resistance was measured
in a body plethysmograph after the
methods of DuBois ot al." Closing volumes
e measured by means of a mass spec-
eter with argon as a tracer gas.10
A ometric Studies. -Air was contin-
uously 3mpled for 38 days at two toll pla-
zas in t.h Triborough Bridge and Tunnel
Authority ~stem. One sampling station
was at the Tr orough Bridge, the other at
the Queens Mfi own Tunnel. During an
eight-day period, ir was also continuous-
ly sampled from n observation booth
within the Queens Midtown Tunnel.
The analyses performed included: (1)
carbon monoxide (nondispersive inerared
analyzer), (2) total hydrocarbons (flame
ionization detector), (3) total oxidants
(microcoulombic sensor), (4) total nitrogen
oxides and nitrogen dioxide (sequential
sampler using Saltzman methods), (5) to-
tal :ddehydes (sequential sampler using
MR'fH method), (6) acrolein (sequential
sampler using 4-hexylresorcinal method),
(7) lead (tape sampler and atomic absorp-
tion), (8) respirable and nonrespirable par-
ticulates and lead (two-stage Andersen
Automotive Emissions/Ayres et al 169
50201454

pgNbr=2
</ot>
</LTDLWOCR>
