<?xml version="1.0" encoding="ISO-8859-1"?>
<LTDLWOCR>
<tid>aaj73c00</tid>
<bt>2065540248/0250</bt>
<dd>19991000/E</dd>
<dt>REPT, REPORT, OTHER</dt>
<np>BROIN</np>
<no>CTR, COUNCIL FOR TOBACCO RESEARCH; MN; TI, TOBACCO INST; US CONGRESSIONAL RESEARCH SERVICE</no>
<!-- Note:co:ATTY, ATTORNEY WORK PRODUCT; CONF, CONFIDENTIAL; DRFT, DRAFT-->
<!-- Note:si:N868-->
<!-- Note:s:BERLIND,MARK/COMPUTER FILES-->
<pg>3</pg>
<!-- Note:lu:FEDA/PRODUCED-->
<!-- Note:dl:20021112-->
<dl>20030115</dl>
<ot>because of the demands of the plaintiffs in the U.S. litigation, CTR will no
longer be permitted to contribute to the body of scientific literature.
7. In the Minnesota agreement you did not agree, as you did in the Proposed Resolution,
to disband TI. What are you saving that one for? What distinguishes TI from other
industry trade groups and indicates that they should be retained even after TI is
abolished?
The tobacco industry, like all others, has the right to form trade
organizations to help the member companies pursue legitimate common
interests. Philip Morris does not believe that the criticisms that the U.S.
Tobacco Institute has been subject to necessarily have any bearing on
industry trade associations in other countries.

pgNbr=1
portion of the Minnesota settlement.] In the settlement, PM USA acceded to
the wishes of the State and the public health community that it restrict its
ability to advertise and communicate with adult smokers - and in doing so
waive its rights under the First Amendment to the U.S. Constitution - in
exchange for the certainty and predictability provided the industry by
agreeing to the settlement.
4. The agreement prohibits future branded items with tobacco brand logos in Minnesota.
What implications does this promise have for branded items produced for PM in other
countries? If you plan to continue this practice elsewhere, what will the effect be on kids
in these markets?
The settlement does not by its terms prohibit PMI from offering branded
items, either as stand-alone consumer products or as premiums in exchange
for cigarette proofs of purchase. As noted above, PM USA agreed to
discontinue offering these items to adults in Minnesota in exchange for what
it perceives to be the benefits associated with the settlement. PMI's brand
names and logos do not appear on items, such as toys and dolls, which are
specifically marketed to minors. Moreover, its brand names and logos do not
at its direction appear on miniature replicas of racing vehicles offered to the
public or video games which are likely to be played by minors. When third
parties use PMI's brand names or logos on products which are directed
towards minors - for instance, school notebooks, kites, chocolate cigarettes
and the like - it is the company's policy to request discontinuance, and to
take legal action if the request is refused.
5. You agreed not to oppose the passage of legislative proposals or rules intended to
reduce tobacco use by children. Why did you do this in light of your past position that
these sorts of proposals do not impact youth smoking?
Philip Morris has consistently advocated the passage of laws and voluntary
codes intended to restrict youth access to cigarettes. Although PM USA does
not necessarily agree with every item on the list of proposals that it will not
oppose in Minnesota, in general they are directed towards the overall goal of
youth access prevention. To the extent that PM USA disagrees with some of
the listed items, as noted above with respect to marketing practices, the
company has concluded that it would accede to the wishes of the State and
the public health community, and waive some of its Constitutional rights, in
order to secure the benefits conferred by the settlement.
6. The dissolution of CTR suggests that all other industry-funded research arms should
also be disbanded. What actions do you intend to take in this regard?
The settlement does not require the dissolution of any other scientific
organization receiving funds from the tobacco industry. We regret that,

pgNbr=2
Draft - Privileged and Confidential
1. You agreed to the establishment of an industry-funded foundation dedicated
to activities that "will diminish the human and economic consequences of
tobacco use"; a separate fund is to be established for cessation. Likewise,
foundations relating to smoking and health are established in other U.S.
settlements, including Broin. Why shouldn't the industry establish similar
foundations in other countries?
All monetary payments agreed to in the settlement of tobacco litigation in the
U.S. have been a direct result of the peculiarities of the American system,
which reflect, among other things, the combination of an aggressively
adversarial tort law regime which permits the award of staggeringly high
windfall damage amounts against defendants, on the one hand, and a
political bias against taxation, on the other hand, that has traditionally
resulted in lower relative cigarette taxes in the U.S. than in other developed
countries. As these factors are not present in [name of country], it is not
surprising that the local tobacco companies have not entertained the idea of
entering into similar settlements of any existing litigation there.
2. The settlement contains huge annual payments in perpetuity, amounting to billions of
dollars, at least some of which will be used to defray the social costs of smoking. Even if
the litigation rules in other countries could not compel this result, as a matter of corporate
citizenship shouldn't the industry be making health care payments in every country in
which it does business?
We disagree with the premise that smokers impose disproportionate "social
costs" on society, especially when the massive revenues provided to
governments around the world through cigarette excise and other taxes are
considered. Our view is supported by, among others, the U.S. Congressional
Research Service, which in a recent report concluded that, even in the U.S.
(where cigarette taxes have traditionally been relatively low), "all in all,
smoking has apparently brought financial gain to both the federal and state
governments."
3. How in good conscience can you agree not to target children in these settlements and
not voluntarily make this commitment around the world? Are children in Minnesota N
more precious than those elsewhere? ~m
N
Philip Morris does not "target children" in its advertising or promotional N
activities. [Indeed, we are advised by PM USA that it has not had to cancel ~
any advertising or promotional programs in order to comply with this

pgNbr=3
</ot>
</LTDLWOCR>
