<?xml version="1.0" encoding="ISO-8859-1"?>
<LTDLWOCR>
<tid>aax29c00</tid>
<bt>2505406465</bt>
<dd>19980901</dd>
<dt>FORM, FORM</dt>
<dt>LETT, LETTER</dt>
<au>REININGHAUS,W</au>
<rc>CARCHMAN,RA</rc>
<ca>INBIFO, INSTITUT FUR BIOLOGISCHE FORSCHUNG</ca>
<cr>PHILIP MORRIS</cr>
<!-- Note:co:ATCH, ATTACHMENTS MISSING-->
<fn>2505406000/2505406490/- AUSGANG YAB 980824 BIS 981116</fn>
<!-- Note:si:I62-->
<!-- Note:s:INBIFO ARCHIVE/ANNEX-->
<ti>TELEFAX MESSAGE NO.: 2876</ti>
<pg>1</pg>
<!-- Note:lu:FEDA/PRODUCED-->
<!-- Note:dl:20020911-->
<dl>20021209</dl>
<ot>INBIFO Institut fur biologische Forschung GmbH
ni3iru
Contract Research
TELEFAX MESSAGE NO.: 2c~ f _$elefax-
Telephone (0 22 03) 303-1
T e(ax (0 22 03 303-382
INBIFO Institut fOr biologische Forschung GmbH � Fuggerslr. 3� D-51149 Cologne
WRE/MWO
Al ~ WO\LETIRCA INF.FAX
DATE: September 1, 1998
FROM: Dr. Wolf Reininghaus
TO: Dr. R. A. Carchman
Vice President, Scientific Affairs
ADDRESS: Philip Morris
Research Center
P.O. Box 26583
Richmond, Va. 23261
USA
Telefax no.;001-804-274 2891
NUMBER OF FOLLOWING PAGES:
17
Dear Richard:
Please find attached an updated version including all references.
The electronic versions has been sent to your PROFS.
Best regards,
0
)b:
4,z oU7
Trade Register. Cologne HRB 367
General Manager: Dr. Wolf Relninghaus
121/94

pgNbr=1
</ot>
</LTDLWOCR>
