<?xml version="1.0" encoding="ISO-8859-1"?>
<LTDLWOCR>
<!-- forcebtag -->
<tid>aav19d00</tid>
<bt>502198458</bt>
<bx>RJRC1539</bx>
<pc>SWICEGOOD</pc>
<dd>00000000</dd>
<dt>HANDWRITTEN;NOTES</dt>
<!-- Note:co:Y-->
<!-- Note:dl:19980227-->
<pg>1</pg>
<!-- Note:rn t="m":MINNESOTA 1RFP79;CASTANO 1RFP8;1RFP80-->
<!-- Note:sh:19960430-->
<!-- Note:s:R&amp;D;APPLIED R&amp;D-FLAVOR;SWICEGOOD KW;SR STAFF FLAVORIST-->
<ti>WICK CIGARETTES.</ti>
<!-- Note:tp:NICOTINE CONTROL; ETS IN-HOUSE RESEARCH; SMOKING BY-PRODUCTS-->
<dl>20020201</dl>
<ot>s
~
-D
&amp;G:ill- 4- -~eht y-cl I
7-16a-ev or- r~/er bur.d46/e NicoTi.+re a.c,
Tr~ ~esL .- wc.~I j~ x rNa 6lt in ~z.7r rret / t'~ailo r 7'IYeL7~r~ r ct; ~/~
j- c~C /: dc rs ~~-Av.c/
a - fr.,;
S: c4c" ST~uz m S/k 40 /~ -
3 -lacJ ma i N,$-1lruwc d/1 ~p- -
jy- GieA"r'ei-S
Ine.-7`/~rl o r- 0 IL.r 'le rs
7' Fi`I'`L P11t+ c, f C. St 4(IG'l ,[' - CS /T F,E
i - A&amp;r'..'s
dc li yF
w .'h 77a.tJd~
.
�

pgNbr=1
</ot>
</LTDLWOCR>
