<?xml version="1.0" encoding="ISO-8859-1"?>
<LTDLWOCR>
<!-- forcebtag -->
<tid>aap61d00</tid>
<bt>504988195/8196</bt>
<rc>MEMBERS OF EXECUTIVE COMM</rc>
<au>TI; CHILCOTE SD JR</au>
<bx>RJR4558</bx>
<pc>RJR INTL; MARCOTULLIO R; TI SENIOR STAFF; I JC</pc>
<!-- Note:rn t="p":1RFP005; 1RFP037-->
<dd>19860411</dd>
<dt>LETTER</dt>
<!-- Note:co:Y-->
<np>TI; NATL ACADEMY OF SCIENCES; FAA; CONGRESS; TRANSPORT MINISTRY; AIR CANADA; CIVIL AERONAUTICS BOARD</np>
<!-- Note:dl:20000906-->
<pg>2</pg>
<!-- Note:rn t="m":LANE RFP14 20000511-->
<!-- Note:sc:BROIN2-->
<!-- Note:sh:20000831-->
<!-- Note:s:PA; ; BERGSON PC; VP PA-->
<ti>SMOKING ON COMMERCIAL AIRCRAFT.</ti>
<!-- Note:tp:CTR/TIRC/TI-->
<dl>20021018</dl>
<ot>Members of the Executive Committee
April 11, 1986
Page 2
In our opinion the undertaking of smokeless
flights by a major North Am erican carrier is both gratuitous
and occurs at a particularly sensitive time. We hope that
companies with Canadian affiliations wi11 take every
possible step to persuade Air Canada to return to a policy
of smoking and nonsmoking accommodation based on the
overwhelming public approval which we were able to
demonstrate to the Civil Aeronautics Board.
cc: TI Senior Staff
C

pgNbr=1
~ ( Cit~i / /.pQCalzrlGiA
.. `
'4 ie-rz
THE TOBACCO INSTITUTE ~ f
16751 STREET. NORTHWEST SAMUEL D. CHILCOTE, JR. WASHINGTON, DC 20006 Presldenl
202/457�4800 . 800/424-9876 �
April 11, 1986
MEMORANDUM
TO: MEMBERS OF THE EXECUTIVE COMMITTEE
FROM: SAMUEL D. CHILCOTE, JR. ~c~,~
RE: SMOKING ON COMMERCIAL AIRCRAFT
Although The Institute prevailed in rejection of
new commercial aircraft smoking regulation by our government
two years ago, two new developments warrant your attention:
1. The National Academy of Sciences is completing
its investigation of commercial aircraft cabin air quality,
for the Federal Aviation Administration, as mandated by
Congress. We understand that the draft report by the NAS
committee members recommends prohibition of smoking aboard
commercial aircraft, and is in circulation for peer review.
The Institute is attempting to provide additional
information to the committee to help turn aside such an
unwarranted recommendation, and we are encouraging carriers
to do the same.
2. On April 27, government-owned Air Canada will
begin a 90-day experiment with nonsmoking on flights between
Montreal, Ottawa and Toronto. Industry sources describe
this as a marketing tool, in part as a result of a survey
conducted by Air Canada reportedly showing an 80 percent
preference for such flights.
Meanwhile, Financial Times reported that tne
Transport Ministry has commission~e3-a study of smoking t'
effects on passenger and crew health, recirculated air and
upholstery odors, and expects to complete a policy paper by
the end of this month.
We are advised that Canadian tobacco products
manufacturers have protested the experiment and are
instructing employees to seek alternative transportation
wh erever possible.

pgNbr=2
</ot>
</LTDLWOCR>
