<?xml version="1.0" encoding="ISO-8859-1"?>
<LTDLWOCR>
<tid>aap22d00</tid>
<bt>2062199165</bt>
<dd>19970200/E</dd>
<dt>PRES, PRESS RELEASE</dt>
<np>COLBY,D</np>
<no>RICHMOND TIMES DISPATCH</no>
<fn>2062199000/2062199427/PHILIP MORRIS PRESS RELEASES;</fn>
<!-- Note:si:N332-->
<!-- Note:s:HAN,VICTOR/SEC'Y FILES-->
<ti>PHILIP MORRIS COMPANIES INC. RESPONSE TO RICHMOND TIMES DISPATCH INQUIRY ON LOBBYING DOCUMENTS</ti>
<pg>1</pg>
<!-- Note:lu:ACTR/PRODUCED-->
<!-- Note:dl:20000327-->
<dl>20020709</dl>
<ot>Contact: Dolly Colby
212-878-2144
Philip Morris Companies Inc. Response to
Richmond Times Dispatch Inquiry On Lobbying Documents
Philip Morris Companies Inc., like other American companies, participates in the
many facets of our country's political process to ensure that the interests of its
employees, shareholders and others associated with our tobacco, food and
beer businesses are fairly represented before legislative and policy making
bodies. We, like most other companies, do not comment on specific activities
that enable us to represent these views in a manner that is appropriate and
available to all American businesses.

pgNbr=1
</ot>
</LTDLWOCR>
