<?xml version="1.0" encoding="ISO-8859-1"?>
<LTDLWOCR>
<tid>aal28d00</tid>
<bt>2061141776</bt>
<!-- Note:br t="o":MAR04505-C3-->
<dd>19970000/E</dd>
<dt>ADVE, ADVERTISEMENT</dt>
<dt>PACK, CIGARETTE PACKAGES, CARTONS</dt>
<np>SURGEON GENERAL</np>
<ca>PM INC</ca>
<!-- Note:si:Z1-->
<!-- Note:s:ADVERTISING ARCHIVE-->
<ti>MARLBORO CONTAINS 10 PACKS</ti>
<pg>1</pg>
<!-- Note:lu:DANI/PRODUCED-->
<!-- Note:dl:20010529-->
<!-- Note:b:MARLBORO; MARLBORO KINGS FILTER BOX-->
<dl>20020709</dl>
<ot>2061141776

pgNbr=1
</ot>
</LTDLWOCR>
