<?xml version="1.0" encoding="ISO-8859-1"?>
<LTDLWOCR>
<tid>aaj70e00</tid>
<bt>92752514/2516</bt>
<dd>19941214</dd>
<dt>LETT, LETTER</dt>
<au>MEEHAN,M</au>
<rc>RENO,J</rc>
<np>CAMPBELL,WI; CHILCOTE,S; DAWSON,B; GLENN,JF; HOEL,D; HORRIGAN,EAJR; JOHNSTON,DS; JOHNSTON,JW; MERRYMAN,W; RIEHL,TF; ROBERTSON,G; SANDEFUR,TE JR; SCHINDLER,AJ; SPEARS,AW; TADDEO,J; TISCH,A; WHITLEY,CO</np>
<cr>DEPT OF JUSTICE</cr>
<no>AMER, AMERICAN TOBACCO; BAT, BRITISH AMERICAN TOBACCO; BATUS;  BROOKE GROUP; BW, BROWN &amp; WILLIAMSON; CENTER FOR INDOOR AIR RESEARCH; COMM ON ENERGY + COMMERCE; CONGRESS; CONTRAF GROUP;  CTR, COUNCIL FOR TOBACCO RESEARCH; HEALTHY BUILDINGS INTL;  HILL KNOWLTON; HOUSE; KIMBERLY CLARK; LIG, LIGGETT; LM, LIGGETT &amp; MYERS; LOEWS; LTR INDUSTRIES; PM, PHILIP MORRIS; RJR, R.J.REYNOLDS; SHB, SHOOK,HARDY &amp; BACON; SMOKELESS TOBACCO COUNCIL; SUBCOMM ON HEALTH + THE ENVIRONMENT; TI, TOBACCO INST;  US TOBACCO</no>
<!-- Note:co:CONF, CONFIDENTIAL;  DRFT, DRAFT-->
<fn>92752495/92752629/MEEHAN</fn>
<!-- Note:si:N105-->
<!-- Note:s:EXECUTIVE FILE ROOM-->
<pg>3</pg>
<!-- Note:rn t="m":R1-003-->
<!-- Note:lu:STMN/PRODUCED-->
<!-- Note:dl:19980605-->
<dl>20020201</dl>
<ot>CONFiDENTIAL
December 14, 1994
The Honorable Janet Reno
Attorney General of the United States
Department of Justice
Room 4400
Tenth Street and Constitution Avenue, N.W.
Washington, D.C. 20530
*CONFIDENTIAL DRAFT*
Dear Madame Attorney General:
I am writing to request that the Department of Justice
initiate a formal criminal investigation into the conduct of the
following corporations and individuals:
American Brands, Inc./American Tobacco Company
Donald S. Johnston, President and CEO, American Tobacco
Company
Brown &amp; Williamson Tobacco Coiporation ("B&amp;W")
Thomas E. Sandefur, Jr., Chairman and CEO
T.F. Riehl, Vice President for Research and Development
Batus Corporation/British-American Tobacco Co. Ltd./B.A.T.
Industries P.L.C.
Brooke Group Ltd./Liggett Group, Inc./Liggett and Myers,
Inc.
Edward A. Horrigan, Jr., Chairman and CEO, Liggett Group
Inc.	
Center for Indoor Air Research
Council for Tobacco Research - U.S.A., Inc.	
James F. Glenn, M.D., Chairman, President and CEO
Healthy Buildings International	
Gray Robertson, President
Hill &amp; Knowlton, Inc.	
Kimberly-Clark Corporation and LTR industries
Loews Corporation/Lorillard Tobacco Company
Andrew H. Tisch, Chairman and CEO, Lorillard Tobacco Company
Dr. Alexander Spears, Vice-Chairman and Chief Operating
Officer, Lorillard Tobacco Company


Philip Morris Companies, Inc./Philip Morris	




o
M1J

`r1
Incorporated/Philip Morris USA	~
William I. Campbell, President and CEO, Philip Morris U.S.A.	~
	~
	.~
RJR Nabisco, Inc./R.J. Reynolds Tobacco Co.	
pgNbr=1
James W. Johnston, Chairman and CEO
Andrew J. Schindler, President and Chief Operating Officer
U.S.A., R.J. Reynolds Tobacco Company
Shook, Hardy &amp; Bacon
Donald Hoel, Partner
Smokeless Tobacco Council
The Tobacco Companies of the Contraf Group
Tobacco Institute, ?nc.
Samuel Chilcote, President
Walker Merryman, Vice President
Brennan Dawson, Vice President
Charles O. Whitley, Senior Consultant
U.S.T. Inc./United States Tobacco Company
Joseph Taddeo, President, U.S. Tobacco Company
At the Agency's discretion, such investigation may also
include other tobacco companies, their agents, their suppliers
and/or other persons or entities affiliated or doing business
with tobacco industry.
In light of the numerous and complex facts that are
involved, and the great obstacles encountered by Federal
government officials and agencies when they have attempted over
many years to obtain complet ~ and truthful inforanation from
tobacco companies and their representatives, I recommend that the
Department of Justice conver.e.a grand jury to investigate these
matters.
Following groundbreaking hearings before the Subcommittee on
Health and the Environment of the House Committee on Energy and
Commerce and related investigative reports in the media earlier
this year, on May 26, 1994, I and other Members of Congress asked
your agency to examine the newly available evidence to determine
whether individuals or corporations within or doing business with
or for the tobacco industry may have engaged in criminal conduct.
My colleagues and I identified several areas of inquiry, and I
understand that your agency's Criminal Division subsequently
carried out a preliminary examination of these matters.
Since then, more hearings have been held and investigative
reports published. The additional evidence uncovered through
these activities strongly suggests that tobacco company witnesses
committed perjury while giving sworn testimony before Congress on
April 14, 1994. The evidence further indicates that other
Federal crimes may also have been committed by the individuals
and corporations named above.
As a former prosecutor and as a Member of Congress who is

pgNbr=2
concerned both about the toll wrought on my constituents and our
society by tobacco and about the conduct of sworn witnesses in
hearings before the United States Congress, I looked fu--ther into
these issues and assembled the attached Prosecution Memorandum in
order to assist your office in more fully investigating these
matters.
The attached document is not exhaustive but, rather, is
intended to highlight certain key areas for further investigation
by the Department of Justice. It identifies numerous instances
of alleged criminal conduct. It also identifies some, though not
necessarily all, of the Federal criminal laws which may have been
violated, and recommends options for further investigation by
your agency.
The enormity of the harm perpetrated by tobacco companies
and their agents on American consumers is difficult to
comprehend. It is apparent, however, that the crimes alleged
here, committed over decader:, have contributed profoundly to the
serious illness and early death experienced by tens of millions
of Americans, as well as to trillions of dollars in health care
costs and lost productivity borne by the economy of this nation
and the individual States.
Cigarettes and smokeless tobacco products prematurely take
the lives of more than 400,000 Americans each year. Moreover,
the marketing and public relations efforts of the U.S. tobacco
companies and their agents also succeed in recruiting more than
3,000 new smokers.and users of gmokeless tobacco products into
nicotine addiction each day. Most of these beginners are
children and teenagers and, tragically, many of them will succumb
years before their time to the ravages of tobacco - leaving
friends, colleagues and family members behind to mourn their
-loss.
Failure to hold tobacco companies and their agents fully
accountable for their conduct would permit them to continue in
the present course of conduct. The result would be the
perpetuation of massive illness and early death, as well as
furtherance of the tobacco industry's successful efforts to
thwart public health measures, not only by lawful means but
through massive fraud and disinformation.
I urge you promptly to instruct the Criminal Division of the
Department of Justice to open a formal investigation into these
matters and to give such investigation the highest priority. I
will, of course, be pleased to assist your agency's efforts. I
would appreciate having your response to this request by January
31, 1995.
Sincerely,
Marty Meehan
Member of Congress
pgNbr=3
</ot>
</LTDLWOCR>
