<?xml version="1.0" encoding="ISO-8859-1"?>
<LTDLWOCR>
<tid>aap77d00</tid>
<bt>2076276210</bt>
<!-- Note:br t="m":2076276201/6210-->
<dd>19980811/E</dd>
<dt>FORM, FORM</dt>
<np>FOURNIER,L; MITCHELL,K</np>
<!-- Note:co:ATCH, ATTACHMENTS MISSING-->
<fn>2076276102/2076276219/C98-02839-C98-02858</fn>
<!-- Note:si:R107-->
<!-- Note:s:CENTRAL FILES/PRE-DB WAREHOUSE-->
<ti>R,D&amp;E DOCUMENT TRANSMITTAL FORM FOR PRIMARY CENTRAL FILE REGISTRY NUMBER 124-11-8: INFORMATION AND IDENTIFICATION.</ti>
<pg>1</pg>
<!-- Note:lu:FEDA/PRODUCED-->
<!-- Note:dl:20020306-->
<dl>20020709</dl>
<ot>** R,D&amp;E Document Transmittal Form for Primary Central File **
Please type the following information for each submitted document
Date: August 11, 1998
Primary Recipient: Linda Fournier
Author(s): K. Mitchell
Subject/Titlellnferred Title: Registry number 124-11-8: information and identification.
Project Number/Activity Code Number (if applicable): T00481
R,D&amp;E Document Classification: Confidential
Document Code: P0622
Abbreviations/Acronyms used in this document (include their meanings)
Abstract: A literature search to identify RN: 124-11-8. The registration record identifies the
compound as: 1-Nonene. A bibliography is attached.
O

pgNbr=1
</ot>
</LTDLWOCR>
