<?xml version="1.0" encoding="ISO-8859-1"?>
<LTDLWOCR>
<!-- forcebtag -->
<tid>aab70d00</tid>
<bt>524415206</bt>
<au>RJR</au>
<bx>RJR5353</bx>
<dd>19980831</dd>
<dt>ORG CHARTS</dt>
<!-- Note:co:N-->
<np>RJR; HILL CT; PREMO KA; ROACH PL; MICHELS DS</np>
<!-- Note:dl:20020215-->
<pg>1</pg>
<!-- Note:rn t="m":US COMPREHENSIVE REQUEST 2-->
<!-- Note:sh:20020111-->
<!-- Note:s:SALES; SALES FINANCIAL SVCS; NIX BM; MGR-->
<ti>RJRT SALES FINANCE ORIENTATION - SALES FINANCE ORGANIZATION.</ti>
<!-- Note:tp:ORGANIZATION CHARTS-->
<dl>20021018</dl>
<ot>52441 5206
~ R1RT SALES FINANCE ORIENTATION -SALES FINANCE ORGANIlAT10N
E)irector
Sales
Financial Services
C T HILL
r _ - ~---~
Manager
Merch 8. Sales
Area Financa
K A PREMO
Managar
Sales Support
8. Reporting
P L ROACH
Manager
Retaii Financial
Control
D S MICHELS
Financial Mgr
Sa1es
K W NOXON
Financial Mgr
Sales
B M NIX
Financial Mgr
n. Marlceting
B J ALDRInGE
Interrnadiate
Financial Analyst
C T CARLIN
Financial Mgr Sr Financial
Sales Specialist
R R CORNE IT I Ll E) W JACOBS
HFinancial Mgr
Sales
L M MACPHERSON
LF Intarrnadiate
Financial Analyst
K E HOMGE
Retail Review
Group
0 M CAMPBELL
Retail Review
Group
S L HUnSON
Retail Review
Group
Y A PEEBLES

pgNbr=1
</ot>
</LTDLWOCR>
