<?xml version="1.0" encoding="ISO-8859-1"?>
<LTDLWOCR>
<tid>aac35a00</tid>
<bt>81841280</bt>
<dd>20030128</dd>
<dt>EMAI, E-MAIL</dt>
<au>ZXRONALD MILSTEIN/LORILLARD/MLBA</au>
<rc>ZXSAM ZOLOT/LORILLARD/MLBA@MLBA</rc>
<pc>ZXMICHAEL SHANNON/LORILLARD/MLBA@MLBA; ZXSTEVEN WATSON/LORILLARD/MLBA@MLBA</pc>
<np>XX STEVE</np>
<no>NAAG</no>
<!-- Note:si:N170-->
<!-- Note:s:WATSON,STEVE/ELECTRONIC E-MAIL-->
<ti>RE: LEGAL - WE CARD POLICY ENFORCEMENT</ti>
<pg>1</pg>
<!-- Note:lu:FEDA/PRODUCED-->
<!-- Note:dl:20040706-->
<dl>20040715</dl>
<ot>Ronald Milstein/Lorillard/MLBA To Sam ZolotlLorillard/MLBA@MLBA
01/28/2003 08:42 AM cc Michael ShannonlLorillard/MLBA@MLBA, Steven
Watson/Lori Ilard/M LBA@M LBA
bcc
Subject Re: Legal - We Card Policy Entorcement
It may be useful to remind the AGs and NAAG thatthe overwhelming majority of slates are still not supplying us
the information we need to carry out our program. Steve, what efforts have we made to prompt more states to
assist our efforts?
The information contained in this email transmission may contain privileged and confidential information. It is
intended onlyforthe use of the person(s) named above. If you are notthe intended recipient you are hereby
notified that any review, dissemination, disiribulion or duplication of this communication is strictly prohibited. If
you are not the intended recipient please contadthe sender by reply email and destroy all copies of the
original message.
81841280

pgNbr=1
</ot>
</LTDLWOCR>
