<?xml version="1.0" encoding="ISO-8859-1"?>
<LTDLWOCR>
<!-- forcebtag -->
<tid>aap33f00</tid>
<ti>FTC SUBPOENA</ti>
<dt>MEMO MEMO</dt>
<dt>CORRESPONDENCE</dt>
<dd>19790807</dd>
<au>PEPPLES-E X</au>
<rc>WYATT-WW X WYATT-WW X</rc>
<pc>XXBRAD X XXBUZ X</pc>
<np>X FEDERAL TRADE COMMISSION</np>
<!-- Note:co:MARG, MARGINALIA-->
<!-- Note:ci:10004026-->
<!-- Note:rn t="m":A4-->
<!-- Note:ag:13140987-->
<fn>PRIV. DOCS. THESE ARE MATERIALS PULLED FROM BOXES REVIEWED ON 1 1ST TRIP A DUPLICATE SET IS N.Y.C. (LIST INSIDE)</fn>
<!-- Note:od:Yes-->
<!-- Note:dl:19990524-->
<bt>680416891</bt>
<dl>20020201</dl>
<ot>GE 218 L (9�75)
TO
DEPT.
C. C. to
11
BROWN &amp; WILLIAMSON TOBACCO CORPORATION
INTERNAL CORRESPONDENCE
W. W. WYATT,,d'R.
W.W.W.
AU 6 81979
FROM ERNEST PEPPLES/dlb DATE_ August 7, 1979
SUBJECT FTC SUBPOENA
Copies of the documents covered by the FTC subpoena were delivered
to the Federal Trade Commission on July 5. As you know the
subpoena covered documents prepared during the period 1964-1979,
the cutoff date being April 6, 1979.
Tiis is to iciiiilid you that Ltlle originals of all documents covered
by the subpoena must be carefully retained in unaltered form until
the Federal Trade Commission determines how it will proceed with
its investigation.
E. P.

pgNbr=1
</ot>
</LTDLWOCR>
