<?xml version="1.0" encoding="ISO-8859-1"?>
<LTDLWOCR>
<!-- forcebtag -->
<tid>aaq14d00</tid>
<bt>507778814/8825</bt>
<bx>RJRC3626</bx>
<!-- Note:rn t="p":1RFP110-->
<dd>19910521</dd>
<dt>REPORT</dt>
<!-- Note:co:N-->
<np>TOMPSON R;MAHER K;TI;RJR;MEYNE R;HARRIS T;CURRY M;PHILIP MORRIS;OGBURN T;MCADAMS R;LOVETT J;TOFT H;COVINGTON BURLING;NATL CONFERENCE OF ST ON BUILDING C;RUPP J;SCOTT E;LIST OF ETS TASK FORCE MEMBERS;PAYNE M;GOOLD J;HEWLETT PACKARD;KIMBERLY;FORD MOTOR;WORKPLACE TACTICAL RESPONSE TEAM ;OLDAKER G;WARD M;CIAR;TAYLOR D;TITUS PRODUCTS;OSHA;GOMBAR;WHITE;LEONARD B;WOLD K;MITCHELL;KENNEDY ;HYDE T;SMITH M;MOSKOWITZ S;FURR J;ANNESE B;ASHRAE;AEE</np>
<!-- Note:dl:19990107-->
<pg>12</pg>
<!-- Note:rn t="m":MINNESOTA 1RFP7-->
<!-- Note:sh:19970217-->
<!-- Note:s:EXECUTIVE;GRISCOM TC;EXECUTIVE VP-->
<ti>TACTICAL PLAN.</ti>
<!-- Note:tp:CTR/TIRC/TI; SMOKING BY-PRODUCTS-->
<dl>20020201</dl>
<ot>5
"real solution" kits so that they take you step by step
through the things that need to be considered and/or
done and alternative approaches to arrive at reasonable
accommodation. Technical approaches will also utilize
estimated cost parameters. Maura will follow up with
Mary Ward to get a copy of the latest Ford Motor
Company-type write-up as well as Jim Goold's suggested
response with Mary's comments.
We had agreed in an earlier meeting that the "kit" team
would develop a questionnaire for handling the incoming
alert calls to be able to ask the caller the right
kinds of information that would allow an appropriate
response. I suggest this be a part of Rob's efforts
here.
C. Develop and execute program to distribute kits.
* Using Early Warning Network and In-House Tactical
Response Unit and TI resources, distribute the
appropriate kit and tailored follow-up (if warranted)
to companies considering changes in smoking policies.
Responsibility: Mike Curry and Workplace Tactical
Response Team
Plan Development: Rob Meyne, Tim Harris, Karl Maher,
Mike Curry
Plan Execution: Mike Curry and Workplace Tactical
Response Team
Timing: Plan by June 30
Status: As a subsequent comment, we need to consider
including existing policies/practices by outside
companies (e.g., Hewlett Packard, Kimberly Clark) as
well as being able to refer companies to local/state
IAQ companies for assistance.

pgNbr=1
6
* Proactively distribute Kit C to priority corporate
targets after they are identified.
Responsibility: Rob Meyne, Tim Harris, Karl Maher
Timing: Plan by June 30
Status:
D. Establish an In-House Tactical Response Unit to review
workplace-restriction threats turned up by TI, Early Warning
Network, etc., and make decisions about appropriate
responses, including which kits and tailored follow-up
(grassroots pressure, technical assistance, etc.). Similar
to the Morning Team, this group would meet once a week, and
include TI on a conference call.
Responsibility: Mike Curry
Timing: May 30
Status: Mike Curry will head the workplace working
team, a tactical action team to respond to alerts,
Engineering, Personnel, and R&amp;D, and PR will recommend
someone to Randy Tompson to serve on this group. Randy
will pass this on to Mike Curry who will bring the team
together and decide how best it should function (i.e.,
meet how often, who should be there, etc.). Someone
from WKA also needs to be on this team.
E. Develop new and identify existing air filtration and
distribution technologies, test them, and prepare system for
making them available to private and public sectors at a
reasonable cost.
* Technical Design
Responsibility: Howard Toft, Guy Oldaker, Mary Ward,
Seth Moskowitz
Timina: June 30 (tent)
Status: Howard and Guy will include a new filtration
unit developed by a company in Raleigh in the Titus
test, as well as testing its full capabilities at R&amp;D.

pgNbr=2
10
* Develop an in-house data base of future and existing
IAQ tests.
Responsibility: Guy Oldaker
Timing: June 1
Status: Part of R&amp;D plan. Ford and RJR testing will
become part of this data base. The 120-day period
resulting from the DOL-ANPR is key here.
C.
Compile, coordinate, and commission studies of alleged
11social costs'l of workplace and indoor smoking, including
insurance costs, health costs, absentee rates, productivity
and employee-satisfaction factors, as well as litigation
risks.
Responsibility: Tim Harris, Mary Ward, John Lovett,
TI, PM
Timing: April 15, ongoing
Status: Tim Harris has completed a review of all TI
material. Efforts will be made to use TI material as
much as possible.
D. Establish a third-party coalition of vested interests and
other industries to act as a clearinghouse and resource
center, and coordinate ETS Communications Task Force.
Responsibility: Tom Ogburn
Timing: May 1
Status: Betsy Annese is developing via her task
force.

pgNbr=3
2
* Explore marketing resources to hype 800#
Responsibility: Tim Harris, Randy Tompson
Timing: May 30
Status: TH and RT have met with Direct Marketing and
have developed a common message. A separate meeting
will be set up to further review their approach and
insure that data collected meets our needs and that a
follow-up system has been developed.
Additionally, the thought was raised to discuss with
Brand ways of making carton messages Brand-sponsored
messages as part of the brand's efforts toward working
for smokers, but to still generate information that
would benefit the overall program. TH and RT will
consider this.
* Work with TI to establish daily exchange of information
and regular telephone status updates.
Responsibility: Mike Curry (temp)
Timing: Immediately
Status: Weekly calls are now occurring between Mike
and TI. PM is not involved yet. This is now part of
the Workplace Action Team.
* Evaluate model of paid early-warning network for local
restrictions in California.
Responsibility: Rob Meyne, TI
Timing: April 30
Status: Tom Ogburn will discuss the success of the
current early-warning network being used in California
with Bob McAdam. Initial indications were that it was
providing "too little, too late."

pgNbr=4
8
(this could be up to four years). The 120-day time
frame is key to this program in that test results need
to be completed for possible submission to OSHA within
the window.
STRATEGY: Develop programs to address the issues and sources of
pressure that are driving workplaces and public places to ban
smoking entirely.
A.
Address the "science" and actions by EPA and OSHA
* Work with ETS Task Force to ensure coordination and
that all bases are covered and that the overall effort
is consistent and seamless.
Responsibility: Tom Ogburn, Maura Payne
Timing: Immediately
Status: Ongoing
* Assess potential impact of Mitchell and Kennedy bills
and develop appropriate responses.
Responsibility: Kent Wold, Burleigh Leonard
Timing: April 15
Status: Howard Toft has assisted by working with
Burleigh on the technical aspects of these types of
bills.

pgNbr=5
3
* Maintain a literature search on business surveys
Responsibility: John Lovett
Timing: Ongoing
Status: JL is setting up with the appropriate in-
Company people. It was also agreed that Engineering
would consider the feasibility of literature reviews of
indoor air quality surveys of businesses and suggest
whether something needs to be monitored here.
Howard Toft reported that C&amp;B has contracted NCSBCS
(National Conference of States on Building Codes and
Standards), following Howard's conversation with them.
NCSBCS is doing a search of all state building codes
and larger municipalities. Howard will follow up with
John Rupp to find out when this material might be
available, when and if we might receive that
information, and whether California will be early in
the process.
On a related item, Engineering also attended a meeting
in Raleigh last week where state building codes were
discussed. The meeting was really an initial
organization meeting. Members will review appropriate
documents and return in June(?) with their recommen-
dations. Ed Scott will contact a member of the
committee he knows well to get some feel for the
committee.
B. Develop "kits" for all companies, whether they are
considering bans, restrictions, or no changes in open-
smoking policies.
* "Kit A" will be for those companies considering
outright smoking bans, and will concentrate on
designated areas. It will include sections on
Technical Design, Facility Planning, and Functionality.
Responsibility: Maura Payne, Howard Toft, Karl Maher,
Seth Moskowitz, Randy Tompson, Rob Meyne, Tim Harris
Timing: June 30 - Kits completed
Status: (see 3rd * on page 4)

pgNbr=6
11
E. Work with ASHRAE and ABE to educate and provide input.
Responsibility: Howard Toft
Timing: Ongoing
Status: Howard and Engineering are investigating
opportunities to educate and provide input not only to
ASHRAE and AEE, but to other organizations of this
nature as well.
STRATEGY: Oppose unfair legislation, promote pro-active
legislation.
A. Continue to oppose smoking restriction and ban legislation
and ordinances in the public arena.
* The Morning Team will continue to monitor state and
local threats and make decisions about tactical
responses. Emphasis will be placed on better targeting
our resources and taking on only those issues that we
can win, and that fit geographical and other targeting
criteria.
Responsibility: Morning Team
Timing: Ongoing
Status: Action every morning in the 17th conference
room.
B. Develop model ordinances and public smoking policies that
can be presented as reasonable alternatives.
* Elements of the Morning Team will begin drafting and
compiling a library of model bills and ordinances that
can be proposed as reasonable alternatives.
Responsibility: Morning Team, Government Relations, TI
Timing: Immediately
Status: Mike Curry has reviewed the Charlotte, NC,
approach with TI. This is being utilized as
appropriate by the Industry.

pgNbr=7
7
Consideration will also be given to the System 2,000
discussed previously.
We should also monitor results from a CIAR research
program that is evaluating several options.
* Facility Planning and Functionality
Responsibility: Engineering
Timina: June 30 (tent)
Status: Ed Scott will work with Howard Toft in
determining how best to bring in and utilize resources
to address facility planning and functionality in both
testing and the development of communication kits.
F.
Develop and test model approaches to evaluating IAQ,
including RJR buildings and outside companies.
Responsibility: Guy Oldaker, Howard Toft, David Taylor
Timina� June 30
Status: Final test designs are being put together for
testing in two buildings at Ford (July 8-19) and RJR
and Plaza buildings (June 17-28). An agreement has
been reached with Titus Products to build a test
smoking lounge and to test 5 different ventilation
configu-rations, along with some different ventila-tion
paths, and a new filter developed by a company in
Raleigh. A review of final plans is scheduled for June
7 with Tom Griscom and others dealing with OSHA. This
is on TG's calendar, and Guy Oldaker will check with
Mary Ward, Messrs. Gombar &amp; White to be sure they can
attend.
Additionally, it is expected the Department of Labor
will issue an ANPR (Advanced Notice for Preliminary
Rule-making) on Wednesday, May 22. it will probably be
printed in the Federal Register in early June which
then allows a 120-day period to submit information to
OSHA. An ANPR indicates that this is an issue
(hopefully IAQ) that OSHA will deal with. it will
probably be some time before any rules are forthcoming

pgNbr=8
12
C. Develop and support employment disarimination legislation at
all levels.
* Work with Government Relations to involve groups and
other smokers in support of employment discrimination
legislation.
Responsibility: Morning Team, Government Relations
Timing: Ongoing
Status: Ongoing, as issues emerge.
* Develop and execute action program which promotes the
broad concepts of civil rights and privacy. This
action program will have a strong grassroots component.
Responsibility: Tim Hyde, Tom Ogburn
Timing: June 30
Status: In development.
* Develop a third-party coalition centered around the
concept of individual rights and privacy.
Responsibility: Tom Ogburn, Tim Hyde
Timing: July 1
Status: In progress.

pgNbr=9
9
B.
Elevate public awareness of total indoor air quality problem
putting ETS in proper perspective.
* Identify cadre of qualified independent smoker
activists who are capable of making public appearances.
Responsibility: Tim Hyde, Maura Payne, Mark Smith
Timing: April 25
Status: A list of approximately 100 potential
activists has been completed and a plan developed to
assist them in media training and education on the
issues. Target dates are for June 29 in the LA area
for the first training session.
* Develop information kits, including video tape and
printed materials, for smokers' rights groups and
activists.
Responsibility: Seth Moskowitz, Rob Meyne, Maura
Payne, Karl Maher
Timing: April 30
Status: The ETS video tape is probably 2 months away.
Information/talking cards for smokers are in process of
being developed on a number of issues. First drafts
have been reviewed.
* Broaden industry's ability to measure indoor air
quality easily and cheaply, including identifying a
larger cadre of IAQ companies.
Responsibility: Maura Payne, Guy Oldaker
Timing: May 1
Status: Maura will follow up with Betsy Annese to
determine status of list of IAQ companies Jeff Furr
developed.

pgNbr=10
TACTICAL PLAN
STRATEGY: Provide praatiaal and reasonable solutions. Develop
and assist in implementing methods to accommodate workplaoe
smoking under a range of scenarios.
A. Establish Early Warning system
* Hype 800# in Workplace issue of CHOICE
Responsibility: Randy Tompson and Karl Maher
Timing: Complete
Status: CHOICE 28 mailed in the later part of May,
hyped the 800# and encouraged people to call to report
smoking issues in their workplace. Secondly, it
promoted TI and RJR workplace smoking brochures and
offered people the opportunity to order them. Third,
it included a questionnaire on smoking policies in each
individual workplace and asked people to fill this out
and send it in. Although we have just started
receiving returns, we have approximately 9,300 to date
who have ordered booklets. Additionally, our alerts
have jumped to the neighborhood of 120 a week through
the 800#�
Rob Meyne raised the point that the field coordinators
were getting calls as well on workplace situations.
Rob will develop a method to insure RJR and/or field
coordinators are responding properly and that these
alerts are captured and responded to in the system
appropriately.
* Involve Sales Force (with DM letter) and other Allied
Forces, also hyping 800#
Responsibility: Rob Meyne
Timing: By May 30
Status: On hold until response system developed and
fully operational.

pgNbr=11
4
* "Kit B" will be for companies who are considering
restrictions. It will include sections on Technical
Design, Facility Planning, and Functionality.
Responsibility: Maura Payne, Howard Toft, Karl Maher,
Seth Moskowitz, Randy Tompson, Rob Meyne, Tim Harris
Timing: June 30
Status: (see below)
* "Kit C" will be for companies that are not at present
considering smoking restrictions or changes in "open"
policies. This is a proactive kit.
Responsibility: Maura Payne, Howard Toft, Karl Maher,
Seth Moskowitz, Randy Tompson, Rob Meyne, Tim Harris
Timing: June 30
Status: (see below)
* Kits will also include information on ETS, IAQ, social
costs, detailed case studies, and sources of technical
assistance (i.e., third-party resource center or
clearinghouse), and approaches to setting policy.
Responsibility: Maura Payne, Karl Maher, Tim Harris,
John Lovett, Seth Moskowitz, Randy Tompson, Rob
Meyne, Howard Toft
Timing: June 30
Status: Mock-ups for brochures have been investigated
and a preliminary outline has been prepared for these
kits. The team working on these has been expanded to
include those now listed above. Maura will call a
separate meeting of this team to "flush out" a detailed
outline and layout of these kits. It was agreed that
the kit folders should not be developed around the ETS
video tape, but may have some facility for holding the
tape once it is viewed. It was suggested that the kits
should have a business-like look to them, not promo-
tional; that they should have the flexibility of going
under RJR's name, or should it be more appropriate,
under a different name, and that an introduction was
needed to position the issue. These kits should be

pgNbr=12
</ot>
</LTDLWOCR>
