<?xml version="1.0" encoding="ISO-8859-1"?>
<LTDLWOCR>
<tid>aag11e00</tid>
<bt>87915903</bt>
<dd>19940107</dd>
<dt>TELE, TELEX</dt>
<au>LEWIS,CI</au>
<rc>WAGNER,JR</rc>
<np>NORMAN,V;  SPEARS,AW;  TISCH,A;  WU,EC</np>
<fn>87915883/87915911/R&amp;C C. I. LEWIS; </fn>
<!-- Note:si:G71-->
<!-- Note:s:WAGNER,JOHN/MANAGER INST. DEVEL-->
<ti>HALL CONFERENCE AFTER MEETING</ti>
<pg>1</pg>
<!-- Note:rn t="m":R1-080-->
<!-- Note:lu:STMN/PRODUCED-->
<!-- Note:dl:19980605-->
<dl>20020201</dl>
<ot>From: LOR'VAX::LEWISCI 7'-JArii~-1994 16:0'9:591.31
Tb: WAGNERJR
_
CC:
Subj: Hall conference After Meeting
Vello has discussed With Dr. A.W. Spears the type of meeting we
were proposing. He did not say no but he felt we wou7ld'have some problems
with it relative to certain factors.
H'e also, saidi he had a device which, And'rew Tisch wanted testing.It
is a electronic device made in China which removes nicotine from a pack
of cigarettes. Ve1Lo wants E. Chung Wu to test it thoroughly.If you have
any experience with such electronic devices be sure to consult with him.
pgNbr=1
</ot>
</LTDLWOCR>
