<?xml version="1.0" encoding="ISO-8859-1"?>
<LTDLWOCR>
<tid>aao39c00</tid>
<bt>2084390753C</bt>
<!-- Note:br t="m":2084390752B/0753D-->
<dd>20000905</dd>
<dt>EMAI, E-MAIL</dt>
<au>LOWRY,J</au>
<rc>MAO,YY</rc>
<no>BEO; HILTON BATON ROUGE</no>
<!-- Note:si:N325-->
<!-- Note:s:LEVY,CAROLYN/CARLSTADT-->
<ti>RE: MEETING IN HILTON BATON ROUGE</ti>
<pg>1</pg>
<!-- Note:lu:FEDA/PRODUCED-->
<!-- Note:dl:20020905-->
<dl>20021209</dl>
<ot>	N
	O
	tb
	_P~
-Original Message----	W
From:	Lowry, John	~
Sent:	Tuesday, September 05, 2000 11:20 AM	
O
To:
Subject:	Mao, Yuqian Y.
RE: Meeting in Hilton Baton Rouge	
v
		~
	W
I have looked at the BEO you sent me for the meeting	C-)
1. I would add ashtrays to the set up if you are going to allow smoking in the room
2. Number of guests if you are expecting 30 1 would guarantee 28 and set for 30 this way you do no
pay for two guest if they do not turn up
When you receive the bill add a copy of the event orders and a list of attendees before you sent to
accounting for payment
That should cover it

pgNbr=1
</ot>
</LTDLWOCR>
