<?xml version="1.0" encoding="ISO-8859-1"?>
<LTDLWOCR>
<!-- forcebtag -->
<tid>aas13d00</tid>
<bt>513601009</bt>
<rc>RJR</rc>
<au>BLUNIER A;IL EUREKA</au>
<bx>RJR1390</bx>
<!-- Note:rn t="p":1RFP88;1RFP93;1RFP98;1RFP107-->
<dd>19930503</dd>
<dt>CONSUMER LETTER;HANDWRITTEN</dt>
<!-- Note:co:N-->
<!-- Note:dl:19980227-->
<pg>1</pg>
<!-- Note:rn t="m":MINNESOTA 1RFP124;MANGINI 3RFP21;MANGINI 3RFP22;1RFP71-->
<!-- Note:sh:19960318-->
<!-- Note:s:RECORD CENTER;JARRELL CR;13-13-02-08-->
<ti>YOU SHOULD NOT TRY TO GET YOUNG KIDS TO SMOKE.</ti>
<!-- Note:tp:NICOTINE AND ADDICTION-->
<dl>20020201</dl>
<ot>RECF~~~- --
~py

_SA.
__O; n4-s0-rl
t~ --
513601009

pgNbr=1
</ot>
</LTDLWOCR>
