<?xml version="1.0" encoding="ISO-8859-1"?>
<LTDLWOCR>
<tid>aad55d00</tid>
<bt>2025042492/2493</bt>
<!-- Note:br t="m":2025042492/2538-->
<dd>19850729</dd>
<dt>LETT, LETTER</dt>
<au>BRING,MH</au>
<rc>BALSAM,JC; BARNHILL,GM JR; BROWN,JC; DROZDOSKI,RF; EAKELEY,DS; NORTHRIP,RE; ROWE,PA; RUFF,CFC; STRAUCH,JL</rc>
<pc>CHERRY,JR JR; HENSON,A; HOLTZMAN,A; MURRAY,JS; NEWMAN,FS; PEPPLES,E; WITT,SB</pc>
<np>CIPOLLONE; COHN,DC; HAINES; MCALEE,J; SAROKIN</np>
<ca>APO, ARNOLD &amp; PORTER</ca>
<cr>BROWN CONNERY; CHADBOURNE PARKE; COVINGTON BURLING; GREENBAUM ROSE; JONES DAY; RIKER DANZIG; SHB, SHOOK,HARDY &amp; BACON; SILLS BECK; WEBSTER SHEFFIELD; WOMBLE CARLYLE</cr>
<no>3RD CIRCUIT COURT APPEALS</no>
<fn>2025042399/2025042584/ARNOLD &amp; PORTER 850000; ; 2025042412/2025042563/ARNOLD &amp; PORTER 850000;</fn>
<!-- Note:si:N28-->
<!-- Note:s:LEGAL DEPT/CARLSTADT-->
<pg>2</pg>
<!-- Note:lu:PPLA/PRODUCED-->
<!-- Note:dl:20000529-->
<dl>20020709</dl>
<ot>~&lt;9L- aR,oRO..
TELECOPiE9:~(202) 5YZ-6Y2o
TiLE%:29-2J33
MURRAY H. BRING
DIRECT LvE';zo2) 872-6875
July 29, 1985
VIA FEDERAL EXPRESS
Robert E. Northrip, Esq.
Shook, Hardy &amp; Bacon
1101 Walnut
Kansas City, Missouri 64106
Grady M. Barnhill, Jr., Esq.
Womble Carlyle Sandridge
&amp; Rice
2400 Wachovia Building
Winston-Salem, North Carolina
27102
Donald C. Cohn, Esq.
Webster &amp; Sheffield
One Rockefeller Plaza
New York, New York 10020
Douglas S. Eakeley, Esq.
Riker, Danzig, Scherer,
Hyland &amp; Perretti
One Speedwell Avenue
Morristown, New Jersey 07960
Raymond F. Drozdowski, Esq.
Brown, Connery, Kulp, Wille,
Purnell &amp; Greene
518 Market Street
Camden, New Jersey 08101
Dear Janet and Gentlemen:
1]00 LINCC~N 5'R=Ei
DENVER, COLORADO 80203
(303) 853-1000
John L. Strauch, Esq.
Jones, Day, Reavis &amp; Pogue
1700 Huntington Building
Cleveland, Ohio 44115
Janet C. Brown, Esq.
Chadbourne, Park, Whiteside
&amp; Wolff
30 Rockefeller Plaza
New York, New York 10112
Charles F. C. Ruff, Esq.
Covington &amp; Burling
1201 Pennsylvania Avenue, N.W.
Washington, D.C. 20044
Joel C. Balsam, Esq.
Sills, Beck, Cummis,
Zuckerman, Radin &amp; Tischman
33 Washington Street
Newark, New Jersey 07102-3179
Paul A. Rowe, Esq.
Greenbaum, Rose, Smith, Ravin,
Davis &amp; Bergstein
Gateway One
Newark, New Jersey 07102
Enclosed herewith is a draft of a motion to the Third
Circuit Court of Appeals in Cipollone and Haines, requesting
a stay pending the disposition of our appeal or the alterna-
tive petition for mandamus, concerning Judge Sarokin's pro-
tective order decision. This motion, along with the petition
for mandamus, will be filed next Monday or Tuesday, so that
AFLNOLD &amp; POBTEA
=-i200 NEW HAMPSHIRE AVENUE, N.l9.
{ WASHINGTON, D. C. 20036
(202) 8&gt;2-6708
pgNbr=1
ARNOLD &amp; PORTER
July 29, 1985
Page Two
the Third Circuit will have ample time to rule on the motion
before Judge Sarokin's twenty-day stay expires.
We would appreciate any comments or suggestions you
may have concerning the draft motion by Thursday, August 1.
Please call Jim McAlee of our office in that regard
(202/872-6764).
With warm regards.
Sincerely yours,
Enclosure
cc: Alexander Holtzman, Esq.
Fredric S. Newman, Esq.
James R. Cherry, Jr., Esq.
Arnold Henson, Esq.
Josiah S. Murray, Esq.
Ernest Pepples, Esq.
Samuel B. Witt, Esq.
(w/enclosure)
pgNbr=2
</ot>
</LTDLWOCR>
