<?xml version="1.0" encoding="ISO-8859-1"?>
<LTDLWOCR>
<!-- forcebtag -->
<tid>aaf91f00</tid>
<bt>TIFL0524084</bt>
<au>TOBACCO INSTITUTE</au>
<dd>19931118</dd>
<dt>PRESS RELEASE</dt>
<ti>SMOKERS ALREADY MORE THAN THEIR FAIR SHARE  HIGHER CIGARETTE TAXES CALLED UNJUSTIFIED</ti>
<!-- Note:rn t="m":PLAINTIIFF'S 08/13/96 1ST OMNIBUS RFP-->
<!-- Note:dp:05/09/97-->
<pg>1</pg>
<!-- Note:cn:FLORIDA AG-->
<!-- Note:dl:19990603-->
<dl>20020201</dl>
<ot>The Tolacco Institute
1875 1 Street, Northwest
` Washington, DC 20006
(800) 424-9876
FOR RELEASE: CONTACT:
November 18, 1993 Media Relations
202/457-9387
SMOKERS ALREADY PAY MORE THAN THEIR FAIR SHARE
HIGHER CIGAREITE TAXES CALLED "UNJUSTIFIED"
(WASHINGTON, DC) - A University of Georgia economist called on Congress today to
reject the Clinton Administration's plan to raise cigarette taxes by 75-cents a pack.
Testifying before the House Ways and Means Committee on behalf of The Tobacco
Institute, Professor Dwight R. Lee estimated that the higher cigarette tax would eliminate
82,000 jobs in the tobacco sector. Those jobs have an estimated annual payroll of $1.9-
billion.
The six major tobacco producing states (Georgia, Kentucky, North
Carolina, South Carolina, Tennessee and Virginia) would lose an estimated
33,500 jobs. In turn, he said, an additional 192,000 jobs would be lost nationally.
Professor Lee also emphasized that cigarette excise taxes are extremely regressive
since they hit hardest at those least able to pay. He noted that both the Congressional
Budget Office and the Congressional Black Caucus have been highly critical of the impact
excise taxes have on the economic viabilty of lower-income families.
Dr. Lee also told the Committee that "clearly, with respect to government costs,
smokers are more than 'paying their own way' at current tax levels." Referring to a report
released in May of this year by the Congressional Office of Technology Assessment (OTA),
Lee noted the OTA claim that smokers "cost" federal, state and local governments $8.9-
billion in health care expenditures attributable to smoking-related illness.
Dr. Lee pointed out that smokers already pay more than $13-billion in excise and
sales taxes on cigarettes. Therefore, smokers presently pay $4.4-billion more in taxes on
cigarettes than OTA claims smokers are "costing" government for health care expenditures.
He also noted that "a number of experts and government authorities assume that smokers
would live longer and make greater demands on the health care system if they did not
smoke, and thus believe that reducing smoking might well increase, not decrease, health
care costs."
Calling the Clinton cigarette tax increase plan "discriminatory and unfair", Professor
Lee concluded that it is "simply not justified from an economic standpoint."
# # #
~'~ TIFL 0524084
pgNbr=1
</ot>
</LTDLWOCR>
