<?xml version="1.0" encoding="ISO-8859-1"?>
<LTDLWOCR>
<!-- forcebtag -->
<tid>aaf25f00</tid>
<ti>Grade BP Product Specifications</ti>
<dt>Memo</dt>
<dt>Correspondence</dt>
<dd>19721121</dd>
<au>Bennett-WT, ATCO</au>
<rc>Runyon-Jr-LP</rc>
<pc>McCarthy-JB;Hager-JH;Rice-WA</pc>
<!-- Note:co:Marginalia-->
<!-- Note:ci:10004026-->
<!-- Note:rn t="m":Attached to a Responsive Document-->
<pg>2</pg>
<!-- Note:ag:60127720-->
<!-- Note:dl:19981123-->
<bt>967012081/2082</bt>
<!-- Note:br t="a":ATX040911946/ATX040911947-->
<dl>20020201</dl>
<ot>M E M 0 R A N D U M
t/~.Ninua.r'zonz J`Ganza-Cm'~pn'~
FROM
Mr. L. P. Runyon, Jr. DATE November 21, 1972
Assistant Manufacturing Director ,
W. T. Bennett, Manager
Banmer Division
SUBJECT Grade BP Product Specifications
The Grade BP Product Specificatione have been revised to reflect the use
of a repulpable tape for BP splices with a maximum splice overlap of 3"
rather than 4", a copy of which is attached.
.ATS:BBS
Attachment
cc: Mr. J. B. McCarthy
President - Manufacture and Leaf
r. J. H. Hager
Research and Development Director
Mr. W. A. Rice
Leaf Processing and Storage Director
pgNbr=1
0
�
'r,.&gt; i4
pgNbr=2
</ot>
</LTDLWOCR>
