<?xml version="1.0" encoding="ISO-8859-1"?>
<LTDLWOCR>
<tid>aat11e00</tid>
<bt>87497687</bt>
<dd>19930702</dd>
<dt>LETT, LETTER</dt>
<au>LAWLOR,TE</au>
<rc>DEATON,A</rc>
<ca>HAZLETON, HAZLETON LABS</ca>
<cr>LOR, LORILLARD</cr>
<!-- Note:co:ATCH, ATTACHMENTS MISSING-->
<fn>87497667/87497698/HAZELTON - LORILLARD CORRESPONDENCE 930000; </fn>
<!-- Note:si:G41-->
<!-- Note:s:LIFE SCIENCES LAB 20/LAB FILES-->
<ti>FINAL REPORTS SALMONELLA / MAMMALIAN - MICROSOME REVERSE MUTATION ASSAY PROTOCOL NO.: 401, EDITION NO.: 17 GENETICS ASSAY NO.: 15641 TEST MATERIAL: A338, LOT NUMBER OR217-39</ti>
<pg>1</pg>
<!-- Note:rn t="m":R3-003-->
<!-- Note:lu:STMN/PRODUCED-->
<!-- Note:dl:19980605-->
<dl>20020201</dl>
<ot>HAZl.E'CON
WASHIN~GTON
9200 LEESB'UiRG PIKE
ViENNA, VA-221 82-1 699
Amelia Deaton
Lorillard Tobacco Company
420 English Street
Greensboro, NC 27420-1688
a CORNINO Latioratory Seroices Company. ..
July 2, 1993
RE: FINAL REPORT
Salmonella/Mammalian-Microsome Reverse Mutation Assay
Protocol No.: 401, Edition No.: 17
Genetics Assay No.: 15641
Test Material: A338, Lot #0R217-39
Dear Ms. Deaton:
Enclosed please find one original and two (2) copies of the above referenced
report. This material has been reviewed by our Quality Assurance unit to
ensure compliance with GLP requirements.
If you have any further questions or comments concerning the above material,
please do not hesitate to contact me.
TEL/pah
Enclosures
Sincerely,
HAZLETON WASHINGTON, INC.
L__
Timothy E. LYwlor, M.A.
Bacterial Mutagenesis
Department of Genetic and
Cellular Toxicology
U n i t e d S t a t e s . G e r m a n y . J a p a n . U n i t e d K i n g d o m
P h,o n e 7 0 3- 8 9 3- 5 4 0 0 F a x 7 013 - 7 5 9- 6 9 4 7 T e I e x 8 9 9 4 3 6 M A Z L A 8 S V i NIA,
pgNbr=1
</ot>
</LTDLWOCR>
