<?xml version="1.0" encoding="ISO-8859-1"?>
<LTDLWOCR>
<tid>aaa95e00</tid>
<bt>2026382982</bt>
<!-- Note:br t="m":2026382982/2983-->
<!-- Note:br t="o":PATPM462-->
<dd>19700930</dd>
<dt>MEMO, MEMORANDUM</dt>
<au>CRIDLIN,WB JR</au>
<rc>BURNETT,GH; HIND,JD</rc>
<pc>EICHORN,PA</pc>
<!-- Note:co:MARG, MARGINALIA-->
<fn>2026382944/2026383060/557, 992 J.D. HIND AND G.H. BURNETT TOBACCO &amp; METHOD OF PRODUCING SAME 660616; </fn>
<!-- Note:si:R475-->
<!-- Note:s:SCHARDT,JIM/INACTIVE FILES-->
<ti>TOBACCO PRODUCT AND METHOD OF PRODUCING THE SAME - HELF. 582-509B PM-462</ti>
<pg>1</pg>
<!-- Note:rn t="m":STMN/R1-080; STMN/R1-081; STMN/R1-082; STMN/R1-085; STMN/R1-086; STMN/R3-012-->
<!-- Note:lu:STMN/PRODUCED-->
<!-- Note:dl:19980605-->
<dl>20020201</dl>
<ot>r
J. .~o Hind
G. H. Burnett
September 30, 1970
W. B. CrIdlini, Jr.
T O B A C L ' f l P a ~ t ~ AA~ LW--MQD_ 0 MOCIM Tl~ 582.-
PM
We are pleased to advise you that the above-mentioned patent
application has issued in Nigeria as Registrati4n No, RP 1794.
7% iao; "~;Nt,
W. B. G�ridli,n, Jr.
jal
cet Dr� P. A. Eichorn
I
pgNbr=1
</ot>
</LTDLWOCR>
