<?xml version="1.0" encoding="ISO-8859-1"?>
<LTDLWOCR>
<tid>aaj41e00</tid>
<bt>84434861</bt>
<dd>19780824</dd>
<dt>MEMO, MEMORANDUM</dt>
<au>COOPER,KR</au>
<rc>GREENE,J</rc>
<pc>MCELLIGOT,C</pc>
<fn>84434690 /84434886 /MISSING; 84434819 /84434885 /PRELIMINARY RESULTS-OGF PRODUCT TEST</fn>
<!-- Note:si:G42-->
<!-- Note:s:MARKETING/BASEMENT GMP-->
<ti>DRAMATIC PLAN TO IMPROVE OGF'S MARKETING SITUATION</ti>
<pg>1</pg>
<!-- Note:rn t="m":R1-112-->
<!-- Note:lu:STMN/PRODUCED-->
<!-- Note:dl:19980605-->
<!-- Note:b:NEWPORT-->
<dl>20020201</dl>
<ot>Memo Ftom
KEN CeOPER
8/24/78
TO: Jerry Greene
FROM: Ken Cooper
RE: Dramatic Plan to Improve OGF's
Marketing Situation.
You can track the source of requests
we've been making to you via the
attached memo.
	

K.R.C.	OC
~
W
/rt	~
Attachment	~D
cc: C. McElligot	N
pgNbr=1
</ot>
</LTDLWOCR>
