<?xml version="1.0" encoding="ISO-8859-1"?>
<LTDLWOCR>
<tid>aal20e00</tid>
<bt>87925736</bt>
<dd>19910310/E</dd>
<dt>RTLS, RECORD TRANSFER</dt>
<au>WALKER,K</au>
<fn>87925691/87925776/ADV;</fn>
<!-- Note:si:G155-->
<!-- Note:s:LINDA MARTIN/OFFICE-->
<ti>RECORDS TRANSFER LIST</ti>
<pg>1</pg>
<!-- Note:lu:MORM/PRODUCED-->
<!-- Note:dl:19990415-->
<!-- Note:b:HARLEY-->
<dl>20020201</dl>
<ot>RECQ'RDS'~ TRANSFff R LIST
Fronn Dept. ~eciiop, I.~
,~,. ~ ~ ~ ~'	y' Ptepar
B'
~	
~(	Nn: Ba~ces
~_	Pg,
of'	Date
~

B�x

(v,o�	

Records -eries~ and Ran e~
9	
i Date
s
of R'ecord	ct~i ~ n
~Destru o

Review Date	
F
r
Reco ds
				Center
				Use
~('
11I			Z-05 ~	3d S

~ Q			~	
	.			
m
				
				~
				C.~.
M
RECORDS CEIY1rER', COPY
pgNbr=1
</ot>
</LTDLWOCR>
