<?xml version="1.0" encoding="ISO-8859-1"?>
<LTDLWOCR>
<tid>aag82c00</tid>
<bt>2078789494F</bt>
<!-- Note:br t="m":2078789494/9495A-->
<dd>19990721</dd>
<dt>EMAI, E-MAIL</dt>
<au>MCCORMICK,BJ</au>
<rc>CARNOVALE,M; CHEUVRONT,K; DARAGAN,KM; DAWSON,N; DESEL,P; FERNANDEZ,HL; MERLO,E; OTTO,K; PFEIL,M; RYAN,T; SNYDER,H; TAPIE,M</rc>
<np>DAWSON,N; DOOLEY,C; SNYDER,H</np>
<no>LEXINGTON HERALD LEADER</no>
<!-- Note:si:N344-->
<!-- Note:s:DARAGAN,KAREN/COMPUTER FILES-->
<ti>FW: MEDIA CALL: CARLA DOOLEY, LEXINGTON HERALD LEADER</ti>
<pg>1</pg>
<!-- Note:lu:FEDA/PRODUCED-->
<!-- Note:dl:20021212-->
<dl>20030115</dl>
<ot>--Original Message---
From: McCormick, 6rendan J.
Sent: Wednesday, July 21, 1999 5:19 PM
To: Merlo, Ellen; Desel, Paula; Daragan, Karen M.; Fernandez, Henry L.; Holly Snyder; Karl Cheuvront; Katherine
Otto; Mary Carnovale; Michael Pfeil; Monique Tapie; Nicole Dawson; Thomas Ryan
Subject: FW: Media call: Garla Dooley, Lexington Herald Leader
HS/ND: Please get more info asap. Thanks

pgNbr=1
</ot>
</LTDLWOCR>
