<?xml version="1.0" encoding="ISO-8859-1"?>
<LTDLWOCR>
<!-- forcebtag -->
<tid>aag34d00</tid>
<bt>507144494</bt>
<bx>RJR4089</bx>
<!-- Note:b:CAMEL-->
<dd>19900101;19901231</dd>
<dt>MARKETING DOC</dt>
<!-- Note:co:N-->
<!-- Note:dl:19990615-->
<pg>1</pg>
<!-- Note:rn t="m":MINNESOTA 1RFP124;MANGINI BY AGREEMENT-->
<!-- Note:sh:19970430-->
<!-- Note:s:MARKETING;BRAND BUSINESS UNIT;PARKS HT;SR MARKETING MGR-->
<ti>PHOTOGRAPH OF CAMEL REGIONAL INITIATIVE EVENTS.</ti>
<!-- Note:tp:SPORTING AND ENTERTAINMENT-->
<dl>20020201</dl>
<ot>LITIGATION SUPPORT PROCEDURE
PRIVILEGED AND CONFIDENTIAL
ATTORNEY WORK PRODUCT
R. J. REYNOLDS TOBACCO COMPANY
LITIGATION SUPPORT
COPY EXCEPTION FORM
DOCUMENT NO: s0-7 Iy yL18o y511
DOCUMENT DATE: 900000
DOCUMENT DESCRIPTION: Pholos X Camel eJen-+s
REASON FOR NOT COPYING:

pgNbr=1
</ot>
</LTDLWOCR>
