<?xml version="1.0" encoding="ISO-8859-1"?>
<LTDLWOCR>
<!-- forcebtag -->
<tid>aar32f00</tid>
<bt>TITX0017531</bt>
<dd>00000000</dd>
<dt>OTHER</dt>
<ti>STOMACH CANCER: A SERIES OF WORKSHOPS OF THE BIOLOGY OF HUMAN CANCER: REPORT NO. 6; STOP SMOKING IN 5 DAYS: A DAY BY DAY PLAN TO SHOW YOU, AND THOSE YOU LOVE, HOW TO GIVE UP SMOKING FOREVER PROVEN, REALISTIC, TAILORED TO YOUR INDIVIDUAL SMOKING PATTERN : STEDMANS MEDICAL DICTIONARY; STOP SMOKING DIET</ti>
<!-- Note:dp:00/00/97-->
<!-- Note:br t="o":T203071-->
<pg>1</pg>
<!-- Note:s:ALLGOOD-->
<!-- Note:cn:Texas AG-->
<!-- Note:dl:19990513-->
<dl>20020201</dl>
<ot>Stomach cancer : a series of workshops on the
616.3 biology of human cancer.
p Workshop on Stomach Cancer, Geneva, 1977.
Stomach cancer : a series of workshops on the biology of
human cancer : report no. 6 / edited by D. W. Piper. - Geneva
: International Union Against Cancer, 1978.
viii, 138 p. : ill. ; 24 cm. -(UICC technical report series ; v. 34) Sw'"�
Includes bibliographies.
ISBN 929018034X : 15.OOF
1. Stomach-Cancer-Congresses. I. Piper, Douglas W. 11. Title. Ill.
Series: International Union Against Cancer. UICC technical report series ; v.
34.
RC261.A3715 vol. 34 616.99'4 s 80-471051
tRC280.SSr t616.99'4331 MARC
Library of Congress
REF
610
S
Stedman's medical dictionary
Stedman, Thomas Lathrop, 1853-1938.
tMedical dictionaryj
Stedman's Medical dictionary. - 24th ed. - Baltimore : Wil
liams &amp; Wilkins, c1982.
xlvii, 1678 p. : ill. ; 26 cm.
ISBN 0-683-07915-8
1. Medicine-Dictionaries. I. I itie. 11. Title: Medical dictionary.
tDNLM: 1. Dictionaries, Medical. W 13 S812mi
R121.S8 1982 610'.3'21 81-302
AACR 2 MAR(
Library of Congress
The stop smoking diet
616.8
S
Stop smoking in 5 days : a day by day plan to
show you, and those you love, how to give up
smoking forever! proven, realistic, tailored
to your individual smoking pattern. -- New
York : Dell Publishing, 1964.
1. Cigarette habit.
o13.d5
0
Ogle, Jane.
The stop smoking diet / Jane Ogle. - New York : M. Evans.
c1981.
xii, 156 p. ; 22 cm.
Includes index.
ISBN 0-87131-337-5
1. Low-calorie diet-Recipes. 2. Tobacco-Physiological effect. 3. Smok-
ing. 1. Title.
RM222.2.036 616.86'50654-dcl9 81-3181
AACR 2 MARC
Library of Congress
pgNbr=1
</ot>
</LTDLWOCR>
