<?xml version="1.0" encoding="ISO-8859-1"?>
<LTDLWOCR>
<tid>aay62c00</tid>
<bt>2077883183</bt>
<!-- Note:br t="m":2077883183/3185-->
<dd>19960917</dd>
<dt>FORM, FORM</dt>
<au>OTERO,BV</au>
<rc>MULDERIG,JJ</rc>
<np>STCLAIR,ME</np>
<np>C,D; C,GG; C,JW; K,VJ; M,JM; R,SB</np>
<ca>HUNTON WILLIAMS</ca>
<cr>PHILIP MORRIS COMPANIES INC</cr>
<no>PM</no>
<!-- Note:co:ILLE, ILLEGIBLE; MARG, MARGINALIA-->
<fn>2077883120/2077883251/960900 CHRON</fn>
<!-- Note:si:N630-->
<!-- Note:s:MULDERIG,JOHN/CARLSTADT-->
<ti>TELECOPY INFORMATION</ti>
<pg>1</pg>
<!-- Note:lu:FEDA/PRODUCED-->
<!-- Note:dl:20021205-->
<dl>20030115</dl>
<ot>  SEP-17-96 14:10 From:HUNTON &amp; WILLiAMS 18043448633 T-Z37 P.01/03 Jab-257
TEt.ECOPY INFORMATION
HUNTON &amp; WILLIAMS
Riverfront Plaza
951 Eaat Byrd Street Telecopier Nos.
Richmond, Virginia 23219-4074 (804) 788-8218
(804) 788-8200 (804) 788-8219
2nd FloorTelecopier (804) 788-86f9
TO:
Name: John J. Mulderig, Esq.
Firm: Philip Morris Companies Inc
Location: New York, NY
Telecopy Number: (212) 907-5979
3 Pages (Inclutling Cover)
FROM:
Name: Brian V. Otero
HUNTpNB. WILLIAMS (Floor 11o)
(804) '788-8683
If problem with transmission, please contact Mary E. St. Clair at (804) 788-8497.
Special Instructions: PLEASE DELIVER IMMEDIATELY UPON RECEIPT.
Operator: Mary E. St. Clair
Date: September 17, 1996 Time: a.m./p.m.
Client/Matter Name: PM/Liaison
ClientlMatter No.: 50594.2
TTis communication is oonfldential and Is Intended to be prNiteged pursuant to the attomey-client privilege
and the work-product doctrine. Ir the reader of this message Is net the 3ntended recipient or the employee or agent responsible to deliver it to
the Intended recipient you are hereby notified that any dissemination. distribution or wDyinp of this
communication Is strictly prohibited. if you have received this communlcaDon in error, please Immediately
notify us by telephone, and return the original message to us at the above address vie the U.S. Postal
Service.

pgNbr=1
</ot>
</LTDLWOCR>
