<?xml version="1.0" encoding="ISO-8859-1"?>
<LTDLWOCR>
<tid>aav15e00</tid>
<bt>2026493003/3004</bt>
<!-- Note:br t="m":2026493003/3006-->
<dd>19701102</dd>
<dt>MEMO, MEMORANDUM</dt>
<dt>CHAR, CHART, GRAPH, TABLE, MAPS</dt>
<au>GROSS,JH</au>
<rc>CAVANAUGH,FJ</rc>
<pc>BRILL,CK; HAAS,FP; MORGENTHALER,CB</pc>
<no>LM, LIGGETT &amp; MYERS</no>
<!-- Note:co:ATCH, ATTACHMENTS MISSING-->
<fn>2026492940/2026493017/582-911-39 ARGENTINA; </fn>
<!-- Note:si:R475-->
<!-- Note:s:SCHARDT,JIM/INACTIVE FILES-->
<ti>PATENT COVERING APPARATUS AND PROCESS FOR MANUFACTURING FILTER TIPS</ti>
<pg>2</pg>
<!-- Note:rn t="m":STMN/R1-037; STMN/R1-066-->
<!-- Note:lu:STMN/PRODUCED-->
<!-- Note:dl:19980605-->
<dl>20020201</dl>
<ot>2..o. 10-70
pgNbr=1
rato

pgNbr=2
</ot>
</LTDLWOCR>
