<?xml version="1.0" encoding="ISO-8859-1"?>
<LTDLWOCR>
<tid>aaw15c00</tid>
<bt>2505654926</bt>
<!-- Note:br t="m":2505654896/4942-->
<dd>20001115</dd>
<dt>FORM, FORM</dt>
<dt>SREP, RESEARCH PROPOSAL, SCIENTIFIC</dt>
<no>INBIFO, INSTITUT FUR BIOLOGISCHE FORSCHUNG; PMUSA, PHILIP MORRIS USA</no>
<fn>2505654685/2505654999/WSA INBIFO PROJECTS 20010000; 2505654895/2505654943/MISSING</fn>
<!-- Note:si:E10-->
<!-- Note:s:SANDERS,EB (TED)/STORED FILES-->
<ti>WSA 20010000 PROPOSED PROJECT PLAN CIGARETTE PAPERS</ti>
<pg>1</pg>
<!-- Note:lu:FEDA/PRODUCED-->
<!-- Note:dl:20020911-->
<dl>20021209</dl>
<ot>12/08/00 FRI 21:18 FAX 804 274 3730 SCIENTIF AFFAIRS
YYJH LUUI Propo5etl YfoUBCT h'lara
Project Name:
Objective:
Cigarette papers
... __-..-..-:._...:,_..._.._.._...__
Devr,lop an approach to testing oigareUe papers
Deliverable(s): Agreetl upon protocol,
,._...:--.:_...
Need Addressed: F
................_..._..-- Plan Area (soleci one): Understanding S&amp;H O._ Communicalion Q Acceptancc � Harm Reduction
__
Oisease (sew, we): Canar [] CVD [3 COPD C] Repro j] All D Other [] (specify)
Project Leader: Staff toxic-ologist
L.-_.____ __.._......._-
TactiC6 and Milestones:
Evaluale tlisclosues Van nigarelte p2pors worldwide
Uevelop tesling plan
Internal Resources (WSA, IN9IF0)
Staff toxlr.ologist 10%
PI
IN131F0
Target Date:
U031
...-,~W----.._ ............:..
. ~_.......-.
CRITICAL RESOURCE ALLOCATION
--------- ..-.._..._
External Resources (other PMUSA, external vendors)
WSA 2001 Project Planninp Template

pgNbr=1
</ot>
</LTDLWOCR>
