<?xml version="1.0" encoding="ISO-8859-1"?>
<LTDLWOCR>
<!-- forcebtag -->
<tid>aad82d00</tid>
<bt>518039362/9363</bt>
<rc>HANBERY M;BOYD D;BOYDSTON S;HOFMAN S;MCLANE</rc>
<bx>RJR4350</bx>
<!-- Note:b:DORAL-->
<pc>AYANA MT;RJR</pc>
<dd>19970417</dd>
<dt>LETTER;LIST;PRINTOUT</dt>
<!-- Note:co:Y-->
<np>MCLANE;LIST OF RETAIL ACCOUNTS</np>
<!-- Note:dl:19990107-->
<pg>2</pg>
<!-- Note:rn t="m":CALIFORNIA 1RFP15-->
<!-- Note:sh:19981106-->
<!-- Note:s:MARKETING;SALES;ANAYA M-->
<ti>INDEPENDENTS - DORAL B2G1F PROMOTION (UIN #766824).</ti>
<dl>20020201</dl>
<ot>WE �. VRK
~OKE~
HILDA DOUVAS
Promotions Coordinator
714/672-8643
Fax: 714/672-8426
April 17, 1997
To: Melanie Hanbery, Denise Boyd, Steve Boydston, Steve Hofman
McLane Southern California
Re: Independents - Doral B2GIF Promotion (UIN #766824)
The attached list of independent accounts have authorized McLANE to ship the
indicated number of displays per location of the above promotion. The displays will
arrive on May 12th to coincide with product delivery.
Doral B2G1F will be pre-sleeved. Each carton will contain three pre-sleeved
B2G1F offers plus one live pack. Place seven pre-sleeved cartons in each counter
display and ship to retail. It is not necessary to load display.
PACKING INFORMATION:	21 "B2G1 F" offers per sku.
7 carton display	
	4.9 cartons "live" product
2.1 cartons "gratis" product	
PACKING INSTRUCTIONS:	See Attached.
BILLING INFORMATION:	Bill each store for 4.9 cartons (1 display) times the
�	number of displays shipped.

PAYMENT FOR PACK &amp; SHIP:	30 displays
2.5 "live" 12M cases x $14.00 =$ 35.00
SHIP DATE:	Week of June 2nd
Sincerely,
9fiCcfa (Douvas	
cc: Monee' Anaya, RJR Key Acct. Mgr.

pgNbr=1
1				
SN55B2	WORKPLAN VAP TEMPLATE LISTING			PAGE: 1
97
ATE
04
WHOLESALER
TEMPLATE
TEMPLATE SEQ
SALES LEVEL	: 565292 MCLANE/SUNEAST, INC. cDIRECT&gt;
: 700272 70600 DOR JUNE B2G1F
: 0008
: 54XXXX				-
D
:
TIME: 01:24
TERR	RETAIL	ACCT	NAhME ADDRESS	CITY	ST	ZIP QTY TAX CHAIN-ID	SUPPLIER	ACCT PHONE
						----- ------- ------ ------
-		-
542604	542625	058796	ARCO AM PM M513 3941	SAN FERNANDO GLENDALE	CA	91204	1	--	----------	---------
(818)242-3
542607	542626	626485	ARCO PSI M675 3100	E COLORADO B PASADENA	CA	91107	1			(818)577-7
543008	543021	698229	MCNEECE MART 478 E MAIN ST	EL CENTRO	CA	92243	1			(619)337-2
543004	543020	464951	FIRST &amp; IVY MARKET 2170 1ST AVE SAN DIEGO	CA	92101	1		18051	(619)232-5
542804	542822	555498	E-Z SERVE FOODMART 6310 MISSION BLVD RUBIDOUX	CA	92509	1		70704	(909)369-3
543003	543020	141361	MAESTA CHEVRON 9136 4180 PARK BLVD	SAN DIEGO	CA	92103	1		008052	(619)291-5
543001	543028	940137	HESTON'S SHORT STOP 908 DEL DIOS HWY	ESCONDIDO	CA	92029	1		026591	(619)741-9
542409	542428	571756	MAX MARKET 17438 BEACH BLVD HUNTINGTON BEA CA	92647	1	014	043620	(714)843-6
512101	512829	462256	BEACON 03-515 610 GRAND AVE ARROYO GRANDE	CA	93420	1		260505	(805)489-1
543003	543027	692899	FOUR CORNERS MARKET 4475 CLAIREMONT M SAN DIEGO	CA	92117	1		608487	(619)272-0
543002	543025	423380	MINUTE SHOPS 1502 N SANTA FE A VISTA	CA	92083	1		702027	(619)724-7
542805	542822	599652	QUICK TRIP 1690 E WASHINGTON COLTON	CA	92324	1		703835	(909)824-3
543007	543027	940732	AM/PM M6195 9320 MIRA MESA BL SAN DIEGO	CA	92126	1		704999	(619)566-1
542601	542620	462988	MC QUIRES KWIKI MAR 896 E THOMPSON BL VENTURA	CA	93001	1	001	705822	(805)643-1
542601	542620	462981	MANDELLS LIQUOR/WIN 3915 TELEGRAPH RD VENTURA	CA	93003	1	001	705954	(805)642-1
543004	543029	466100	ADAMS AVE LIQUOR 2740 ADAMS AVE SAN DIEGO	CA	92116	1		707166	(619)284-5
542805		429877	TRUCK TOWN 10238 CHERRY AVE FONTANA	CA	92335	1		707935	(909)823-C
542801	542820	938004	LA QUINTA LIQUOR 78025 LA FONDA LA QUINTA	CA	92253	1		708545	(619)564-3
512101	512829	660550	FAMILY MARKET #2 800 N H ST LOMPOC	CA 93436	1		708669	(805)737-9
542401	542421	666785	HAVEN WINE &amp; LIQUOR 8401 HAVEN AVE RANCHO CUCAMON	CA	91730	1		709063	(909)944-9
542603	542623	454333	FAST STOP MINI MART 5406 WHITSETT AVE VALLEY VLG	CA	91607	1		709188	(818)766-0
512107	512125	733526	MAMMOTH CHEVRON 3226 MAIN MANPM)TH LAKES	CA	93546	1		'040626	(209)934-8
512103	512126	287726	RIP GRIFFINS I-15 &amp; LENWOOD RD BARSTOW	CA	92311	1	3108-0000	063008	(619)253-2
542401	542421	938219	P.B.D. k1882 9315 BASELINE RD RANCHO CUCAMON CA	91730	1	2794-0100		(909)944-5
542808		038823	P.B.D. #1950 30061 ALICIA PKY LAGUNA NIGUEL	CA 92677	1	018 2794-0100		(714)495-9
542807	542826	263111	RODS LIQ 1 118 W CHAPMAN AVE ORANGE	CA	92666	1	025 1769-0000	061002	(714)538-5
542808	542827	262381	RODS LIQ 2 23731 EL TORO RD EL TORO	CA	92630	1	010 1769-0000	061051	(714)837-:
542807	542828	319721	ROD'S M5 1177 S STATE COLL ANAHEIM	CA	92806	1	001 1769-0000	061101	(714)491-7
542407	542425	263291	RODS LA PALMA LIQOU 7988 KNOTT AVE BUENA PARK	CA	90620	1	003 1769-0000	061150	(714)522-7
542801	542820	669046	FLYING J 45020 72235 VARNER RD THOUSAND PALMS CA 92276	1	2333-0200	760058	(619)343-"
		PAGE BREAK TOTAL ACCOUNTS .30 TOTAL QUANTITY w				

pgNbr=2
</ot>
</LTDLWOCR>
