<?xml version="1.0" encoding="ISO-8859-1"?>
<LTDLWOCR>
<tid>aam62c00</tid>
<bt>2077347317/7319</bt>
<!-- Note:br t="m":2077347316/7319-->
<dd>19950120</dd>
<dt>LETT, LETTER</dt>
<dt>CONT, CONTRACT, AGREEMENT RESOLUTION</dt>
<au>NUNLEY,LD III; SIMPSON,GL</au>
<rc>SIMPSON,GL</rc>
<no>CIRCUIT COURT CITY RICHMOND</no>
<fn>2077346993/2077347567/PHILIP MORRIS V. ABC, ET AL. - CORRESPONDENCE - GENERAL INFO ON PLAYERS - SETTLEMENT LETTERS; 2077347004/2077347342/950000 CORRESPONDENCE</fn>
<!-- Note:si:N934-->
<!-- Note:s:LITTLE,GREGORY/CARLSTADT-->
<ti>COPYING ASSISTANCE</ti>
<pg>3</pg>
<!-- Note:lu:FEDA/PRODUCED-->
<!-- Note:dl:20021205-->
<dl>20030115</dl>
<ot>SENT BY:HUNTON &amp; WILLIAMS ; 1-20-95 ; 12:13 ;
�
212 907 5399;# 2/ 4
F2e No.: 48881.2
DMEcr D,AL No.: (804) 788-8679
January 20, 1995
Mr. George L Simpson
Vice President - Marketing
Corporate Copies Incorporated
26 North Eighth Street
Richmond, VA 23219
Fax: 648-3117
R . (`opyine Ass_ictance
Dear George:
We wish to retain Corporate Copies to assist us with certain copying needs that we
have. Our needs are particularly acute in the short run; however, we may have continuing,
although more limited, needs for some time.
As we discussed, the documents to be copied are highly proprietary client files, and
are subject to the attorney-client and/or work product privilege, as well as protection under
a Stipulation and Protective Order entered by the Circuit Court for the City of Richmond.
You agree, as a basis of your retention, to maintain all applicable privileges and protections.
Accordingly, it is incumbent that you do all that is possible to retain the confidentiality of
these documents. Accordingly, you and I discussed, and agreed, on the following
procedures:
1. At present you know the client and case assignment.
You agree to maintain the confidence of our clients'
identity and case involvement, sharing that identity only
with your Chief Executive Office. Further, you agree to
hold in confidence the fact of your retention for this
project.
pgNbr=1
SENT 6Y:H(1NTON &amp; WILLIAMS : -20-95 ; 12:14 ;
Mr. George L. Simpson
-2-
212 907 5399;# 3/ 4
January 20, 1995
2. Our documents will be copied on a seven day a week
basis during your second and third shifts (5:00 p.m.-1;00
am.; 11:00 p.m.-7:00 a.m.) at the two locationa we
discussed;
3. Your facility will be 'locked-down" while .running our
copies, and only our documents will be in process during
your second and third shifts;
4. There will be a supervisor present at each of your
locations during any time that our copies are
being processed;
5. All Corporate Copies' employees and ofllcers who will
be involved in processing our copies will execute the
attached Confidentiality Agreement before any of the
copying begins;
6. Only Corporate Copies' employees actively engaged in
processing our documents, who have signed the Confi-
dentiality Agreement, will have access to our documents
or copies thereof;
7. We may have representatives on site at all times while
our copies are being processed; and
8. If we choose, we may deliver originals at the start of the
second shift, and pick up all originals, whether yet
copied or not, and all copies at the end of the third shift.
For all documents delivered for processing, you agree
that the documents will be kept at all times in your copy
room, and will not be removed until picked up by our
messengers.
pgNbr=2
SENT BY:I{UNTON &amp; 9PILLIAMS y1-20-95 ; 12:14 212 907 5399;# 4/ 4
Mr. George L Simpson - 3- January 20, 1995
If the above is an agreeable basis for our engagement of your firm, please sign where
indicated below and return a copy of the signed letter by telecopy to me.
Sincerely,
Lonnie D. Nunley, III
LDN, III/njj
Enclosure
Agreed To:
George L. Simpson
Vice President - Marketing
Corporate Copies Incorporated
pgNbr=3
</ot>
</LTDLWOCR>
