<?xml version="1.0" encoding="ISO-8859-1"?>
<LTDLWOCR>
<tid>aar74a00</tid>
<bt>2046621282</bt>
<!-- Note:br t="m":2046621282/1282A-->
<dd>19951116</dd>
<dt>TELE, TELEX</dt>
<dt>MEMO, MEMORANDUM</dt>
<au>WALLS,T</au>
<rc>HAN,V; LEMPERES,J</rc>
<pc>CARNEY,A; FLOURNOY,T; HAN,V; KEANE,D; LIEBENGOOD,H; LITTLE,G; MERLO,E; NICOLI,D; PARRISH,S; REED,J; WALL,C; YORK,M</pc>
<np>GARNICK,M; LEMPERES,J; REED,J; TEEL,K</np>
<!-- Note:pa1:2046621254/2046621348&lt;/pa1-->
<!-- Note:si:N332-->
<!-- Note:s:HAN,VICTOR/ELECTRONIC FILES-->
<ti>MD</ti>
<pg>1</pg>
<!-- Note:lu:FEDA/PRODUCED-->
<!-- Note:dl:20040610-->
<dl>20040615</dl>
<ot>Page 8
Note for Han, Vic
From: Walls, Tina
oate: 16, Nov 1995, 12:30 PM
Subject: RE.PID
ro: Lemperes, Jim
Ce: Carney, Alfonso; Plournoy, Tina; Han, Vic; Keane, Denise; Liebengood, Howard; Little,
Greg; Mer[o, Ellen; Nicoh, David; Parrish, Steve; Reed, Julie; Wall, Charles; York, Mike
thanks jim for the update.
the press release is being faxed to all listed and to murray garnick and keith teel at the tirr,e of
this note.
julie--hard copy to murray garnick and keith teel via fax.

pgNbr=1
</ot>
</LTDLWOCR>
