<?xml version="1.0" encoding="ISO-8859-1"?>
<LTDLWOCR>
<tid>aat86c00</tid>
<bt>2078873150</bt>
<!-- Note:br t="m":2078873144/3155-->
<dd>20000922</dd>
<dt>EMAI, E-MAIL</dt>
<au>WOODWARD,E</au>
<rc>MERLO,E; SCHUYLER,BH</rc>
<pc>DARAGAN,KM; GRAEF,J; LAUFER,D; LEVY,CJ; PFEIL,ME; TURNER,H; WILSON,GB</pc>
<np>GRAEF,J</np>
<pc>PMUSA, PHILIP MORRIS USA</pc>
<no>PM AUSTRALIA; PMAI, PHILIP MORRIS ASIA INC.; PMUSA, PHILIP MORRIS USA</no>
<!-- Note:si:N905-->
<!-- Note:s:PFEIL,MICHAEL/COMPUTER FILES-->
<ti>RE: EX-CONUS</ti>
<pg>1</pg>
<!-- Note:lu:FEDA/PRODUCED-->
<!-- Note:dl:20020719-->
<dl>20021209</dl>
<ot>2078873150
-----Original Message-----
From: Woodward, Ellis
Sent: Friday, September 22, 2000 10:09 PM
To: Merlo, Ellen; Schuyler, Brian H.
Cc: Pfeil, Michael E.; Laufer, David; Levy, Carolyn J.; Daragan, Karen M.;
Turner, Henry; Wilson, Gregory B. (PMUSA)) Graef, Jason
Subject: RE: Ex-Conus
PMUSA team should contact Jason Graef who manages YSP in Asia. Our number in
Hong Kong is 852-2825-1600.
FYI: both PM Asia and PM Australia are currently running or planning YSP
programs in various Pacific islands.
Many thanks.

pgNbr=1
</ot>
</LTDLWOCR>
