<?xml version="1.0" encoding="ISO-8859-1"?>
<LTDLWOCR>
<tid>aax16e00</tid>
<bt>2043436161/6162</bt>
<dd>19910200/E</dd>
<dt>MEMO, MEMORANDUM</dt>
<au>TOBIN,B</au>
<np>MEYERWOLDEN,A</np>
<no>GRAND SLAM COMM; GRAND SLAM DEVELOPMENT FUND; ITF; KRAFT GENERAL FOODS; WTA</no>
<!-- Note:pa1:2043436161/2043436162&lt;/pa1-->
<fn>2043436132/2043436337/COUNCIL MEETINGS - 910000</fn>
<!-- Note:si:N553-->
<!-- Note:s:BROEMAN,INA/CARLSTADT-->
<ti>POSSIBLE GRAND SLAM CUP FOR WOMEN</ti>
<pg>2</pg>
<!-- Note:rn t="m":STMN/R2-039-->
<!-- Note:lu:STMN/PRODUCED-->
<!-- Note:dl:19980605-->
<!-- Note:b:VIRGINIA SLIMS-->
<dl>20020201</dl>
<ot>0
FROM INTERNATIONAL TENNIS FEDERATION
STRICTLY CONFIDENTIAL
From:
Subject:
BACKGROUND:
01.15,1991 12,34
MEM0RAND,UM
Brian Tobin
POSSIBLE GRAND SLAM CUP FOR WOMEN
/
N0,12 P. 1
The Grand Slam Cup for Men was inaugurated in
December 1990 in Munich, supported and sanctioned
by the four Grand Slams and the ITF. Details:
Prize Money:
Scheduled:
$ 6m plus $ 2m to Grand Slam Development Fund.
Dr Axel Meyer-Wolden, who receives all rights,
pays all expenses and retains all profits.
The Grand Slam Committee retains the final
control over all match details, format etc.
12 players, knockout, singles only.
1990: 10 - 16 December, 1991: 9 - 15 December
1992: 7 - 13 December (tentative)
The Grand Slam Committee would like to have introduced a Grand Slam
Cup for Women in 1990 but did not out of respect for the Kraft
General Foods Tour, of which the Grand Slams are a part, and for
the agreements currently in place.
This matter is under re-consideration now because of new pressures
which are being applied to the Tour concept in the form of special
events, in particular the recently announced $ 3m Special based on
player performances in Tour events.--Most=v�--those persons present
at the Melbourne meeting ha_ve earlier expressed`a desire to discuss
all possibilities aimed ~ protecting the Tour ar~id, if a Grand Slam
Cup type event is stag~a-tind spi~ap`ofrincluding it within
the official structure.
The Grand S1ams and the ITF also desire any such event to be of
benefit to the game, the Tour, the players, and, of course to the
Grand Slams.
pgNbr=1
-2-
OPTIONS:
1. is there a way to reconstruct the Virginia Slims Finals to
incorporate the Grand Slam Cup concept? Three fundamentals
at least, would need to be resolved:
possible. An extension to 9 or 10 days may be necessary in
this case.
results, and the other on Grand Slam performances.
, R�
(a) The different event philosophies one based on Tour
$ 3m.
(b) An increase in actual on site player money to at least `V
(c)
The cigarette sponsorship question as it relates to the
Grand Slams.
Adding a women's event to the current Grand Slam Cup for Men.
~ The Grand Slams are in fact joint women's/men's tournaments
~ and they would prefer this concept, even if not immediately
lear on the future of that event.
Playing a "stand alone" event either in the same time frame
or at a time more friendly to the Virginia Slims Finals, i.e.
some time between the US Open and the Virginia Slims Finals.
The obvious week would be the "Essen Week" in September, (some
7/8 weeks prior to the Virginia Slims Finals), but I am not

Of course this would mean playing three weeks after the
Virginia Slims Finals, although on a different continent.
The Grand Slam Committee does have a firm offer from Dr Axel Meyer-
Wolden for consideration. It offers a minimum of $ 3m in prize
money plus other payments to appropriate parties. The proposal is
for a five year period plus a five year option and prefers the
event to take place concurrently with the men, i.e. in December.
The venue would be in Germany for the first four years, after which
it would be by mutual agreement. A field of eight players is

Kraft General Foods would be offered a presenting sponsorship at
a mutually agreed price.
suggested.
WTA would be expected to award computer points.
The above details must be kept STRICTLY CONFIDENTIAL until such
time as agreement in principle between all interested parties is
obtained.
pgNbr=2
</ot>
</LTDLWOCR>
