<?xml version="1.0" encoding="ISO-8859-1"?>
<LTDLWOCR>
<tid>aax60e00</tid>
<bt>93219049</bt>
<dd>19540106</dd>
<dt>LETT, LETTER</dt>
<rc>KENT,HA</rc>
<np>DANIELS</np>
<ca>AMER, AMERICAN TOBACCO; TOBACCO INDUSTRY RESEARCH</ca>
<cr>LOR, LORILLARD</cr>
<!-- Note:co:ILLE, ILLEGIBLE-->
<fn>93218762/93219153A/COUNCIL FOR TOBACCO RESEARCH@ 93218763/93219153/COUNCIL FOR TOBACCO RESEARCH NEW YORK, N.Y.</fn>
<!-- Note:si:N111-->
<!-- Note:s:FINANCE/SECRETARY'S FILES-->
<pg>1</pg>
<!-- Note:rn t="m":R1-004; R1-037; R1-130-->
<!-- Note:lu:STMN/PRODUCED-->
<!-- Note:dl:19980605-->
<dl>20020201</dl>
<ot>THE 'A1KER'ICAN TUB11Cc.0 COMPA2\'Y
INCORPO;RATED
111. FI,FTH A'YEITUE~,. NEW Z'QRK~~ 3,X1:,
OYYICE'Or iHEPHE9I DENT
M'r. Herbert A. Kt
Chai ~ ~ of' th Board
P. Lorillard 9mpany
119 West 4 , Street
New York , 8eK York
Janua ry 6, 1954
TYiankrPou for your letter of January 5 nondnating
Mr. iels as your legal representative.
%
~
~~
~
Wii~i best regards,.
Sincerely,
,
,
Chairman,
Tobacco Industry Research Committee
pgNbr=1
</ot>
</LTDLWOCR>
