<?xml version="1.0" encoding="ISO-8859-1"?>
<LTDLWOCR>
<tid>aac95c00</tid>
<bt>2069718636</bt>
<dd>19950912</dd>
<dt>SPEC, SPECIFICATION</dt>
<au>SMITH,KV</au>
<!-- Note:si:M674-->
<!-- Note:s:CIGARETTE SPECS/COMPUTER FILES (STEWART HOLMES)-->
<ti>BASIC WEIGHT SPECIFICATION B&amp;H 100 MENTHOL SP</ti>
<pg>1</pg>
<!-- Note:lu:FEDA/PRODUCED-->
<!-- Note:dl:20021017-->
<!-- Note:b:BENSON &amp; HEDGES-->
<dl>20021209</dl>
<ot>CABARRUS COUNTY EFFECTIVE DATE: 09/18/1995
B&amp;H 100 MENTHOL SP STANDARD PRODUCTION
BRAND CODE-00431 (STD)
PHYSICAL PARAMETERS
TOBACCO ROD LENGTH .	72.0	MM	
TIPPING LENGTH .	32.000	MM	
CIGARETTE PAPER WIDTH .	27.00	MM	
CIRCUMFERENCE .	24.80	MM	
CALCULATED VOLUME .	5,523.9196	CUBIC MM	
CALCULATED DENSITY .	24.4902	CGMS/CC	
	TARGETS		
PACK 0. V. .	13.15	Y. W/W	
LOOSE ENDS .
FIRMNESS TARGET .	&lt; 0.500
3.00	GMS/50
MM	
RANGE .	FROM 2.60 TO 3.40	MM	(ONE WEEK N=3)
RANGE .	FROM 2.90 TO 3.10	MM	(EIGHT WEEK N=24)
FILLER WEIGHT .	.8630161	GRAMS	
CALCULATED WEIGHT:	1.9026	LBS. /1000	
PAPER AND ADHESIVE .	.0506103	GRAMS	
ROD WEIGHT :	.9136264	GRAMS	
TIPPING AND ADHESIVE .	.0415621	GRAMS	
TOTAL LESS PLUG .	.9551885	GRAMS	
REASON FOR CHANGE : SPECIFICATION UPDATED TO REFLECT UPDATED PAPER
: AND ADHESIVE WEIGHT AND/OR TIPPING AND ADHESIVE
: WEIGHT. TOTAL LESS PLUG WEIGHT CHANGED. DK TO
: MIX FINISHED CIGARETTES.
PREPARED BY : K.V. SMITH PRINTING DATE . 1/19/02
PREPARATION DATE' . 9/12/95 PRINTING TIME : 12:57:05
APPROVED BY: SUPERCEDES SPECIFICATION DATED: 12/12/94

pgNbr=1
</ot>
</LTDLWOCR>
