<?xml version="1.0" encoding="ISO-8859-1"?>
<LTDLWOCR>
<tid>aaj64c00</tid>
<bt>91011905</bt>
<dd>19750929/P</dd>
<dt>NEWS, NEWSPAPER ARTICLE</dt>
<au>MARSHALL,A</au>
<np>BUTZ,EL; CHAPMAN,RF; EVANS,H; GASKINS,T; NEXSEN,D; SKIPPER,J; TURNER,WA; WINDHAM,RT</np>
<no>US CIRCUIT COURT APPEALS</no>
<!-- Note:co:MARG, MARGINALIA-->
<fn>91011867/91012363/LITIGATION RE: WINDHAM V. AMERICAN BRANDS ET AL. (SOUTH CAROLINA) CORRESPONDENCE VOL. 4 - 760804</fn>
<!-- Note:si:G29-->
<!-- Note:s:LEGAL DEPT FILES/BASEMENT GMP-->
<ti>CLASS ACTION SUIT DENIED BY JUDGE</ti>
<pg>1</pg>
<!-- Note:rn t="m":R1-027-->
<!-- Note:lu:FEDA/PRODUCED-->
<!-- Note:dl:20011220-->
<dl>20030115</dl>
<ot>I
f
Y
r
0
k
b/506ttOt6

pgNbr=1
</ot>
</LTDLWOCR>
