<?xml version="1.0" encoding="ISO-8859-1"?>
<LTDLWOCR>
<!-- forcebtag -->
<tid>aae51a00</tid>
<ti>Lucky Strike Filters Newspaper Coupon Ad, SAU #12 2/C Week Of May 14, 1984</ti>
<dt>Chart/Graph/Drawing/Table</dt>
<dt>Graphic</dt>
<dd>19840514</dd>
<!-- Note:ci:10004036-->
<!-- Note:rn t="o":Yes-->
<pg>7</pg>
<!-- Note:ag:12881482-->
<!-- Note:dl:19990524-->
<bt>990455812/5818</bt>
<!-- Note:br t="a":RW0797065-008-00010/RW0797065-008-00016-->
<dl>20020201</dl>
<ot>LUCKY STRIKE FILTERS
NEWSPAPER COUPON AD
SAU #12 2/C
WEEK OF MAY 14, 1984
1984
RANK	
MARKET/NEWSPAPER	
M OR E	CIRC.
(000)
18	St. Louis Post-Di:spa.tch	M	254.3
19	San Diego Union	M	217.1
20	Tampa Tribune	D	197.0
21	Denver Rocky Mtn. News *	M	315.5
22	Cincinnati Enquirer	M	189.8
23	Phoenix Republic	M .	273.7
24	Kansas City Times	M	282.5
25	Milwaukee Journal	E	303.0
26	New Orleans Times
Picayune/States Item * *	D	276.3
27	Columbus Dispatch	E	207.2
28	Norfolk Virginian-Pilot ***	M	138.8
29	Indianapolis Star	M	228.1
30	Sacramento Bee	M	219.1
31	Portland Oregonian	D	289.6
32	San Antonio Express	M	90.3
33	Hartford Courant	M	218.4
35	Buffalo News	D	318.7
36	Salt Lake City Tribune	M	107.2
37	Rochester Democrat &amp; Chronicle	M	132.0
38	Louisville Courier Journal		178.1
39	Memphis Commercial Appeal	M	245.0
40	Dayton News	E	118.6
* SAU #12 B/W
** 1,000 lines 2/C
*** 800 1 i nes 2/ C
-2-

pgNbr=1
LUCKY'STRIKE FILTERS
NEWSPAPER COUPON AD
SAU #12 2/C
WEEK OF MAY 14, 1984
1984
RANK	- -
MARKET/NEWSPAPER	
M OR E	CIRC.
(000)
1	New York		
	Long Island Newsday	E	525.1
	Newark Star-Ledger *	M	432.1
	Westchester Rockland Group	E	180.7
	Bridgeport Telegram/Post *	M/E	89.2
2	Los Angeles		
	Long Beach Press/Telegram	D	127.9
	Santa Ana Register	D	271.3
	Riverside Press/Enterprfse	M �	111.5
	Los Angeles USSPI		875.2
	Anaheim USSPI		450.6
3	Chicago USSPI		641.3
4	Philadelphia USSPI		502.7
5	San Francisco Chronicle	M	531.0
	Oakland Tribune	M	149.8
	San Jose Mercury-News	D	243.1
6	Detroit USSPI		626.5
7	Boston Globe	D	514.8
8	Washington, DC USSPI		183,4
9	Houston Chronicle		459.2
10	Dallas News *	M	317.3
	Ft Worth Star-Telegram	E	240.1
11	Miami Herald	M	406.7
12	Cleveland Plain Dealer	M	493.3
13	Atlanta Constitution	M	221.4
14	Baltimore Sun *	M	185.5
15	Pittsburgh Press	E	251.3
16	Minneapolis Star Tribune	D	361.7
17	Seattle Times	E	225.4
* 1,000 lines 2/C -1-

pgNbr=2
.
LUCKY STRIKE FILTERS
NEWSPAPER COUPON AD
SAU #12 2/C
WEEK OF MAY 14, 1984
1984
RANK	
MARKET/NEWSPAPER	
M OR E	CIRC.
(000)
91	Jackson Clarion-Ledger/News	M/E	109.4
92	Lancaster New Era	E	57.9
93	Des Moines Register	M	239.3
94	Peoria Journal Star	D	100.5
95	Stockton Record	E	52.1
96	Augusta Chronicle	M ~	60.1
97	Fort Wayne News Sentinel	E	63.1
99	Lakeland Ledger	M	56.7
100	Huntington Herald-Dispatch	M	44.1
101	Shreveport Times	M	81.5
102	Corpus Christi Caller	M	60.4
103	Madison Wisconsin State Journal	M	76.7
104	Lexington Herald Leader	M	107.0
105	Colorado Springs Gazette Telegraph	D	88.3
106	Santa Rosa Press-Democrat	M	71.0
107	Reading Times Eagle	M/E	82.9
108	Utica Observer-Dispatch	E	35.6
109	McAllen Moniter	E	22.3
110	Santa Barbara News Press	E	47.3
111	Pensacola Journal	M	53.6

pgNbr=3
'� .
LUCKY STRIKE FILTERS
NEWSPAPER COUPON AD
SAU #12 2/C
WEEK OF MAY 14, 1984
1984
RANK	
MARKET/NEWSPAPER	
M OR E	CIRC.
(000)
112	Salinas Californian	E	23.6
113	Appleton Post-Crescent	E	50.7
114	Eugene Register-Guard	M	65.2
115	Manchester Union Leader	M	68.3
116	Mongomery Advertiser	M	48.4
117	Modesto Bee	M	69.9
118	Melbourne Times	M-Wed.-Weekly	45.3
119	Erie Times	E	44.6
120	Daytona Beach Journal	M	58.2
121	Evansville Courier	M	63.5
122	Rockford Register Star	M	73.6
123	Charleston, W.Va. Gazette	M	55.0
124	Macon Telegraph &amp; News	M	68.0
125	Mtddletown Times Herald-Record *	M	70.3
126	Duluth News-Tribune &amp; Herald	M	62.1
127	Salem Statesman Journal	M	58.6
128	Johnstown Tribune-Democrat	M	53.6
130	Visalia Times Delta	E	20.0
132	Poughkeepsie Journal	M	41.3
133	South Bend Tribune	E	103.8
134	New London Day	E	37.3
* SAU #12 B/W

pgNbr=4
	LUCKY STRIKE FILTERS	
	NEWSPAPER COUPON AD	
	SAU #12 2/C	
	WEEK OF MAY 14, 1984	
1984			CIRC.
RANK	MARKET/NEWSPAPER	M OR E	(000)
135	Provo Herald	E	31.6
136	Columbus, Ga. Enquirer/Ledger	M/E	59.0
137	Fort Myers News-Press	M	64.3
138	Temple Telegram	M	25.3
139	Brownsville Herald	E	14.0
140	Roanoke Times	M .	73.5
141	Savannah News	M	56.5
142	Sarasota Herald-Tribune	M	83.3
143	Niagara Falls Gazette	M	29.5
144	Portland, Me Press Herald	M	61.0
145	Lubbock Avalanche Journal	M	58.8
146	Springfield, Mo. News	M	34.7
147	Kalamazoo Gazette	E	63.9
148	Reno Gazette-Journal	M	42.0
150	Vancouver Columbian	E	44.3
TOTAL CIRCULATION: 22,757.5

pgNbr=5
LUCKY STRIKE FILTERS
IVEWSPAPER COUPON AD
.SAU #12 2/C
AtEEK OF MAY 14; 1984
1984
RANK	
MARKET/NEWSPAPER	
M OR E	CIRC,
000
66	Tucson Star	M	70.4
67	Austin American-Statesman	D	145.8
68	Harrisburg News	E	58.5
69	Fresno Bee	M	135.0
70	Youngstown Vindicator *	E	99.4
71	Baton Rouge Advocate	M	78.9
72	Las Vegas Review-Journal	D	99.8
73	El Paso Times	M	55.7
74	Little Rock Arkansas Gazette	M	125.4
75	New Bedford Standard Times	E	48.6
76	Mobile Register	M	50.8
78	Flint Journal	E	108.5
79	Johnson City Press-Chronicle	M/E	27,8
	Bristol Herald-Courier/Virginia
Tennessean	M/E	41.1
80	Albuquerque Journal	M	91.3
81	Chattanooga News-Free Press	E	55,7
83	Lansing State Journal	E	69.1
84	Saginaw News	E	56.2
85	Bakersfield Californian	M	76.1
86	Wichita Eagle-Beacon	M	120.9
87	Canton Repository	E	62,5
88	York Dispatch ,	E	51.0
89	Davenport Quad City Times	D	64,4
90	Beaumont Enterprise	M	71.5
* 1,000 lines 2/C

pgNbr=6
	LUCKY STRIKE FILTERS		
	NEWSPAPER COUPON AD		
	SAU #12 2/C		
	WEEK OF MAY 14, 1984		
1984			CIRC.
RANK	MARKET/NEWSPAPER	M OR E	(000)
41	Birmingham News	E	161.6
42	Oklahoma City Oklahoman and T1me.s	M	271.0
43	New Brunswick Home News	E	56.4
44	Nashville Tennessian	M	123.0
46	Providence Journal/Bulletin	M/E	217.7
47	Albany Times-Union	M	86.7
48	Honolulu Star-Bulletin	E	110.0
49	Richmond Times Dispatch *	M	135.5
50	Orlando Sentinel	D	213.4
51	New Haven Register	E	91.5
52	Jacksonville Times-Union	M	160.3
53	No. East Pa. Wilkes Barre Times-Leader	M	45.4
54	Tulsa World	M	133.3
55	Worcester Gazette	E	85.3
56	Allentown Call	M	128.1
57	Syracuse Herald- Journal **	E	103.6
58	West Palm Beach Post	M	91.2
59	Toledo Blade *	E	161.9
60	Grand Rapids Press	E	132.7
62	Omaha World-Herald	D	223.1
64	Knoxville News Sentinel	E	98.1
65	Springfield News	E	72.1
800 lines 2/C
1,000 lines 2/C
-3-

pgNbr=7
</ot>
</LTDLWOCR>
