<?xml version="1.0" encoding="ISO-8859-1"?>
<LTDLWOCR>
<tid>aar75c00</tid>
<bt>2078281731A</bt>
<!-- Note:br t="m":2078281731/1734-->
<dd>20000124</dd>
<dt>EMAI, E-MAIL</dt>
<au>BERLIND,M</au>
<rc>SCRUGGS,J</rc>
<pc>HOEL,J</pc>
<np>HOEL,J</np>
<no>FDA, FOOD AND DRUG ADMINISTRATION</no>
<!-- Note:si:N868-->
<!-- Note:s:BERLIND,MARK/COMPUTER FILES-->
<ti>FW: ATTACHED TALKING POINTS</ti>
<pg>1</pg>
<!-- Note:lu:FEDA/PRODUCED-->
<!-- Note:dl:20020815-->
<dl>20021209</dl>
<ot>	N
	O
	-4
	W
----Original Message----- -	N
From:	Berlind, Mark	W
Sent:	Monday, January 24, 2000 11:07 AM	~
To:	Scruggs, John	v
Cc: -	Hoel, John	W
Subject: -	FW: Attached Talking Points	~
Importance:	High	D
Here are my comments, which, as John H predicted, are heaviest around the FDA section. I'm around all day if you'd like
to discuss, and offsite Tuesday-Thursday of this week.

pgNbr=1
</ot>
</LTDLWOCR>
