<?xml version="1.0" encoding="ISO-8859-1"?>
<LTDLWOCR>
<tid>aaf47e00</tid>
<bt>2030242882</bt>
<!-- Note:br t="m":2030242881/2882-->
<dd>19861200/E</dd>
<dt>NOTE, NOTE</dt>
<no>CHEMTRIC</no>
<!-- Note:co:HAND, HANDWRITTEN-->
<fn>2030242879/2030242960/PARK 500 HAZARDOUS MATERIALS; EMERGENCY RESPONSE TRAINING PROGRAM OPERATIONS LEVEL; STUDENT MANUAL;</fn>
<!-- Note:si:M52-->
<!-- Note:s:LODGE,BARRY-->
<pg>1</pg>
<!-- Note:lu:ABCD/PRODUCED-->
<!-- Note:dl:19990524-->
<dl>20020201</dl>
<ot>C h:i,� 4l c(
`IJQ I'(Vw4,, te 2J~00'.vJ'c..
,Qoc - qolt(..,VS,U,A
r''s aT '. I,
!~ - f~LTc~T T~i'c ~ot^cs ~~cz. o-~ qr
~ou~r
'r.cw
C- C4 0 G1 c- res~pa.J;tc v~j c-
'Q
~- /"v~/'~wT&lt;. prcJr&lt;J3
/
O~NS,~- - ~ 1~ ~'U r
QVa,r Jr,;.~ - MO c~eJ uTv
I'~Di..C4 1
fz- - /z- xp ; os,. " a
src ~
l~C~ - 5C VC,, c~e
.r
L Tl c�,gto:,or7;;.T6,~ Comr.
y e~1'`
r~ Co ar r 9 G - l=,., ~- 6 .,. 1~ b ,,,, 7t
I
/
2030'2428 8 2'
pgNbr=1
</ot>
</LTDLWOCR>
