<?xml version="1.0" encoding="ISO-8859-1"?>
<LTDLWOCR>
<tid>aab69e00</tid>
<bt>2029207039</bt>
<!-- Note:br t="m":2029207039/7042-->
<dd>19930622</dd>
<dt>FORM, FORM</dt>
<dt>LETT, LETTER</dt>
<au>REININGHAUS,W</au>
<rc>WILLE,M</rc>
<ca>INBIFO, INSTITUT FUR BIOLOGISCHE FORSCHUNG</ca>
<cr>BML</cr>
<!-- Note:co:FLGE, GERMAN LANGUAGE-->
<fn>2029206962/2029207509/INBIFO TELEFAX-AUSGANG AB 930416 BIS;  930705 TELEFAX - ORIGINAL ABLAGE; </fn>
<!-- Note:si:I30-->
<!-- Note:s:REININGHAUS,WOLF/HALL CLOSET-->
<ti>TELEFAX MESSAGE NO.: 5004 BESUCH DES ERNAHRUNGSAUSSCHUSSES IN UNSEREM HAUS</ti>
<pg>1</pg>
<!-- Note:rn t="m":STMN/R2-038-->
<!-- Note:lu:STMN/PRODUCED-->
<!-- Note:dl:19980605-->
<dl>20020201</dl>
<ot>INBIFO Institut fur bioiogische Forschung G
~H
e.lefax_
TELEFAX MESSAGE NO.: 500(f Original
AbIa9
DATUM/DATE: 22.Jun.93
VON/FROM: Dr. W. Reininghaus
AN/TO: Frau Dr. M. Wille
ADDRESSE/: BML
ADDRESS Referat 321
5300 Bonn 1
Fax-Nr. 0228-5294262
ANZAHL DER FOLGENDEN SEITEN/
NUMBER OF FOLLOWING PAGES:
Betr.: Besuch des ErnAhrungsausschusses In unserem Haus
Sehr geehrte Frau Doktor Wille,
n
In der Anlage sende Ich Ihnen unsere Agenda fur diesen Besuch und elnige Hinter-
grundinformation uber unser Institut.
Bitte rufen Sie mich an, falls Sle weltere Vorabinformationen benotigen.
Mit freundlichen Gruf3en
~
.~ ~
~-
Dr. W. Reininghaus
81fz der QeoellecheR: Kbin HR B 307
QeechAflst8hrer. Dr. Wolf Rehlnqhaus
Vertragsforschung
Telefon (02203) 303 - 1
Telefax (2203) 303 - 362
Telex 8874875 lnbl d
WRE/MWO
BML.FAX
.;:'s~
pgNbr=1
</ot>
</LTDLWOCR>
