<?xml version="1.0" encoding="ISO-8859-1"?>
<LTDLWOCR>
<tid>aaz45c00</tid>
<bt>2076251886</bt>
<!-- Note:br t="m":2076251886/1896-->
<dd>19970519</dd>
<dt>LETT, LETTER</dt>
<au>SCOTT,CA</au>
<rc>DINGER,HC</rc>
<ca>HHS, DEPT OF HEALTH AND HUMAN SERVICES; MA DEPT OF PUBLIC HEALTH</ca>
<cr>GOODWIN PROCTER</cr>
<no>GOODWIN PROCTER</no>
<fn>2076251827/2076252303/MASSACHUSETTS; 2076251855/2076251911/MASSACHUSETTS - REG. PO622</fn>
<!-- Note:si:R638-->
<!-- Note:s:WILLIAMS,DAVID/STORED FILES-->
<pg>1</pg>
<!-- Note:lu:FEDA/PRODUCED-->
<!-- Note:dl:20020819-->
<dl>20021209</dl>
<ot>A1AY-21-97 10:26
WIWAM F WELD
Govemor
ARGEOPAULCELLUCCI
Ueutemot Governor
JOSEPH GALLANT
Sexeury
DAVIU H. MULLIGAN
Commiifiona
May 19, 1997
Houcy C. D'uiP,ar, P.C.
Goodwin, Procter &amp; Hoar LLP
Exchange Place
Boston, MA 02109-2881
Dear Mr. Dinger:
k ./
GOdDWl.N, FROC.'L=i ~ ;..:;.
Enclosed is a copy of the revised proposed regulations pursuant to Maasachusott$ General
Law Chapter 30A, Section 2. If you or your client wishes to testify or attend the hearing,
pleaw contact me. so that the appropriate arrangements can be made.
I can be reached directly at 617-624-5903, or by fax at 617-624-5921,
Sincerely, , , ,
en A`.'Sco~ttl~
V~`
Z
From:GOGDWIN,PROCTER &amp; NOAR LLP 6175708150 T-906 P.02 Jo6-588
The Commonwealth of Massachusetts
Executive Office of Health and Human Services
Department of Public Health
250 Washington Street, Boston, MA 02108-4619
nn

pgNbr=1
</ot>
</LTDLWOCR>
