<?xml version="1.0" encoding="ISO-8859-1"?>
<LTDLWOCR>
<!-- forcebtag -->
<tid>aaw40f00</tid>
<ti>-- No Title --</ti>
<dt>MEMO, MEMO</dt>
<dt>CORRESPONDENCE</dt>
<dd>19600601</dd>
<au>WADE,TM</au>
<rc>CUTCHINS,WS</rc>
<np>BIGGERS/X;FOSTER,A/X;KETTELSON,JK/X;X/FOSTER D SNELL</np>
<!-- Note:co:MARG, MARGINALIA-->
<!-- Note:ci:10004026-->
<!-- Note:rn t="m":A4-->
<pg>1</pg>
<!-- Note:ag:288229-->
<fn>FILTERS</fn>
<!-- Note:dl:19990326-->
<bt>680256412</bt>
<dl>20020201</dl>
<ot>GEEYnMIHE'e0~e /C
Brown &amp; Williamann ToB-_eo Corporation
LOUISI'ILLE i, KENTUCKY
GUKftpSYUfVUl:f.UE
INTRA-OFFICE
June ir,.&gt;R/6O.
FROM M6. _ T. tt. Yade,. !iT' ~a')z- _/de
TO bfR -- ( _ S._CUtehlne_ _ _
Department -
COPY TO MP.,_ _
A:eh3e Foster raisee the question eonesrning the differen&lt;es betveen our
tecta and those of Foster D. Bnell. Kettelaon and Biggare were in
Aev York lest veek and ran a series of tests Sn collaboration with ene11.
The information developed by the. and confirmed within limits on orher
earlier confarences would indlcate that theee ara the differenceso
(1)
Snell hes an old type oven in orhich the beate are probably
not ee vell controlled as in ours. This would run the
gne11 teets frau 1/2 to 1-1/2 ugt. above those obtained in
Louisville.
-' (2) Snell dnes not diffexentiata between preseure drops on
cigarettes and app.rently has no intereet in this. The
difference here would be unknown as it would depend on the
individual cigarette.
(3) Snell completes e puff that 1. started, vberees Louisville
cuts off in the last puff to an aceurete butt length of
92na, It Sa estimated by our group that hie average butt
length ia closer to ]1m. the diffarenee here could be
fron 1 to 2 vgs. evking gnell'e figure. higher.
(4) Snell doe. not bave humidity aontrol and vith varying
seasone and conditlons a difference rould exist, but the
aaount of this is lnpossible to state without knowing the
esaet eonditions at .ach tfee. Sheee differencae are
probably lees than the others described above.
(5) gnell's balances are older and nat qutt. as accurate as
ours vhich edght account for deviation plus or ninne.
(6) Snell doee not cool final tar in a desiccator as long ee
ne. This might account for plue or mtnus dtfferences due
to temperature effect, but poesibly not too much on hie
lese accurate balances.
Basically we and Snell me the sems procedure, and apparently the chief
difference is in techniques.


pgNbr=1
</ot>
</LTDLWOCR>
