<?xml version="1.0" encoding="ISO-8859-1"?>
<LTDLWOCR>
<!-- forcebtag -->
<tid>aaf30f00</tid>
<ti>-- No Title --</ti>
<dt>Letter</dt>
<dt>Correspondence</dt>
<dd>19780302</dd>
<au>B&amp;W Ball-L</au>
<rc>BAT Wernitz-R</rc>
<!-- Note:ci:10004026-->
<!-- Note:rn t="m":A5-->
<pg>1</pg>
<!-- Note:ag:13001831-->
<!-- Note:dl:19981123-->
<bt>464520969</bt>
<dl>20020201</dl>
<ot>March'2, 1978
Mr. Rainer Wernitz .
B.A.T. Co. Ltd. Cigaretten-Fabriken GMBH
Postfach 30 06 60, Aleterufer 4
2000 Hamburg 36, West Germany
Dear Rainer.
Colin Pendry has agreed to act on the behaH of B&amp;W I.T. Ie Marketing
Research Department in coordinating the Pall Ma11 KSF pack research
in Germany and Switzerland.' All communications on this proJect should
be directed through Colin.
Your efforts on this study are sincerely appreciated.
Sincerely,
L. L. BALL/db
cc; Colin Pendry
464520969
pgNbr=1
</ot>
</LTDLWOCR>
