<?xml version="1.0" encoding="ISO-8859-1"?>
<LTDLWOCR>
<!-- forcebtag -->
<tid>aax44f00</tid>
<ti>-- No Title --</ti>
<dt>Memo</dt>
<dt>Correspondence</dt>
<dd>19640313</dd>
<au>Coty-ON</au>
<rc>Hunter-JG</rc>
<!-- Note:co:Marginalia-->
<!-- Note:ci:10004026-->
<!-- Note:rn t="m":Attached to a Responsive Document-->
<pg>1</pg>
<!-- Note:ag:60343918-->
<!-- Note:dl:19981123-->
<bt>950201671</bt>
<!-- Note:br t="a":MNAT00576032/MNAT00576032-->
<dl>20020201</dl>
<ot>PR Inquiries - Casing &amp; Flavorinp Materials
Mr. ]. OordoniBunter March 13, 1964
Virginia Branch
0. N. Coty, Supervisor of gssentfal Materials
Research and Development
We are encloeing, fn duplicate, our ansver to your friende questions. Bope
they are satisfactory.
If not let us knov, end we vill try again.
ONC/ro
pgNbr=1
</ot>
</LTDLWOCR>
