<?xml version="1.0" encoding="ISO-8859-1"?>
<LTDLWOCR>
<!-- forcebtag -->
<tid>aal30d00</tid>
<bt>514834830</bt>
<rc>ZADEN N; CITY WHOLESALE</rc>
<au>SCHREIBER LS; RJR</au>
<bx>RJR5669</bx>
<pc>SCHREIBER LS; RJR; ZADEN N; CITY WHOLESALE</pc>
<dd>19960209</dd>
<dt>LETTER</dt>
<!-- Note:co:Y-->
<np>REID A</np>
<!-- Note:dl:20020423-->
<pg>1</pg>
<!-- Note:rn t="m":US COMPREHENSIVE REQUEST 380-->
<!-- Note:sh:20020313-->
<!-- Note:s:LAW; JOHNSON MO; SR COUNSEL-->
<ti>DISRUPTION PAYMENT TO WAM DISTRIBUTORS.</ti>
<dl>20021018</dl>
<ot>_
I? LJ?eynolds
Tobacco Company
LARRYS.SCHREIBER
Vice President - National Accounts
W inston-Salem, NC 27102
910-741-1621
Fax 910-741-0684
February 9, 1996
City Wholesale
Nick Zaden
Post Office Box 190208
Birmingham, AL 35211-5219
Dear Nick,
Subject: Disru tiRonPaymenttoWAMDistributors
This is notificaGon that on February 16, 1998, a credit memo in the amount of $14,000 wiil be issued to
you. If, on this date, you are participating in our Electronic Funds Transfer Program, these funds will be
deposited in your bank account (next day).
Any questions related to this credit should be addressed to Ms. Anne Reid (1-800-862-4338)
Thank you for your support and cooperation.
Very truly yours,
La-rry
Larry S. Schreiber
Vice President - National Accounts
LSS/kp
Fax Transmittal Memo		M of Pages D 1
To Nick Zaden	From	L. S. Schreiber
Co. Ci Wholesala	Co.	RJRT
De L	Phonei/ 910 741-1621
Fax # 205 290-8210	Fax k	910 741-4684

pgNbr=1
</ot>
</LTDLWOCR>
