<?xml version="1.0" encoding="ISO-8859-1"?>
<LTDLWOCR>
<tid>aah03c00</tid>
<bt>2084607739</bt>
<dd>19990203</dd>
<dt>FORM, FORM</dt>
<dt>MEMO, MEMORANDUM</dt>
<au>POSTIGLIONE,R</au>
<rc>CAMISA,R</rc>
<ca>DOUGLAS OUTDOOR ADVERTISING</ca>
<cr>DOUGLAS OUTDOOR ADVERTISING</cr>
<no>PHILIP MORRIS</no>
<fn>2084607728/2084608141/GEORGIA MSA DOCUMENTATION (CONTRACTS, CONFIRMATIONS) JOE MURILLO'S COPY</fn>
<!-- Note:si:N1019-->
<!-- Note:s:MSA/STORED FILES-->
<ti>FAX PHILIP MORRIS - STATE OF GEORGIA</ti>
<pg>1</pg>
<!-- Note:lu:FEDA/PRODUCED-->
<!-- Note:dl:20021219-->
<dl>20030115</dl>
<ot>FRCN1 : DOLGLAS O.D. ADV. / PGM PHONE NO. : 770 427 3270 Feb. 03 1999 11:36WM P1
Phnnn 770-427-3270
Fmc770.b90-9454
Douglas Outdoor
Advertising
Fax
Tm - r Mr. RkN Canisa	Fos	Bob Poatiyfone
Fsm	917-663-5313	sm.r	Febuary 3,1999
Pherbs		pagrr 1
Rr	PFulpp M�ris - 8fate d C,eorgis	Cts
O thgent 0 Far Wview 0 Pt.as. Carrneek O PLss.lbply Cl Pl.a.e BeaYH.
�Commentss As per your request, phae be advised that al of the Philip Morris
~ creative wfll have been removed and desVayed as of the dose of business 2J3/99.
As always, if I can provide additional inforrnation or be of further aasistanoe, feel free
to contact me at 770-427-3270.
Best regards,
Bob Postigi(one
-4
~
tD

pgNbr=1
</ot>
</LTDLWOCR>
