<?xml version="1.0" encoding="ISO-8859-1"?>
<LTDLWOCR>
<!-- forcebtag -->
<tid>aaq75d00</tid>
<bt>503945478</bt>
<rc>OSMON H;RJR</rc>
<au>HORRIGAN EA JR;RJR</au>
<bx>RJR3366</bx>
<!-- Note:rn t="p":1RFP110-->
<dd>19831003</dd>
<dt>LETTER</dt>
<!-- Note:co:N-->
<np>F JIM</np>
<!-- Note:dl:19980227-->
<pg>1</pg>
<!-- Note:rn t="m":MINNESOTA 1RFP4-->
<!-- Note:sh:19961231-->
<!-- Note:s:EXECUTIVE;HORRIGAN EA JR;PRESIDENT RJRI-->
<ti>SUPPORTIVE SMOKING ARTICLE - ORLANDO, FLORIDA SENTINEL.</ti>
<dl>20020201</dl>
<ot>INTER-OFFICr ('ORltl;Sl'ONn1,NCL�'
J
October 3, 1983
MR. H. E. OSMON
SUBJECT: Supportive Smoking Article -
Orlando, Florida Sentinel
Jim sent me the attached article which appeared in a Florida
newspaper and I wondered whether it would be appropriate to
send a thoughtful response back to this newspaper writer. The
tone of our letter might be along the lines of the fact that
in these difficult days when practically everything that is
printed about cigarette smoking is negative, it was refreshing
to see someone bringing more objectivity to this serious question.
If you agree, I will leave it to you to handle.
E. A. HORRIGAN, JR.
EAH/lh
Attachment
pgNbr=1
</ot>
</LTDLWOCR>
