<?xml version="1.0" encoding="ISO-8859-1"?>
<LTDLWOCR>
<tid>aab02e00</tid>
<bt>2028875722</bt>
<!-- Note:br t="m":2028875721/5726-->
<dd>19890104</dd>
<dt>TELE, TELEX</dt>
<dt>LETT, LETTER</dt>
<au>VONCKEN,P; XX ULRICH &amp;lt;HACKENBERG,U&amp;gt;</au>
<rc>OSDENE,TS</rc>
<np>FINK</np>
<ca>INBIFO, INSTITUT FUR BIOLOGISCHE FORSCHUNG</ca>
<cr>PM, PHILIP MORRIS</cr>
<fn>2028875689/2028875829/INBIFO WEEKLY INTERMEDIATE REPORTS DISPOSAL SUSPENSION; </fn>
<!-- Note:si:I9-->
<!-- Note:s:ROEMER,EWALD/SEC'Y FILES-->
<ti>DETERMINATION OF GAMMA RAY ACTIVITY (PT) (P 0268/2167)</ti>
<pg>1</pg>
<!-- Note:rn t="m":STMN/R2-038-->
<!-- Note:lu:STMN/PRODUCED-->
<!-- Note:dl:19980605-->
<dl>20020201</dl>
<ot>ff
8874675 INBI DN
P!'1US ST RCH UD
8B74675 INBI D
05 JAN 89 11:10H
DR. T.S. OSDENE DIRECTOR, SCIENCE AND TECHNOLOGY
PHILIP MORRI'S USA
OPERATIONS CENTER
RICHMOND, VA.
NO. 5895 4.JAN.89 PVO'/BGR' P 0268'/2167'
RE: DETERMINATION OF GAMMA RAY ACTIVITY (PT)
(F' 0268/2167)
tu
DEAR DOCTOR OSDENE:
THE FOLLOWING INTERMEDIATE RER'ORT, TELEX NO~. 5894, HAS
i ;1~i
BEEN SENT TO DR. F I N K,, FME RESEARCH LABORATOR I ES , NEUCHATEL, s ~
ON'4.JAN.89.
SINCERELY,
DR. F . VONCKEN
INBIFO, COLOGNE
BEST REGARDS,
ULRICH ~,
~
~
-~ ~
----------------------------- G/ C^/^[- f+/ /'T I.ItG[-
...
pgNbr=1
</ot>
</LTDLWOCR>
