<?xml version="1.0" encoding="ISO-8859-1"?>
<LTDLWOCR>
<!-- forcebtag -->
<tid>aaz59c00</tid>
<bt>50140234/0234</bt>
<dd>19801231</dd>
<dt>PREPRINTED FORM</dt>
<au>HOCKETT RC, CTR</au>
<!-- Note:dl:20010130-->
<pg>1</pg>
<dl>20021115</dl>
<ot>~11n: Courcn. Ieox ToBACCO REa1:Alic11 -U.S.A., Inc.
r
Grant No.
Contract No.
1290R1
Applicant and Institution
Hans Meier, D.V.M.
The Jackson Laboratory
Co-investigators:Sloane (Tenn.)
Pottathil/Lang (Maryland)
�
Approved for funding in amount of $ 51,472.00
For the period 1/1/81-12/31/81
Not approved for funding
I~U-c,,# C � 7,1z-rA,tt"
Research Director
Dated: December 31, 1980
50140234

pgNbr=1
</ot>
</LTDLWOCR>
