<?xml version="1.0" encoding="ISO-8859-1"?>
<LTDLWOCR>
<!-- forcebtag -->
<tid>aay29d00</tid>
<bt>501863189/3190</bt>
<au>MARLEY F;SCIENCE SERVICE</au>
<dd>19620313</dd>
<dt>PUBLISHED DOC</dt>
<!-- Note:co:Y-->
<np>TIRC;NCI;ACS;ROYAL COLLEGE OF PHYSICIANS;RALEIGH W;LITTLE CC ;US PUBLIC HEALTH SERVICES;NEUBERGER MB;BLATNIK JA</np>
<!-- Note:dl:19990521-->
<pg>2</pg>
<!-- Note:ag:ROYAL COLLEG OF PHYSICIANS' REPORT.-->
<!-- Note:rn t="m":TEXAS INITIAL DISCLOSURE;CORDOVA 1RFP29;ROGERS 1RFP1;KUEPER 1INT3-->
<!-- Note:s:RJRI;LAW-->
<ti>CIGARETTES ON TRIAL AS CONTROVERSY RAGES.</ti>
<!-- Note:tp:CTR/TIRC/TI; SMOKING AND CANCER; SMOKING AND LUNG CANCER; SMOKING BY-PRODUCTS-->
<dl>20020201</dl>
<ot>(Continued from previous page)
TIRC asked if it would not have been better to add, "further research
is required to ascertain the truth."
Research projects by the hundreds are going on to bring out all the
complex factors related to smoking and lung cancer as well as other.ailments
such as heart disease. -
As far back as 1959, the Public Health Service issued a statement
implicating cigarette smoking particularly as a leading cause of lung cancer.
"No method of treating tobacco or filtering the smoke has been
demonstrated to be effective in materially reducing or eliminating the
hazard of lung cancer," the statement reported. "Unless the use of tobacco
can be made safe," it concluded, "the individual person'.s risk of lung
cancer can best be reduced by the elimination of smoking."
Encouraged by the report of the Royal College of Physicians,
Sen. Maurine B. Neuberger (D., Ore.) is planning to introduce legislation
within the next few days "to deal with this tragic problem." She
indicated that her bill might include recommendations by the Royal College
committee, which suggested that cigarette manufacturers be required to
print the tar and nicotine contents on the pack and that the government
increase cigarette taxes sharply.
In 1959, however, a similar bill proposed by Rep. John A. Blatnik
(D., Minn.) never got out of committee for a Congressional vote.
(-L

pgNbr=1
This article vas distributed by Science 3ervice to its subscribers.
Cigarettes on Trial 3!13/ ~2
As Controversy Rages
by ftye Marley
Science Service Writer
Washington -- The attack on cigarettes as a cause of lung cancer
by the Royal College of Physicians in London, Qagland, has fanned a
controversy that has gone on since the Indians taught Sir Walter Raleigh
to smoke.
Not only a matter of health is at stake; it is a multi-billion-
dollar industry that pays the U.S. Government alone nearly two billion
dollars in income tax.
Both sides debating the effects of cigarette smoking have been
equally vocal. The Tobacco Industry Research Coamittee (TIRC) headed by
the well-knovn scientist, Dr. Clarence Cook Little, best represents the
industry's viewpoint.
Over the past decade, cigarette smoking has been attacked by such
medical organizations as the American Cancer Society and the National
Cancer Institute of the U.S. Public Health Service.
Three major objections to the Royal College of Physicians' report
were raised by TIRC:
1. It does not examine the total evidence, but considers only
selected material related to a single aspect of human experience -- smoking.
2. It professes to have considered views that disagree with the
conclusions presented.
3. It claims to demonstrate iqpartiality by reviewing "other
possible explanations which must be considered."
Dr. Little's committee questions whether lung cancer has really
been increasing in recent years. Present diagnostic facilities and death
registration, along with increased knovledge of lung cancer, are factors
not taken into consideration in comparing the present incidence of the
disease with the past.
Ten and more years ago the death certificate of a person dying of
lung cancer might have read "pneumonia," "tuberculosis," "heart failure,"
or even contained such an item as "senility and other ill-defined conditions."
When criticizing the report's recomfendation for specific actions
to be taken aga!nst cigarettes by government and physicians, TIRC singled
out the statee,er. "It should be realized that since we cannot identify
the substances in tobacco smoke that may be injurious to health, no firm
claims for the safety of modified cigarette tobaccos or filters can be made."
- more -

pgNbr=2
</ot>
</LTDLWOCR>
