<?xml version="1.0" encoding="ISO-8859-1"?>
<LTDLWOCR>
<tid>aaf62c00</tid>
<bt>2076828228</bt>
<!-- Note:br t="m":2076828228/8229-->
<dd>19950718</dd>
<dt>LETT, LETTER</dt>
<au>WILSON,JA</au>
<rc>MULDERIG,JJ III</rc>
<pc>WALL,CR</pc>
<np>BLANCHET; COVERT; GIBSON; HEBERT; KEARLEY,R; MARKS; METHVIN; PITRE; REILLY</np>
<ca>SHB, SHOOK,HARDY &amp; BACON</ca>
<cr>PMMC, PHILIP MORRIS MANAGEMENT CORP</cr>
<!-- Note:co:ATCH, ATTACHMENTS MISSING-->
<fn>2076828215/2076828268/MARKS, LOUIS V. RJR ET AL. C.R.W.</fn>
<!-- Note:si:N934-->
<!-- Note:s:LITTLE,GREGORY/CARLSTADT-->
<ti>GIBSON, MARKS AND PITRE</ti>
<pg>1</pg>
<!-- Note:lu:FEDA/PRODUCED-->
<!-- Note:dl:20021202-->
<dl>20030115</dl>
<ot>- LAW OFFICHS �
SHOOK,HARDY&amp;BACON
ONE KANSAS CITY PLACE
1200 MAIN STREET
KANSAS CITY, MISSOUR18410552118
TELEPHONE (516) 49A-8550 I FACSIMItE (816) 421�6641
July 18, 1995
VIA FAX
John J. Mulderig, III, Esq.
Senior Assistant General Counsel
Philip Morris Management Corp.
120 Park Avenue
New York, NY 10017
Re: ibs , ar s and it
Dear John:
043 P02 JUL 18 '95 10:51
As you may recall, at the last status conference,
Magistrate Methvin ordered Mr. Covert to provide us evidence
relating to the accrual of plaintiff's claims. In that regard, I
am enclosing reports we have received from Mr. Covert in Marks and
ibso As you can see, in M s, Covert is simply recirculating
his previously produced reports from Drs. Blanchet and Reilly.
Covert apparently figures that because Mrs. Marks quit smoking on
the 1970s, he doesn't need any additional evidence on the accrual
question in that case. Under the Magistrate's scheduling order, we
have until September 27 to take the depositions of Dr. Blanchet and
Dr. Reilly. In i so , we have until October 16 to take the
deposition of Dr. Hebert.
A1so enclosed is the affidavit of Dr. Richard Kearley,
which Mr. Covert recently filed in the Pitre case. It is
substantially similar to Dr. Hebert's affidavit. I imagine that we
will be scheduling Dr. Kearley's deposition sometime before the
next status conference with the court which is scheduled for
September 29.
James/A. Wilson
h)
0
Enclosure ~
JAW:be 00
cc: Charles R. Wall, Esq. ~
rs
~
os
11077568
YR[plMnolLUCNRCE9
ux+0o,l MQVwD . ZVNlOH.6wm.EFww

pgNbr=1
</ot>
</LTDLWOCR>
