<?xml version="1.0" encoding="ISO-8859-1"?>
<LTDLWOCR>
<tid>aan91a00</tid>
<bt>2059609017</bt>
<dd>19910000/E</dd>
<dt>REPT, OTHER REPORT</dt>
<!-- Note:si:R637-->
<!-- Note:s:WILLIS,VIVIAN/CANDY ROOM-->
<pg>1</pg>
<!-- Note:lu:STMN/PRODUCED-->
<!-- Note:dl:19990524-->
<dl>20020201</dl>
<ot>A93033
Alkaloids
Alkaloids, DWB
Total B-Methylvaleric Acid
Total B-Methylvaleric Acid, DWB
Nicotine
Glycyrrhizic Acid by LC
Glycyrrhizic Acid by LC, DWB
Hot TrTater Solubles (DWB)
Acetic Acid by IC
Formic Acid by IC
Fructose by	IC	
Fructose by	IC,	DWB
Glucose by	IC	
Glucose	by	IC,	DWB
Sucrose	by	IC	
Sucrose	by	IC,	DWB
Theobromine by HP-LC
Nitrate Nitrogen
Nitrate Nitrogen, DWB
Oven Volatiles
Phosphorous
Phosphorous, DWB
Soluble Ammonia
Soluble Ammonia, DWB
Reducing Sugars
Reducing Sugars, DWB
Urea
--------------------
Comments:
Sample Description
------------------
A3BC	CBS	KS	CONTROL
A3BD	CBS	KS	TEST
A3BG	MC	KS	CONTROL
A3BH	MC	KS	TEST
A3BI	SS	KS	CONTROL
A3BJ	SS	KS	TEST
-------^--------------------------------------------
A3BJ
-----------------------------------------------------
`
% 1.80

$ 2.07
ug/g 144.4
ug/g 166.3
$ ?
ug/g 364.9
ug/g 420.2
% 54.
mg/g ?
mg/g ?
8 2.96
$ 3.41
$ 2.28
% 2.62
% 3.15
% 3.63
ug/g ?
% 0.21
95 0.24
$ 13.16
% 0.36
$ 0.41
% 0.295
% 0.340
'k 6.4
% 7.4
% &lt;0.2
Analytical Sample Preparation
AS-IS
AS-IS
AS-IS
AS-IS
AS-IS
AS-IS
.)C
pgNbr=1
</ot>
</LTDLWOCR>
