<?xml version="1.0" encoding="ISO-8859-1"?>
<LTDLWOCR>
<tid>aad16e00</tid>
<bt>2044454532</bt>
<dd>19930113</dd>
<dt>REPT, REPORT, OTHER</dt>
<dt>COMP, COMPUTER PRINTOUT</dt>
<au>FERRY,C</au>
<ca>MIDAS</ca>
<cr>PM, PHILIP MORRIS</cr>
<!-- Note:pa1:2044454351/2044454749&lt;/pa1-->
<!-- Note:si:N553-->
<!-- Note:s:BROEMAN,INA/OFFICE-->
<ti>FIELD REQUISITION ENTRY</ti>
<pg>1</pg>
<!-- Note:rn t="m":STMN/R2-039-->
<!-- Note:lu:STMN/PRODUCED-->
<!-- Note:dl:19980605-->
<dl>20020201</dl>
<ot>NM071E		M.I.D.A.S. PF19	DATE 01/13/93
		FIELD REQUISITION ENTRY	P/R: NAME/ADDRESS
FROM TERR:	99 - 99 - 99 FOR TERR: - -	CHRISANNE FERRY	
SPACE ID:	COMPANY: 01		PHILIP MORRIS USA	
REQ NO:	69918 01 A CARRIER: UPS		300 NORTH MARTINGALE RD
B/L NO:			SUITE 700
REQ DATE:
STATUS:	01 / 13 / 93
A APPROVED SHP RSRVD:	
TS: I
PJ:	SCHAUMBURG IL

DEL NLT 1/22/93	60173
MNT ITEM		COMMENT:	***INSIDE DELIVERY***	
CD	NO	QTY DESCRIPTION	WHS BLDG	MESSAGES	
	57200	48 VS ASHTRAYS P/48	01 A	
	54547	72 VS TEN NEON GINNY T/LG	01 A	
	54548	72 VS TEN NEON GINNY T/XL	01 A	
	55912	400 VS TENNIS NAPKINS P/200	01 A	
*I71E10-MAINTENANCE COMPLETE
IN HOUSE REQUISITION
pgNbr=1
</ot>
</LTDLWOCR>
