<?xml version="1.0" encoding="ISO-8859-1"?>
<LTDLWOCR>
<!-- forcebtag -->
<tid>aad40d00</tid>
<bt>521164940</bt>
<au>PICA USA; NSF</au>
<bx>RJR5572</bx>
<dd>19970800</dd>
<dt>FORM; REPORT; REVISION</dt>
<!-- Note:co:Y-->
<np>PICA USA; BAUMGARTNER</np>
<!-- Note:dl:20020412-->
<pg>1</pg>
<!-- Note:rn t="m":US COMPREHENSIVE REQUEST 46-->
<!-- Note:sh:20020219-->
<!-- Note:s:R&amp;D; PROD/PROCESS DEV-NEW PROD DEV; CROOKS EL; SR STAFF CHEMIST-->
<ti>MATERIAL SAFETY DATA SHEET. G216 60 CTC 14X44. QUALITY COCONUT BASED GRANULAR ACTIVATED CARBON FOR POINT OF USE APPLICATIONS.</ti>
<dl>20021018</dl>
<ot>
a
M

pgNbr=1
</ot>
</LTDLWOCR>
