<?xml version="1.0" encoding="ISO-8859-1"?>
<LTDLWOCR>
<tid>aad34a00</tid>
<bt>2067623582</bt>
<dd>20020424</dd>
<dt>MEMORANDUM</dt>
<au>DAIGLE,WP</au>
<rc>ABHULIMEN,M; AVANTS,K; CRUMPLER,LA; HELM,AS; PATTERSON,RB</rc>
<pc>COGGINS,CRE; DAWSON,BM; LEWIS,JY; MCKIM,TF</pc>
<!-- Note:si:R728-->
<!-- Note:s:LEWIS,JANE/OFFICE-->
<ti>INTERLABORATORY RESULTS - TEST # 28</ti>
<pg>1</pg>
<!-- Note:lu:MILE/PRODUCED-->
<!-- Note:dl:20040301-->
<dl>20040315</dl>
<ot>F
April 24, 2002
TO: Technical Advisory Board
FROM: William P. Daigle
SUBJECT: Interlaboratory Results - Test #28
Enclosed is a summary of data for interlaboratory test #28 as reported by the participating
laboratories. Tables I thru VI show the means and standard deviations for "Tar", Nicotine,
Carbon Monoxide, Puff, TPM, and Water.
Figures 1 thru 3 depict the least squares regression lines of each laboratory's mean against
the mean of all laboratories for the seven samples tested. These graphs were completed for
"Tar", Nicotine, and Carbon Monoxide. Included in each figure are the lists of the
corresponding intercepts and slopes. As indicted, the listed order of the laboratory's
statistics correlates to the intercepts of the Y-axis at each extreme.
Also enclosed are the individual port data and environmental conditions supplied by the
participating laboratories.
Sincerely,
William P. Daigle
President
Technical Advisory Board Xc: Directors (without enclosures)
Ms. Linda A. Crumpler Thomas F. McKim, Esquire
Mr. Michael Abhulimen Ms. Brennan M. Dawson
Dr. Ronald B. Patterson Dr. Christopher R. E. Coggins
Mr. Anthony S. Helm Dr. Jane Y. Lewis
Ms. Karen Avants
I

pgNbr=1
</ot>
</LTDLWOCR>
