<?xml version="1.0" encoding="ISO-8859-1"?>
<LTDLWOCR>
<tid>aab45e00</tid>
<bt>2040963984</bt>
<dd>19920113</dd>
<dt>BUDG, BUDGET, BUDGET REVIEW</dt>
<dt>CHAR, CHART, GRAPH, TABLE, MAPS;  COMP, COMPUTER PRINTOUT</dt>
<ca>LEO, LEO BURNETT AGENCY</ca>
<no>LEO, LEO BURNETT AGENCY</no>
<!-- Note:si:N420-->
<!-- Note:s:MARKETING PROMOTIONS USA/CARLSTADT-->
<ti>OUTDOOR ESTIMATE RECAP - OD01(S) PERIOD 920101 TO 921231 DESC: 774A 2 SHEET COMMUTER RAIL</ti>
<pg>1</pg>
<!-- Note:rn t="m":STMN/R2-039; STMN/R3-014-->
<!-- Note:lu:STMN/PRODUCED-->
<!-- Note:dl:19980605-->
<!-- Note:b:BENSON &amp; HEDGES;  MARLBORO;  MERIT ULTIMA;  PARLIAMENT;  VIRGINIA SLIMS-->
<dl>20020201</dl>
<ot>0
LEO BURNETT U.S.A.
A DIViSTO'n' OF LEO ISURNETT COMPANY, INC.
ADVERTISING
OUTDOOR ESTIMATE RECAP - ODO1(S)
PERIOD DATE 01/13/92
01/01/92 TO 12/31/92 PAGE 1
�
CLIENT: P.M. INC. OFFICE:�10 DESC: 774A 2 SHEET
EST NO: 2135 COMMUTER RAIL
TOTALS BY PRODUCT/MONTH
SHOWING DATE
GROSS GROSS
PRODUCT PERIOD AMOUNT CHANGE
12- B&amp;H 85'S SEP 1992 41-,403.38 41,403.38
QUARTER 3 41,403.38 41,403.38
OCT 41,403.38 41,403.38
NOV 41,042.38 41,042.38
DEC 41,042.38 41,042.38
QUARTER 4 123,488.14 123,488.14
TOTAL 164,891.52 164,891.52
!
10-MARLBORO JAN 1992 41,403.38 41,403.38
14-PARLIAMENT JUN 1992 41,042.38 41,042.38
27-MERIT ULTIMA MAR 1992 41,042.38 41,042.38
QUARTER 1 41,042.38 41,042.38
APR 41,042.38 41,042.38
JUN 361.00 361.00
QUARTER 2 41,403.38 41,403.38
JUL " 41,403.38 41,403.36
QUARTER 3 41,403.38 41,403.38
NOV 361.00 361.00
DEC 361.00 361.00
QUARTER 4 722.00 722.00
TOTAL 124,571.14 124,571.14
16- V.S. 100'S FEB 1992 41,403.38 41,403.38
MAR 361.00 361.00
QUARTER 1 41,764.38 41,764.38
APR 361.00 361.00
MAY 41,403.38 41,403.38
QUARTER 2 41,764.38 41,764.38
AUG 41,403.38 41,403.38
QUARTER 3 41,403.38 41,403.38
TOTAL 124,932.14 124,932.14
GRAND TOTAL JAN 1992 41,403.38 41,403.38
FEB 41,403.38 41,403.38
MAR 41,403.38 41,403.38
QUARTER 1 124,210.14 124,210.14 ~
APR 41,403.38 41,403.38 ~
MAY 41,403.38 41,403.38 ~
JUN 41,403.38 41,403.38
QUARTER 2 124,210.14 124,210.14 ~
JUL 41,403.38 41,403.38
cr
IP'
FORM M-01 REV 05-82
pgNbr=1
</ot>
</LTDLWOCR>
