<?xml version="1.0" encoding="ISO-8859-1"?>
<LTDLWOCR>
<tid>aay03e00</tid>
<bt>2043682189</bt>
<dd>19920714</dd>
<dt>MEMO, MEMORANDUM</dt>
<au>RYAN,D</au>
<rc>BROEMAN,I; LAZINSK,L</rc>
<pc>COHEN,C; SHORE,C; TRACH,B; VOBEJDA,S; WOODS,J</pc>
<np>XX ELLEN</np>
<np>BROEMAN,I; LAZINSK,L</np>
<ca>LEO, LEO BURNETT AGENCY</ca>
<cr>PM, PHILIP MORRIS</cr>
<pc>PM, PHILIP MORRIS</pc>
<!-- Note:pa1:2043682189/2043682195&lt;/pa1-->
<fn>2043681953/2043682238/MARKETING PLANS 920000 C1988</fn>
<!-- Note:si:N553-->
<!-- Note:s:BROEMAN,INA/CARLSTADT-->
<ti>SHOPPING FLING PRODUCT INCENTIVE IDEAS</ti>
<pg>1</pg>
<!-- Note:rn t="m":STMN/R2-039; STMN/R3-014-->
<!-- Note:lu:STMN/PRODUCED-->
<!-- Note:dl:19980605-->
<!-- Note:b:VIRGINIA SLIMS-->
<dl>20020201</dl>
<ot>W#	
*
~	
	*
* *	LEO BURNETT U.S.A.
r	..~i	OFFICE MEMO
CC:
FRCM:
y
Ina Broeman - PM
Lauren Lazinsk - PM
Carl Cohen	- PM
Cyndy Shore	- PM
Barbara Trach	- PM
Jack Woods	- 19
Susan Vobejda	- 19
Dot.ig Ryan	- 19
RE: %:gWir3 Fli4 amduct Itwmtiv+e Ideas
As part of a recent effort to develop umbrella promotional programs for Virginia
Slims, several ideas arose that related to the Shopping Fling Event. Based on
the conversation we had with you and Ellen some weeks ago, I pulled out those
ideas which were the most realistic and relevant to the objective of tying in
product purchase to this year's events. It's my understanding that we're
developing one of these ideas already in a slightly altered form - the direct
mail invitation.
If you have any questions or we can be of any assistance, please give me a call.
~

Doug
DR/iak
cpmmsfpi.dr
cpmmsfpi.dr
pgNbr=1
</ot>
</LTDLWOCR>
