<?xml version="1.0" encoding="ISO-8859-1"?>
<LTDLWOCR>
<tid>aas94a00</tid>
<bt>2065180687E</bt>
<!-- Note:br t="m":2065180652/0703-->
<dd>19970428</dd>
<dt>TELE, TELEX</dt>
<au>MULLIGAN,K</au>
<rc>BARLOW,J</rc>
<np>SMITH</np>
<fn>2065180204/2065180917/MARLBORO CONSUMER COMPLAINTS S</fn>
<!-- Note:si:N379-->
<!-- Note:s:MULLIGAN,KATHY/SEC'Y FILES-->
<ti>AG DRAFT</ti>
<pg>1</pg>
<!-- Note:lu:FEDA/PRODUCED-->
<!-- Note:dl:20040610-->
<dl>20040615</dl>
<ot>From: Mulligan, Kathleen on Mon, Apr 28, 1997 1:53 PM
Subject: RE: AG Draft
To: Barlow, John
2065180687E
John, can you send me the marketing database records on Ms. Smith, please?

pgNbr=1
</ot>
</LTDLWOCR>
