<?xml version="1.0" encoding="ISO-8859-1"?>
<LTDLWOCR>
<!-- forcebtag -->
<tid>aax82d00</tid>
<bt>516516593/6600</bt>
<au>KAHLER JM;US HOT ROD ASSN</au>
<bx>RJR4207</bx>
<!-- Note:b:CAMEL-->
<pc>BYRD MJ;TUCKER SW;RJR</pc>
<!-- Note:rn t="p":1RFP93-->
<dd>19910618</dd>
<dt>REPORT</dt>
<!-- Note:co:Y-->
<np>US HOT ROD ASSN;TUCKER SW;I WJ;VARDE T;SRO PACE PROMOTIONS;RJR;SRI RESEARCH CENTER;ESPN;WPGH TI;WPXI TV;WDVE FM</np>
<!-- Note:dl:19990107-->
<pg>8</pg>
<!-- Note:rn t="m":MINNESOTA 1RFP114;1RFP114-->
<!-- Note:sh:19970917-->
<!-- Note:s:MARKETING;SPORTS MARKETING;24-18-01-01-->
<ti>A RETAIL EXTENSION FOR THE UNITED STATES HOT ROD ASSOCIATION CAMEL MUD &amp; MONSTER SERIES.</ti>
<!-- Note:tp:YOUNG ADULT SMOKING; SPORTING AND ENTERTAINMENT-->
<dl>20031115</dl>
</LTDLWOCR>
