<?xml version="1.0" encoding="ISO-8859-1"?>
<LTDLWOCR>
<tid>aaw37e00</tid>
<bt>2028891540</bt>
<dd>19940726</dd>
<dt>AGEN, AGENDA</dt>
<au>ZZPMT</au>
<np>REIF; VANCUTSEM; ZZEAA; ZZPMT</np>
<np>ZZKRJ; ZZRME</np>
<no>INBIFO, INSTITUT FUR BIOLOGISCHE FORSCHUNG</no>
<!-- Note:co:MARG, MARGINALIA-->
<fn>2028891513/2028891549/MISSING; </fn>
<!-- Note:si:I43-->
<!-- Note:s:TERPSTRA,PITER/CRC OFFICE-->
<ti>PMT ACTIVITIES FOR 30 CW.940000</ti>
<pg>1</pg>
<!-- Note:rn t="m":STMN/R2-038-->
<!-- Note:lu:STMN/PRODUCED-->
<!-- Note:dl:19980605-->
<dl>20020201</dl>
<ot>10AUt~1994
PMT activities for 30 CW.94
~) Archiving - report writing, checking, picturization, and archiving,
downgrading of GLP-level
of projects currently stored (temporarily) at INBIFO
,J) Preparation for: V-refurbishing of conditioning room om (6 Aug.94)
/-dissection (9-11 Aug.94)
3) Update status-presentation B1036/3216 for Dr. Reif (4 Aug.94)
4) Update of management SOP (signatories)
5) Take-ove4e~twork from EAA 2tiE , k.2-3)
v6) Order of animals for B6039
Page 1 26-07-94, 10:54 PMT
pgNbr=1
</ot>
</LTDLWOCR>
