<?xml version="1.0" encoding="ISO-8859-1"?>
<LTDLWOCR>
<tid>aam47d00</tid>
<bt>2070053781A</bt>
<dd>19940800/E</dd>
<dt>REPT, REPORT, OTHER</dt>
<no>PMUSA, PHILIP MORRIS USA</no>
<!-- Note:si:MARG, MARGINALIA-->
<!-- Note:s:2070053768/2070053783/SPORTS SPONSORSHIP HEARINGS; 2070053769/2070053782/SPORTS SPONSORSHIP HEARINGS-->
<ti>N344</ti>
<pg>MERIT</pg>
<!-- Note:lu:FEDA/PRODUCED-->
<!-- Note:dl:20020108-->
<!-- Note:b:DARAGAN,KAREN/CARLSTADT;MERIT BOWLING KEY TALKING POINTS-->
<dl>20020709</dl>
<ot>MERIT BOWLING
KEY TALKING POINTS
Philip Morris U.S.A. and Merit are proud of their association with the
sport of bowling and are proud to be the sponsor of the Merit
Bowling Pro/Am Championship Event. This event gives amateur
bowlers the opportunity to bowl with some of the best and improve
their game and win great prizes at the same time.
Merit is promoting world-class, championship bowling and has been
welcomed as a sponsor by the bowling community which has so few
sponsors. Merit is helping to build awareness of the sport and is
doing so in a smoker-friendly environment.
pgNbr=1
</ot>
</LTDLWOCR>
