<?xml version="1.0" encoding="ISO-8859-1"?>
<LTDLWOCR>
<!-- forcebtag -->
<tid>aae51c00</tid>
<bt>523186067/6068</bt>
<bx>NA</bx>
<dd>19840229</dd>
<dt>AGENDA; GRAPHICS</dt>
<!-- Note:co:N-->
<np>MITCHELL M</np>
<!-- Note:dl:20021015-->
<pg>2</pg>
<!-- Note:rn t="m":US RESEARCH AND MANUFACTURING DOCUMENT PRODUCTION-->
<!-- Note:sh:NA-->
<!-- Note:s:R&amp;D; PROD/PROCESS DEV-STRATEGIC PROCESS; DUFOUR WM; DIR; 41-14-04-08-->
<ti>ATTACHMENT 1. MAXIMIZING ACCEPTABLE CIGARETTES. AGENDA - 2/29/84 (19840229).</ti>
<dl>20030115</dl>
<ot>Strip and
Cut Filler
Project
(M
Mitchei1)
.
J

pgNbr=1
f
Attachment 1
MAXIMIZING ACCEPTABLE CIGARETTES
AGENDA - 2/29/84
I. PREVIOUS MEETING MINUTES REVIEW
II. PROJECT LIST
III. "MAKER" PROJECTS FROM MANUFACTURING ENGINEERING
IV. STRIP/CUT FILLER PROJECT (PT&amp;D)
V. BETTER DEFINITION OF AREA OF RESPONSIBILITY
� LEAF AND BLENDS SUBCOMMITTEE
� POSSIBLE NAME CHANCE
VI. MISCELLANEOUS
VII. NEXT MEETING

pgNbr=2
</ot>
</LTDLWOCR>
