<?xml version="1.0" encoding="ISO-8859-1"?>
<LTDLWOCR>
<!-- forcebtag -->
<tid>aap31d00</tid>
<bt>517508302</bt>
<au>RJR; BAM</au>
<bx>RJR4831</bx>
<!-- Note:b:RED KAMEL-->
<dd>19980731</dd>
<dt>ADVERTISEMENT</dt>
<!-- Note:co:Y-->
<!-- Note:dl:20010330-->
<!-- Note:rn t="m":US PRIORITY REQUEST 3-->
<!-- Note:sh:20010221-->
<!-- Note:s:MARKETING; BUSINESS INFORMATION; SCISM AK; MGR;-->
<ti>ADDITIONAL 1998 (980000) EXTRA COPIES OF RED KAMEL ADVERTISEMENTS FROM THE FILES OF THE BUSINESS INFORMATION &amp; ANALYSIS LIBRARY. NO. 709 KAMEL CIGARETTES.</ti>
<!-- Note:tp:ADVERTISEMENTS-->
<dl>20021018</dl>
<ot>r
N o. 7O9
RED KAMEL LIGHTS
11 r7o tar", 0.8 m2 n, an ae av. per ecarc!te byf IC method
SURGEON GENERAL'S WARNING: Smoking
Causes Lung Cancer, Heart Disease,
Empf~tisema, And N/ay,Complicate Pregnancy.

ra

pgNbr=1
</ot>
</LTDLWOCR>
