<?xml version="1.0" encoding="ISO-8859-1"?>
<LTDLWOCR>
<!-- forcebtag -->
<tid>aav30a00</tid>
<bt>60016174/6174</bt>
<ti>NEURAL NETWORKS IN THE STUDY OF DEGRADATION OF THE BRAIN</ti>
<dd>00000000</dd>
<dt>ABSTRACT</dt>
<au>REICHGELT H, UNIV WEST INDIES</au>
<bx>262</bx>
<!-- Note:dp:19961031-->
<!-- Note:rn t="m":4-->
<!-- Note:d:PROPOSED STUDY REGARDING PSYCHOLOGICAL AND NEUROLOGICAL CLAIMS FOR NEURAL NETWORKS-->
<!-- Note:lu:MNAG-->
<pg>1</pg>
<dl>20020201</dl>
<ot>NEURAL NETWORKS IN THE STUDY OF DEGRADATION
OF THE BRAIN
H Reichgelt Dept of Computer Science University of the West
Indies Mona Kingston 7 Jamaica West Indies
Over the last few years, neural neworks have re- emerged in
Artificial Intelligence (AI), the discipline concerned with writing
computer programs to perform tasks, which would intuitively
seem to require intelligence. Examples include problem solving
and speech understanding. Most of AI uses a symbolic
paradigm: The computer is given eicplicit'representations of
some domain and uses these to derive further information.
However, this paradigm has recently come under attack for a
variety of reasons. For example, although one can build
programs that model human behavior closely, the question
remains where the representations come from in the first place.
Moreover, the whole approach begs the question how cognitive
behavior can be implemented in the brain? Because of this, the
last few years have seen the re-mergence of the neural networks
approach. The idea here is to build a model consisting of a large
number of simple, highly connected units. Each connection has
a strength associated with it, which may be negative or positive.
Each unit is capable of summing the inputs that it receives from
other units if the summed input exceeds some threshold. The
similarity to the brain will be obvious. Another aspect of neural
networks is their ability to learn. Learning involves changing the
strength on the connection between units. Thus if, a particular
unit is inactive, whereas in fact one would like it to be active,
then the strength are changed by making neagtive inputs less
negative, and increasing the positive inputs. There are a large
number of different networks architectures. One of the most
popular ones is a layered network in which one has a number of
layers of units, with one input layer and output layer. Each unit
in any layer other than the input layer is connected to all units in
the previous layer. Similarly, each unit in any layer other than
the output layer sends output to all units in the next layer.
Learning takes place by a backward propagation: Random
weights are assigned to the various connections. an input is
presented at the input layer, and the actual output is produced at
the output , and if there are changes, the weights on the
connections are changed in the way indicated above. The
process is then repeated until the desired output is produced.
Many scientists are excited about the neural network approach,
as a many models have been produced which closely resemble
human behavior. Moreover, if models are indeed neurologically
feasible, the neurologist would have obtained a tool to study for
example brain degradation experimentally. However, the paper
will argue that the psychological and neurological claims made
for neural networks are highly inflated.

pgNbr=1
</ot>
</LTDLWOCR>
