<?xml version="1.0" encoding="ISO-8859-1"?>
<LTDLWOCR>
<tid>aas39c00</tid>
<bt>2505234137/4138</bt>
<!-- Note:br t="m":2505233501/4258-->
<dd>20000706</dd>
<dt>FORM, FORM</dt>
<dt>SCRT, REPORT, SCIENTIFIC</dt>
<au>ZZDVE; ZZFTE; ZZWRE</au>
<rc>ZZDVE</rc>
<ca>INBIFO, INSTITUT FUR BIOLOGISCHE FORSCHUNG; TEAM IT</ca>
<!-- Note:co:FLGE, GERMAN LANGUAGE; ILLE, ILLEGIBLE; MARG, MARGINALIA-->
<fn>2505233500/2505234259/INBIFO QA-UBERPRUFUNGEN (7) AB 20000518</fn>
<!-- Note:si:I30-->
<!-- Note:s:REININGHAUS,WOLF/SEC'Y FILES-->
<ti>UBERPRUFUNG VON P 0500/3369 DURCH QA IN VITRO CYTOTOXICITY OF MAINSTREAM SMOKE FRACTIONS OF THE RESEARCH CIGARETTES 99.KY.267, 99.KY.268, 99.KY.269, 99,MY.159, 99.MY.160 AND OF THE REFERENCE CIGARETTE 1R4F NEUTRAL RED UPTAKE ASSAY WITH MOUSE EMBRYO BALB/C 3T3 CELLS PROJECT PARAMETER 3 ( BLEND), SET 1 SAMPLES (PT)</ti>
<pg>2</pg>
<!-- Note:lu:FEDA/PRODUCED-->
<!-- Note:dl:20020905-->
<!-- Note:b:1R4F; 99 KY 267; 99 KY 268; 99 KY 269; 99 MY 159; 99 MY 160-->
<dl>20021209</dl>
<ot>INBIFO Institut fOr biologische Forschung � KtSIn
06M.00 NDA/MWO X:\MWO\QA\CHECKS\3000\3369.DOC
UBERPRl1FUNG VON P 0500/3369 DURCH QA
SEITE-NR.: 1 von 2
TITEL: In Vitro Cytotoxicity of Mainstream Smoke Fractions of the Research Cigarettes
99.KY.267, 99.KY.268, 99.KY.269, 99.MY.159, 99.MY.160 and of the
Reference Cigarette 1 R4F
Neutral Red Uptake Assay with Mouse Embryo BALB/c 3T3 Cells
Project PARAMETER 3 (Blend), Set 1 Samples
(PT)
PRUFZEITPUNKT: 4.Jul.2000
UBERPRUFTER PARAMETER	BEANSTANDUNG
Gewinnung von TPM und GVP	
Study Plan	keine
SOPs	
Einstellen des Zugvolumens	
Abrauchen der Zigaretten	
Filterwagung	
Etikettierung	
Protokollfuhrung	
Exposition der Zellen	
Study Plan	
SOPs	
Herstellung einer Verdiinnungsreihe	
Beschicken der Mikrotiterplatten	
Etikettierung	
Protokollfilhrung	
BEMERKUNG: Studie nach den GLP-Grundsatzen des ChemG
2505234137
06.Jul.2000 UIQ
QA: DATUM/ZN

pgNbr=1
06 Jul. 00 NDA/MWO X;1MWO1QAICHECKS1300013369.DOC
(JBERPR(JFUNG VON P 050013369 DURCH QA
SEITE-NR.: 2 von 2
TITEL: In Vitro Cytotoxicity of Mainstream Smoke Fractions of the Research Cigarettes
99.KY.267, 99.KY.268, 99.KY.269, 99.MY.159, 99.MY.160 and of the
Reference Cigarette 1 R4F
Neutral Red Uptake Assay with Mouse Embryo BALB/c 3T3 Cells
Project PARAMETER 3(Blend), Set 1 Samples
(PT)
STELLUNGNAHME 2
Kenntnisnahme/Stellungnahme
durch Projektleiter: DVE
Team: IT Team-Manager: FTE
DatumlZN
Verteiler: DVE, GM, QA
Kenntnisnahme
durch GM: WRE
Datum/ZN
ZObligatorisch bei Beanstandungen!

pgNbr=2
</ot>
</LTDLWOCR>
