<?xml version="1.0" encoding="ISO-8859-1"?>
<LTDLWOCR>
<tid>aam22d00</tid>
<bt>2062506153</bt>
<!-- Note:br t="m":2062506120/6153-->
<dd>19950000</dd>
<dt>REGU, REGULATION</dt>
<au>BRIAN</au>
<ca>OR HOUSE; OR LEGISLATIVE ASSEMBLY</ca>
<no>OR DEPT OF HUMAN RESOURCES; OR HEALTH DIVISION; OR HEALTH GROUPS ON SMOKING OR HEALTH; OR LEGISLATIVE ASSEMBLY</no>
<!-- Note:pa1:2062506120/2062506153&lt;/pa1-->
<!-- Note:si:N810-->
<!-- Note:s:GOVT AFFAIRS/SACRAMENTO CA REGION 12-->
<ti>HOUSE BILL 2820 A BILL FOR AN ACT RELATING TO TOBACCO, AND APPROPRIATING MONEY.</ti>
<pg>1</pg>
<!-- Note:lu:ORAG/PRODUCED-->
<!-- Note:dl:20000328-->
<dl>20020709</dl>
<ot>68th OREGON LEGISLATIVE ASSEbfBLY-1995 Regular Session
House Sill 2820
Sponsored by Representative BRIAN (at the request of Oregon Health Groups on Smoking or Health (OHGOSH))
Si7MMARY
The following summary is not prepared by the sponsors of the measure and is not a part of the body thereof subject
to consideration by the Legislative Assembly. It is an editor's brief statement of the essential features of the
measure as introduced.
Directs Health Division to develop and implement Oregon Tobacco Control Program.
Appropriates moneys out of General Fund to Health Division for purpose of carrying out Act.
A BH.L FOR AN ACT
Relating to tobacco; and appropriating money.
Be It Enacted by the People of the State of Oregon: SECTION 1. The Health Division of the Department of Human Resources shall develop
and implement a program to be called the Oregon Tobacco Control Program. The program
sball consist of a comprehensive set of activities and services that emphasize local level
prevention of and intervention in tobacco use. The program shall particularly focus on per-
sons under IS years of age.
SECTION 2. In addition to and not in lieu of any other appropriation, there is appropri-
ated to the Health Division, for the biennium beginning July 1, 1995, out of the General Fund,
the sum of $8 million for the purpose of conducting the program required under section 1
of this Act.
NOTE: Matter in boldfaced type in an amended section is new; matter [italic and bracketedl is ezisting law to be omitted.
New sections are in boldfaced type.
LC 2472
pgNbr=1
</ot>
</LTDLWOCR>
