<?xml version="1.0" encoding="ISO-8859-1"?>
<LTDLWOCR>
<tid>aaj57c00</tid>
<bt>2072948072</bt>
<!-- Note:br t="m":2072948072/8072A-->
<dd>19970630</dd>
<dt>EMAI, E-MAIL</dt>
<au>STEEN,LE</au>
<rc>LOVE,S</rc>
<pc>ANTON,M; HUCKFELDT,R; MOODY,D; NEBOSKY,P; SANDERS,K</pc>
<pc>PM</pc>
<fn>2072947936/2072948226/OPB - ISSUES</fn>
<!-- Note:si:N551-->
<!-- Note:s:SALES PROMOTION USA/CARLSTADT-->
<ti>RE: ASSEMBLY SHEET POS NUMBER</ti>
<pg>1</pg>
<!-- Note:lu:FEDA/PRODUCED-->
<!-- Note:dl:20030606-->
<dl>20030815</dl>
<ot>2072948072
Note for Nebosky, Paul
Page I
From: Steen, Lauren E.
Date: Mon, Jun 30, 1997 3:09 PM
Subject: RE: Assembly sheet POS#
To: Love, Sharon
Cc: Anton, Michelle; Huckfeldt, Robert; Moody, Desann-PM; Nebosky, Paul; Sanders, Kenya
The POS number you requested is #05416.
However, please note that production of assembly sheets should be limited to the planner
quantity only. Since May of last year, we have printed DAD assembly instruction
information directly on the inside top panel of the kits/carrier cases, precluding the need for
loose instruction sheets in the kits.
If you have any questions, please let me know.

pgNbr=1
</ot>
</LTDLWOCR>
