<?xml version="1.0" encoding="ISO-8859-1"?>
<LTDLWOCR>
<tid>aaf19c00</tid>
<bt>2505276607</bt>
<dd>19940824</dd>
<dt>SCRT, REPORT, SCIENTIFIC</dt>
<ca>CONTRACT RESEARCH CENTER</ca>
<!-- Note:co:MARG, MARGINALIA; MISS, MISSING PAGES-->
<fn>2505276559/2505276613/ALTE VORTRIAGE IN VIVO PRODUCT TESTING FUTURE CARCINOGENICITY STUDY CONCEPTS</fn>
<!-- Note:si:I22-->
<!-- Note:s:VON HOLT,KLAUS/STORED FILES-->
<ti>REPORT B1035 / P0500/3182</ti>
<pg>1</pg>
<!-- Note:lu:FEDA/PRODUCED-->
<!-- Note:dl:20020916-->
<!-- Note:b:X6D3BGU; X6D3BGV; X6D3BGW-->
<dl>20021209</dl>
<ot>CRC CONTRACT RESEARCH CENTER
Report 81035 / P 0500/3182 94/8124 Page 3
a
1 Abstract
In the present subchronic inhalation study on rats, the biological activity of mainstream smoke
of test cigarettes containing CAST LEAF with different amounts of GUAR GUM was
determined and compared with that of a reference cigarette containing reconstituted leaf. The
reversibility of findings was investigated.
Male Sprague Dawley rats were head-only exposed to the diluted mainstream smoke (MS) of
the research cigarettes X6D3BGU (27 % reconstituted leaf, without guar gum), X6D3BGV
(27 % cast leaf with 5 parts guar gum), and X6D3BGW (27 % cast leaf with 9 parts guar gum).
The exposure duration was 6 hours/day, 7 days/week, the inhalation period was 90 days. The
MS concentration was 101 �g total particulate matter/I.
For the 11 chemical and physical parameters determined in the MS, there were no relevant
differences between the research cigarettes.
In the present study, the findings observed in the MS-exposed rats were basically the same as
those observed in previous MS inhalation studies. All relevant findings reversed during the
42-day postinhalation period.
Under the conditions of this study, no influence of guar gum was seen on the biological activity
of the MS with regard to mortality, in-life observations, body weight, gross pathology, organ
weights, and histopathology of the nose, larynx, trachea, and lungs, including laryngeal
epithelial thickness.
pgNbr=1
</ot>
</LTDLWOCR>
