<?xml version="1.0" encoding="ISO-8859-1"?>
<LTDLWOCR>
<!-- forcebtag -->
<tid>aah41d00</tid>
<bt>516470696</bt>
<bx>RJR4744</bx>
<!-- Note:b:SALEM; CAMEL; WINSTON; ICEBOX; KAMEL; PLANET; RJRTC BRANDS-->
<dd>19950509</dd>
<dt>GRAPHICS</dt>
<!-- Note:co:Y-->
<np>RJR</np>
<!-- Note:dl:20010207-->
<pg>1</pg>
<!-- Note:rn t="m":US PRIORITY REQUEST 3-->
<!-- Note:sh:20010124-->
<!-- Note:s:MARKETING; BRAND BUSINESS UNIT; LAMPHIER MD; ASST MGR-->
<ti>PRODUCT COMPARISONS.</ti>
<!-- Note:tp:SMOKING BY-PRODUCTS-->
<dl>20021018</dl>
<ot>Product Comparisons
51647 0696
			A
A
~
			~
			A~e
1
	I		
CD
~
			O
V
r
Co
O
O
N
#
JORrPRODOOMP.%LS	Page I	S8I86J:85 PM'	ro

pgNbr=1
</ot>
</LTDLWOCR>
