<?xml version="1.0" encoding="ISO-8859-1"?>
<LTDLWOCR>
<tid>aam87e00</tid>
<bt>2023989974</bt>
<dd>19900726</dd>
<dt>MEMO, MEMORANDUM</dt>
<au>WINOKUR,MN</au>
<rc>PARRISH,S</rc>
<pc>BORELLI,T; MARDEN,R; NELSON,J</pc>
<np>BORELLI,T; MARDEN,R</np>
<ca>PM, PHILIP MORRIS</ca>
<cr>PM, PHILIP MORRIS</cr>
<no>CATO INST; EPA, ENVIRONMENTAL PROTECTION AGENCY; HERITAGE FOUNDATION; MANHATTAN INST FOR POLICY RESEARCH; NATL CHAMBER FOUNDATION; NATL FOUNDATION FOR INDEPENDENT BUSINESS; WA UNIV; WLF, WASHINGTON LEGAL FOUNDATION</no>
<fn>2023989817/2023990023/EPA - POLICY GUIDE;</fn>
<!-- Note:si:N329-->
<!-- Note:s:BORELLI,TOM/OFFICE-->
<ti>POLICY ORGANIZATIONS COMMENTS TO EPA</ti>
<pg>1</pg>
<!-- Note:lu:OKAG/PRIVILEGE WITHDRAWN; OKAG/PRODUCED-->
<!-- Note:dl:19990514-->
<dl>20020201; 20050607(Bliley)</dl>
<!-- Note:sc:Bliley-->
<ot>PHIL.IP MORRIS U.S A. INTEROFFICE CORRESPONDENCE
120 PARK AVENUE, NEW YORK NY 10017
DATE: July 26, 1990
TO: Mr. Steven Parrish
FROM: Matthew N. Winokur
SUBJECT: Policy Organiza ons comments to EPA
I spoke with Roy Marden and he will contact CATO Institute, Manhattan
Institute for Policy Research, The Washington Legal Foundation, and the
Washington University Center for the Study of American Business in the
hopes that he can persuade them to provide comments to EPA. He asked for
and I gave him our four point one pager. I know Tom is already working
with Roy on the Heritage Foundation. I have volunteered you, Tom or myself
if Roy feels we need to offer face to face briefings.
In addition, I have contacted the National Chamber Foundation and will
be contacting the National Foundation for Independent Business.
MNW/vfr
sp.726
cc: Dr. Tom Borelli
Mr. Roy Marden
Mr. Jack Nelson
pgNbr=1
</ot>
</LTDLWOCR>
