<?xml version="1.0" encoding="ISO-8859-1"?>
<LTDLWOCR>
<!-- forcebtag -->
<tid>aad03d00</tid>
<bt>515202549/2550</bt>
<bx>RJRC3280</bx>
<!-- Note:rn t="p":1RFP76;1RFP88;4RFP9-->
<dd>19900515</dd>
<dt>DRAFT;REPORT</dt>
<!-- Note:co:N-->
<np>COBURN K;UNIV OF IL;DUKE D;FL ST UNIV;PRITCHARD WS;GRIFFITH;MCCONNELL B;PT&amp;D;DEMEY F;MACHINE DESIGN;98S;JENNINGS R;WILLIAMS R;EAKER D;ANGELL J;HODGE B;WILLIAMS;ANGELL;FLUHLER;RJR;PRINCIPE J;UNIV OF FL;DVORAK I ;PALUS M;PSYCHIATRIC RESEARCH INSTITUTE;SMITH C</np>
<!-- Note:dl:19980227-->
<pg>2</pg>
<!-- Note:rn t="m":MINNESOTA 1RFP71;MINNESOTA 1RFP4;1RFP4;1RFP71-->
<!-- Note:sh:19961231-->
<!-- Note:s:R&amp;D;PRODUCT DEVELOPMENT;REYNOLDS JH;PRINCIPAL SCIENTIST-->
<ti>HIGHLIGHTS. BIOBEHAVIORAL RESEARCH.</ti>
<!-- Note:tp:NICOTINE AND ADDICTION; IN-HOUSE RESEARCH ON SMOKING &amp; HEALTH; SMOKING BY-PRODUCTS-->
<dl>20020201</dl>
<ot>MAY15.90W Page 1
DRAFT-DRAFT-DRAFT-DRAFT-DRAFT-DRAFT-DRAFT-DRAFT-DRAFT-DRAFT-DRAFT
~ HIGHLIGHTS DATE: May 15, 1990
BIOBEHAVIORAL RESEARCH
Psychophysiology of Smoking - Dr. Kerry Coburn (Southern Illinois
University School of Medicine) provided high-quality EEG records from seven
patients with known Alzheimer's disease. EEG records from 14 normal elderly
control patients were provided as well. These data were converted from
Bio-Logic systems format into ASCII format and sent to Dr. Dennis Duke at
the Florida State University supercomputer center. Dr. Duke will apply the
"chaos" analysis program to the data. This program was developed in
collaboration with Dr. Pritchard.
Work to convert the remainder of the data from smoking subjects obtained
during the 1988 smoking/EEG study to a form compatible with the "chaos"
analysis program continued.
Smoke Component Dose - HMSM development continued with the issue of a
purchase order for software development. Printed circuit board development
is expected to be completed and the first boards fabricated in 2 weeks.
Initial testing of the first production module will begin at that time.
Dr. Griffith and Mr. Bain McConnell (PT&amp;D) met with Fred DeMey (Machine
Design) to approve a minor change in the lighting mechanism necessitated by
unavailability of one of the specified parts.
Basic Sensory Research - The last test sessions in the Odor-Evoked
Potential Study were completed. Respiratory, psychophysical, and brain wave
data were transferred to the VAX. This study was begun in the fourth
quarter of 1989 and was designed to determine whether odor-evoked
potentials can yield information about odor perception by humans.
Substantial progress was made in the development of a relational database
for sensory properties of chemicals in tobacco smoke. Mr. Roger Jennings
met with Dr. Rick Williams (R&amp;D Library), Dr. Dave Eaker (ETS), Ms. Julia
Angell (Computer Services), and Ms. Brenda Hodge (Analytical Services).
These individuals will directly or indirectly supply chemical and
analytical information for the database. Dr. Williams compiled chemical
registry information on 31 chemicals which are routinely measured by the
Analytical and ETS Divisions. The meeting with Dr. Eaker accomplished four
objectives: 1) identification of the scope and kinds of information that
the ETS division can provide, 2) agreement on the format required for
database entries, 3) an understanding the ability of the ETS Division to
supply data, and 4) identification of information needs within ETS that
could be met by the sensory database. Ms. Angell and Ms. Hodge provided
general information about the LIMS system, and information about LIMS
access and training. LIMS data will be used to cross-reference sensory
information with the latest chemical analyses of specific market products
and prototypes. R&amp;D-wide access to this informational database should be
realized by the end of 1990.
Smoke Component Dose - Sample collection in a preliminary study to assess
the relationship between nicotine and cotinine concentrations in saliva and
plasma was completed this week. Three volunteer subjects abstained from
smoking for 10-12 hours prior to acute smoking sessions. During the
sessions eight plasma and nine saliva samples were obtained from each
subject. Salivette (TM) collectors were used to obtain saliva samples.
These consist of a cotton wool plug and a conical centrifuge tube. The
51520 2549
pgNbr=1
MAY15.90W Page 2
cotton is chewed for a prescribed time, placed in the tube, and the whole
~ centrifuged to yield a debris-free sample. A total of 51 samples were
extracted in preparation for GC analysis for nicotine and cotinine. These
analyses should be completed by the end of next week.
Preparation for a follow-up study of nicotine and cotinine in tea is
complete. During a study of vegetables in 1989, we confirmed literature
reports of nicotine in tea. In this new study, more kinds of teas, brewed
as if for beverage use, will be included. Data should be available next
week.
Nicotine Receptor Pharmacology - Experiments to assess the effects of
temperature on the integrity of rat-brain synaptosomes were performed.
Initial results indicate that incubation for 45 minutes at 37 degrees C
(conditions used to load synaptosomes with the calcium-sensitive probe
Fura-2) significantly decreases the number of sealed synaptosomes, as
assessed by fluorescence quenching. These results at least partially
explain the inordinately high calcium levels previously measured in these
suspensions. Work to find conditions that will minimize synaptosomal
degradation continues.
Dr. Fluhler began installing new system software for the Perceptics
Microscope Workstation. The new software will improve image-processing and
fix several previously-identified "bugs". The upgrade will require that
several image acquisition and analysis programs be modified.
Analog Research Program - Updates to the RJRT analog data base continued.
Dr. Rick Williams (R&amp;D Library) completed entry of logP (octanol-water
partition coefficient) values for the first half of the compounds now in
the data base, and is exploring methods to append available biological data
to all identified analogs.
Miscellaneous - Dr. Pritchard mailed the second edition of his EEG/Chaos
newsletter to interested scientists. The mailing list now includes 36
scientists in the USA, Canada, Peoples' Republic of China and eastern and
western Europe. In the latest newsletter were a review of an IBM PC program
by Dr. Jose Principe (University of Florida) for treatment of EEG data, and
an article on the applications of chaos theory to EEG by Drs. Ivan Dvorak
and Milan Palus of the Psychiatric Research Institute, Prague,
Czechoslovakia.
Dr. Griffith attended RJRT's two-day Oral Presentation Workshop at the
Plaza Building.
Final analytical results for nicotine and cotinine in smoke condensate
samples submitted by Dr. Carr Smith were provided to him.
N
~
l!~
~
pgNbr=2
</ot>
</LTDLWOCR>
