<?xml version="1.0" encoding="ISO-8859-1"?>
<LTDLWOCR>
<!-- forcebtag -->
<tid>aam45f00</tid>
<ti>Camel Advertising</ti>
<dt>Memo</dt>
<dt>Correspondence</dt>
<dd>19901114</dd>
<au>Wogerbauer-DA, ATCO</au>
<rc>Moore-WJ</rc>
<pc>O Neill-MJ;Smith-RE</pc>
<np>RJR;MSA</np>
<!-- Note:b:Camel-->
<!-- Note:co:Marginalia-->
<!-- Note:ci:10004026-->
<!-- Note:rn t="m":19-->
<pg>1</pg>
<!-- Note:ag:60055438-->
<!-- Note:dl:19981123-->
<bt>970113151</bt>
<!-- Note:br t="a":ATX040065181/ATX040065181-->
<dl>20020201</dl>
<ot>THE Memorandum
AMERICAN
TOBACCO
COMPANY
T~ Mr. W. J. Moore os. 11/14/90
Executive Vice President - Marketing
FFo"' Dieter A. Wogerbauer
Director of Mark2ting ResZarch ' - ---Ae1 Camel Advertising
As you requested, I have looked at ad spending for Camel
for the past five years. It appears that spending declined
drastically from 1985 to 1987, but picked up with the start
of "Old Joe."
While the data cannot be split into campaign effect versus
spending effect, there is no doubt that the MSA share
growth has accelerated since 1988:
	
Ad Spending	Camel
Fil./Lts		
Share
Year	(000 $)	NSA Share		Increase
1985	36,829 _	2.60		N.A.
1986	21,584	2.64		.04
1987	16,975	2.67		.03
1988	24,419	2.89~
Z2	.77	.10
1989
(Jan.-Aug.'90)	27,168	2.65
(2.97)		(.20)
Note: In order to adjust for RJR's change in trade loading,
I have averaged the 1988 and 1989 shares.
`:../9L~...
cc: M. J. O'Neill
R. E. Smith

pgNbr=1
</ot>
</LTDLWOCR>
