<?xml version="1.0" encoding="ISO-8859-1"?>
<LTDLWOCR>
<tid>aad30e00</tid>
<bt>89872612</bt>
<dd>19840000/E</dd>
<dt>ADVE, ADVERTISEMENT</dt>
<np>SURGEON GENERAL</np>
<!-- Note:co:EXTR, EXTRA; MARG, MARGINALIA-->
<fn>89872582/89872637/MAX SLIM LIGHTS PRINT STUDY 830400 PREPARED FOR LORILLARD;</fn>
<!-- Note:si:G42-->
<!-- Note:s:MARKETING/BASEMENT GMP-->
<ti>NEW VIRGINIA SLIMS LIGHTS IN THE NEW CRUSH PROOF PURSE PACK</ti>
<pg>1</pg>
<!-- Note:lu:STMN/PRODUCED-->
<!-- Note:dl:19990212-->
<!-- Note:b:VIRGINIA SLIMS-->
<dl>20020201</dl>
<ot>PERCENT NOTED
PERCENT RE-EXAMINEU
1 PERCENT VIEGIED FIRST


pgNbr=1
</ot>
</LTDLWOCR>
