<?xml version="1.0" encoding="ISO-8859-1"?>
<LTDLWOCR>
<!-- forcebtag -->
<tid>aam61c00</tid>
<bt>525023187/3188</bt>
<rc>MCKIM T</rc>
<au>HARPER M</au>
<bx>RJR5875</bx>
<pc>GOODWIN RAUP; MCKIM T; HARPER M</pc>
<dd>19991130</dd>
<dt>HANDWRITTEN; LETTER</dt>
<!-- Note:co:N-->
<np>MCCLAY M; THOMPSON S; GOODWIN RAUP</np>
<!-- Note:dl:20020816-->
<pg>2</pg>
<!-- Note:rn t="m":US COMPREHENSIVE REQUEST 228-->
<!-- Note:sh:20020528-->
<!-- Note:s:LAW; MKTG &amp; INTELLECTUAL PROPERTY-MARKETING; RUCKER TJ; SR COUNSEL-->
<ti>THE REPORTERS WHO HAVE CALLED ARE MIKE MCCLAY AT 602-444-8111 AND SCOTT THOMPSON AT 602-258-8934.</ti>
<dl>20030115</dl>
<ot>NOU 30 '99 12:23 FR GOODWIN RAUP PC TO 913367410671 P.02/06
From the desk of...
MAR7Y HARPER
~
~~Me, Ut,,7
c~oa - vqq - s/j j
0~t
CeOa- asF- yct3l

pgNbr=1
NUV se 12:z3 FR GOODWIN RRUP PC TO 913367410671 P.01i06
GOODWIN RAUP PC
One Columbus Plaza �} 3636 North Central, Suite 1200
Phoenix, Arizona 85012-1942
Fax: (602) 264-7033
FACSIMILE TRANSMITTAL SHEET
TO:
TOM MCKIM
FAX NUMBER:
336/741-067]
COMPANY:
FROM:
MARTY HARPER
DATE:
NOVEMBER 30, 1999
TOTAL NO. OF PAGES INCLUDING
COVER:
6
PHONE NUMBER: SENDER'S REFERENCE NUMBER:
79800.003
RE:
0 URGENT
13 PLEASE REPLY
NOTES/COM\-fENTS:
YOUR REFERENCE NUMBER:
0 FOR REVIEW 0 PLEASE COMMENT
0 PLEASE RECYCLE
The information contained in this far message is privileged and confidential information intended only for the usc of the recipicnt
named above. lf the rcader of thic fax message is not the intended recipient, or the employee or agent responsible to deliver samc
to the intendcd recipirnt, you are hereby on notice that you arc in posstssion of confidential and privileged information, Any
copying or distribution of this information is strictly prohibited. You will immediately notify sender by telephone of your
inadvertent receipt and return the original fax communication to the sender at the above address through the U.S. Mail..

pgNbr=2
</ot>
</LTDLWOCR>
