<?xml version="1.0" encoding="ISO-8859-1"?>
<LTDLWOCR>
<!-- forcebtag -->
<tid>aav91f00</tid>
<bt>TIOK0027646</bt>
<rc>EDITOR # PERSONNEL ADMINISTRATOR</rc>
<dd>00000000</dd>
<dt>LETTER</dt>
<!-- Note:co:DRAFT-->
<ti>UNTITLED</ti>
<!-- Note:rn t="m":OK1-6-->
<bx>180</bx>
<!-- Note:dp:7/9/98-->
<pg>1</pg>
<!-- Note:d:SMOKING IN THE WORKPLACE-->
<!-- Note:cn:Oklahoma AG-->
<!-- Note:dl:19990524-->
<dl>20020201</dl>
<ot>Letter to Personnel Administrator
To the Editor:
Ogp" &amp; Mather
DRAFT
oea 5 2_
As a manager who has, over a period of years, hired -- and
fired -- both smoking and non-smoking employees, I would like
to comment on the recent articles in Personnel Administrator
on the issue of smoking in the workplace.
To me, the idea that non-smoking employees are inherently more
productive than smokers flies in the face of common sense and
common experience. Employers cannot, as William L. Weis has
suggested, reverse sagging productivity by the purchase of a
79C "No Smoking" sign.
In your March issue, Lewis C. Solmon goes to great 1engths to
debunk Weis' assertions and figures. Dr. Solmon's analy!:is
of the Weis arguments peels away layer after layer of soluctivcly
presented figures, exaggerations and bias to reveal a hollow
core of anti-smoking propaganda. Mr. Weis and others who .ire
interested in promoting additional coercive social sanctiQns
against smoking should not attempt to cloak their intentions
with false assumptions and misleading generalizations. The
careers of millions of hard-working people who just haF-q-)r:n to
also be smokers could be damaged.
To shut the doors of the workplace to a considerable portion
of our population on the basis of a personal habit such as
smoking seems prejudicial and unfair. While not every :'.nokor
ever hired has become an outstanding employee, I can e.3y aithcut
hesitation that smokers, as a group, contribute evory bi t.+ ; r.t)ch
as non-smokers to the success of our business.
Si�cerely,
TIOK 0027646
pgNbr=1
</ot>
</LTDLWOCR>
