<?xml version="1.0" encoding="ISO-8859-1"?>
<LTDLWOCR>
<tid>aaq60e00</tid>
<bt>93341626</bt>
<dd>19880127</dd>
<dt>MEMO, MEMORANDUM</dt>
<au>LINDSLEY,V</au>
<rc>PASHELUK,A; TELFORD,GR</rc>
<pc>ARATO,JG; BERNSTEIN,D; MOYNIHAN,P; RICCI,E; ZWICK,H</pc>
<ca>LOR, LORILLARD</ca>
<cr>LOR, LORILLARD</cr>
<pc>MCA, MARKETING CORPORATION OF AMERICA</pc>
<fn>93341601/93342184/W LEONG V LINDSLEY 880000 CHRONO</fn>
<!-- Note:si:N3-->
<!-- Note:s:BRAND MANAGEMENT/SECRETARY STATION-->
<ti>HARLEY-DAVIDSON MEDIA - EXPANSION PLANS</ti>
<pg>1</pg>
<!-- Note:rn t="m":R1-126-->
<!-- Note:lu:STMN/PRODUCED-->
<!-- Note:dl:19980605-->
<!-- Note:b:HARLEY-->
<dl>20020201</dl>
<ot>MEMORANDUM
January 27, 1988
TO: A. Pasheluk
G.R. Telford
FROM: V.D. Lindsley
RE: Harley-Davidson Media - Expansion Plans
A meeting has been scheduled to review various media expansion
plans for Harley-Davidson cigarettes on Friday, January 29th at
9:30 in the Marketing Conference Room.
Please let me know if you will attend.
/ smo
cc: J.G. Arato
MCA
D. Bernstein
P. Moynihan
E. Ricci
H. Zwick
J
ON
pgNbr=1
</ot>
</LTDLWOCR>
