<?xml version="1.0" encoding="ISO-8859-1"?>
<LTDLWOCR>
<!-- forcebtag -->
<tid>aad55a00</tid>
<bt>500339883</bt>
<rc>RODGERS HR</rc>
<au>HARRIS MD; MARKETING DEVELOPMENT DEPT</au>
<bx>NA</bx>
<!-- Note:b:SALEM MENTHOL 100; SALEM MENTHOL 85-->
<pc>NEHER WK; BETHEA GG; CHONG F; GRIFFIN JJ; MCCANN RL; MCCARTHY RF; PHILLIPS PD; WALKER JR; GRANDERSON BM; MDD LIBRARY; NOVAK G; OSMON H</pc>
<dd>19820311</dd>
<dt>LETTER</dt>
<!-- Note:co:Y-->
<np>MCCARTHY R</np>
<!-- Note:br t="o":MDD82 21207-->
<!-- Note:dl:20040920-->
<pg>1</pg>
<!-- Note:rn t="m":US COMPREHENSIVE REQUEST 47; US COMPREHENSIVE REQUEST 449; US COMPREHENSIVE REQUEST 350-->
<!-- Note:sh:NA-->
<!-- Note:s:MDD; MDIC-->
<ti>SALEM KING/100'S TOTAL CASING PRODUCT TESTS.</ti>
<dl>20040927</dl>
<ot>March 11, 1982
TO: Mr. H. R. Rodgers
FROM: Ms. M. D. Harris
RE: SALEM King/100's Total Casinq Product Tests
This is to confirm that the total casing product tests for
SALEM King and 100's scheduled to begin this month, have
been cancelled.
Based on conversations with Bob McCarthy from R&amp;D, it was
learned that analyticals on the total cased prototypes for
both SALEM King and 100's showed tar levels to be well below
acceptable levels.
R&amp;D feels more development time is needed to understand the
effects the total casing process could have on the existing
SALEM blends. Therefore, prototype testing for total cased
SALEM products will be delayed indefinitely.
719-111~9A

Margaret D. Harris
P4ARKETING DEVELOPMENT DEPARTMENT
MDH/bd
cc:	Mr.	G.	Novak
	Mr.
Mr.
Ms.	H.
W.
G.	E.
K.
G.	Osmon
Neher
Bethea
Mr.	F.	Chong
Ms.	J.	J.	Griffin
Mr.	R.	L.	McCann
Mr.	R.	F.	McCarthy
Mr.	P.	D.	Phillips
Mr.	J.	R.	Walker
Ms.	B.	M.	Granderson
MDD	Library

pgNbr=1
</ot>
</LTDLWOCR>
