<?xml version="1.0" encoding="ISO-8859-1"?>
<LTDLWOCR>
<!-- forcebtag -->
<tid>aar24f00</tid>
<ti>-- No Title --</ti>
<dt>MEMO, MEMO;OUTL, OUTLINE</dt>
<dt>LIST;CORRESPONDENCE</dt>
<dd>19830826</dd>
<au>WALLACE,SA</au>
<rc>HUGHES,IW</rc>
<pc>ALAR,J</pc>
<np>BRUELL;MCCARTY;X/BAT;XXCHARLIE</np>
<!-- Note:ci:10004026-->
<!-- Note:rn t="m":A4;M128-->
<pg>2</pg>
<!-- Note:ag:14425-->
<fn>CAC PRESENTATION 830900</fn>
<!-- Note:dl:19981123-->
<bt>516002400/2401</bt>
<dl>20020201</dl>
<ot>'IGE 218 L 10.)51
TO
DEPT.
C. C. tn
BROWN &amp; WILLIAMSON T084CC0 .RVORTlOu
INTERNAL CORRESPONDENCE
W. Hughes
~dZ
S. A. Wallace DATE August 26, 1983
FROM
SUBJECT
The attached response to Mr. McCarty's request for information
is complete against the original request on Items C and D of
the CAC Agenda.
Mr. Srue11's outline, forwarded after John's departure, raises
several issues which we had not anticipated including:
1.	Productivity
	a.
b.
C.	Prodncts costs
Asset Utilization
Investment Levels
2.	Rationalization of production facilities
	a.
b.	Political considerations
Industrial relations
d.	Exploitation of growth opportunities
	a.
b.
C.	Export markets
Monopoly markets
Other forms of tobacco useage
4.	Key	Geographical	Issues for BAT
	a.	Europe	- no growth - pricing
			- market share/maximizing profitability
	b.	Latin America	- potential growth, but severe inflation
and devaluation
	C.	Africa	- illiquidity - importance of exports
			- future of South Afriea	
C+1
	
d.	
Asia	
- maintenance of market share
- kreteks	N
T.
O
			- future of Hong Kong
- significance of India	C
N
i..'1
	e.	North America	- market share	~
				C
It is unclear to me whether Charlie will be expected to speak
to all of these issues. Some of the items such as kreteks,
significance of India, and Maintenance of U.K. income obviously
do not require a response from Mr. McCarty.

pgNbr=1
Several days' work would be required to pull together a
briefing paper on these issues.
Based on my interpretation of the request and the relevancy
of other issues, I believe that the current draft fulfills
the brief. I will be in New York on Monday and in the office on Tuesday
morning if you or John feel we need to do additional work
on our response to Mr. McCarty.
Attachment

pgNbr=2
</ot>
</LTDLWOCR>
