<?xml version="1.0" encoding="ISO-8859-1"?>
<LTDLWOCR>
<tid>aal26c00</tid>
<bt>2071888424</bt>
<dd>19971114</dd>
<dt>EMAI, E-MAIL</dt>
<au>CUSATO,D</au>
<rc>FULLER,S; LEVY,C; MIKULAY,R; NEIDLE,B</rc>
<pc>BALDAINO,M; LARKINS,L; RODRIGUEZ,A</pc>
<np>NEIDLE,B</np>
<fn>2071888362/2071888425/MISSING</fn>
<!-- Note:si:N532-->
<!-- Note:s:NEIDLE,BRUCE/OFFICE-->
<ti>RVP PRESENTATION REVIEW</ti>
<pg>1</pg>
<!-- Note:lu:FEDA/PRODUCED-->
<!-- Note:dl:20020718-->
<dl>20021209</dl>
<ot>2071888424
Note for Neidle, Bruce
From: Cusato, Denise
Date: Fri, Nov 14, 1997 1:30 PM
Subject: RVP Presentation Review
To: Fuller, Stuart; Levy, Carolyn; Mikulay, Robert; Neidle, Bruce
Cc: Baldaino, Marlene; Larkins, Lateisha; Rodriguez, Ana
Page 1
This note confirms a meeting to review Bruce's RVP presentation on Monday, November
17th from 4:00-4:30 in conference 100/14C.
D

pgNbr=1
</ot>
</LTDLWOCR>
