<?xml version="1.0" encoding="ISO-8859-1"?>
<LTDLWOCR>
<!-- forcebtag -->
<tid>aax24f00</tid>
<ti>-- No Title --</ti>
<dt>Memo</dt>
<dt>Correspondence</dt>
<dd>19850528</dd>
<au>Bahrenburg-HW, American Tobacco Company</au>
<rc>Moore-WJ</rc>
<pc>Hays-TC;Mullen-CH;Sprinkle-RS-III;Leisure-RJ</pc>
<np>Hakuhodo</np>
<!-- Note:b:Carlton;Carlton King;Carlton 100 s;Carlton 83 mm;Carlton 100 Cup;Carlton 100 Menthol;Carlton 100 Box;Carlton King Box;Carlton King Filter;Carlton King Menthol;Carlton 100 Filter Cup;Carlton 100 Menthol Cup;Carlton Slims Filter;Carlton Slims Menthol;Carlton 83 mm Menthol;Carlton 100 Menthol;Carlton 120 Menthol;Carlton 83 mm Cup;Carlton 83 mm Filter;Carlton 100 mm Soft Pack;Carlton 83 mm Cup Menthol-->
<!-- Note:co:Marginalia-->
<!-- Note:ci:10004026-->
<!-- Note:rn t="m":130-->
<pg>2</pg>
<!-- Note:ag:60263167-->
<!-- Note:dl:19981123-->
<bt>968117465/7466</bt>
<!-- Note:br t="a":MNAT00315394/MNAT00315395-->
<dl>20020201</dl>
<ot>MEMORANDUM
0		~/ f/OVQ~C!b-'C.G71].UCU72(l .
i
i ~nm~ueciro
A		`/ . orvisiov o. nwcwsnv aw.vocmc ~ ~.
E	41ay 28, 1985	
7.	Mr. W. J. Moore
o	Vice President - Advertising
o	. H. iV. Bahrenburg .
M	Product Manager
R	
E	
F	
This is to review proposed/new product packaging for CARLTON export.
Mid East:
As new products, we will prepare King and 100's Box packaging stating
4mg tar, 0.4mg nicotine and "America's No. 1 ultra low tar and
nicotine brand". Closure alternatives are under consideration.
Existing products in the market are to be reviewed for packaging
update in six months. These are -
83mm (1mg) 100 Cup (5mg)
100 Menthol (5mg)
100 Box (&lt;img) King Box (&lt;0.01mg) .
Japan:
Closure seals to be eliminated from Japanese packaging by including
"U.S. Tax Exempt ..." statement on label side panels. Hakuhodo has
taste-tested -
King Filter (1mg) King Menthol (&lt;1mg)
100 Filter Cup (5mg)
100 Menthol Cup (5mg) Slims Filter (6mg)
Slims Menthol (6mg)
They will give us their product recommendations on June 10, 11.
Re-designed packaging has been tested for the products listed above.
Hakuhodo has recommended - - including T Pi N on label.
- including "America's No. 1 ...".
- changing "Slims" to read "Beluxe" (without changing
product dimensions).
~~
pgNbr=1
Mr. W. J. Moore
Japan: (Continued).
In Japan we currently market -
' 83mm Menthol (5mg)
100 Cup (5mg)
100 Menthol (5mg)
120 Menthol (7mg)
83mm Cup (1mg)
People's Republic of China:
A new 83mm filter CARLTON (12mg) has been shipped.
A 100mm soft pack CARLTON (also 12mg) is being developed.
Both styles to feature "American Low Tar. Made in U.S.A.".
May 28, 1985
Hong Kong:
A new 83mm filter CARLTON (9mg) has been shipped, with same copy as
People's Republic of China plus the Hong Kong Warning notice.
In this market, we currently market -
83mm Cup (1mg)
83mm Cup Menthol (&lt;1mg)
100 Cup (5mg)
cc:	Mr.
Mr.
Mr.
Mr.	T.
C.
R:
R.	C.
H.
S.
J.	Hays\
Mullen
Sprinkle,
Leisure	

III
pgNbr=2
</ot>
</LTDLWOCR>
