<?xml version="1.0" encoding="ISO-8859-1"?>
<LTDLWOCR>
<!-- forcebtag -->
<tid>aaw76d00</tid>
<bt>TI16550312/0314</bt>
<au>COTTER C # AMER ACADEMY OTOLARYNGOLOGY HEAD NECK SU; DEWILDE M # AMER ACADEMY OTOLARYNGOLOGY HEAD NECK SU; JENNINGS P # AMER ACADEMY OTOLARYNGOLOGY HEAD NECK SU; MORIN B # AMER ACADEMY OTOLARYNGOLOGY HEAD NECK SU</au>
<dd>19940106</dd>
<dt>PRESS RELEASE</dt>
<ti>SURGEON GENERAL, JOAN LUNDEN AND EAR, NOSE AND THROAT PHYSICIANS ADDRESS NEED TO PREVENT CHILDRENS EXPOSURE TO SECONDHAND SMOKE</ti>
<!-- Note:rn t="m":DOJCRFP-->
<bx>303</bx>
<!-- Note:dp:09/12/2001-->
<pg>3</pg>
<!-- Note:s:TI STORAGE BOX 8113-->
<!-- Note:cn:DOJ CIVIL-->
<!-- Note:dl:20020306-->
<dl>20020925</dl>
<ot>AMERICAN ACADEMY OF OTOLARYNGOLOG

HEAD AND NECK SURGERY
One Prince Street, Alexandria, VA 22314	Y-	Phone: (703) 93&amp;4444
FAX (703) 88&amp;5100
EMBARGOED FOR RELEASE	Contact:	Paula Jennings or Colleen Cotter
January 6, 1994		202-835-8800
2PM ET		Beth Morin or Moira DeWilde
703-836-4444
SURGEON GENERAL, JOAN LUNDEN AND EAR, NOSE AND THROAT PHYSICIANS
ADDRESS NEED TO PREVENT CHILDREN'S EXPOSURE TO SECONDHAND SMOKE
Grouo Launches National Camoaian Backed by Public Opinion Research
WASHINGTON, D.C.--U.S. Surgeon General M. Joycelyn Elders, MD, Joan Lunden, and ear, nose
and throat physicians today launched a nationwide campaign to raise awareness of the health
hazard of passive smoke to children. Secondhand smoke causes children to develop more ear
infections and respiratory problems with greater duration of illness. New opinion research
conducted for the kick-off shows the American public is largely unaware that surgery and
hospitalization may be required by children who are exposed to secondhand smoke.
According to recent information, in the United States, 50 to 67 percent of children under 5
years of age live in homes with at least one adult smoker. An estimated are 9 million children
breathe secondhand smoke regularly, usually in the home. Furthermore, more than 750,000
children are at risk of exposure to passive smoke from child care environments.
"Secondhand smoke puts children involuntarily at risk. I believe we will only succeed at
prevention if we increase public awareness and promote public action, " said Joan Lunden,
Secondhand Smoke and Children spokesperson and Good Morning America host. "We must
strengthen legislation and public health education if we earnestly intend to stop the debilitating effect
of secondhand smoke on children, " she said today at a news conference in Washington, D.C.
-over-
! i) R.ne/.a Pmr
TI1655-0312
pgNbr=1
Secondhand Smoke/Page 2
Young children are more susceptible to all sorts of illness due to exposure to secondhand
smoke because they have smaller airways, and breathe more rapidly. "Children are much more
likely to develop middle ear infections, asthma, bronchitis and pneumonia, and children whose
parents smoke experience more chronic coughing, wheezing, and increased phlegm, " said Dr.
Jerome Goldstein, executive vice president, American Academy of Otolaryngology-Head and Neck
Surgery (AAO-HNS). The Academy is the primary campaign sponsor and organizer.
A national survey for AAO�HNS by Opinion Research Corporation (ORC) of Princeton, NJ
was conducted in conjunction with the campaign to develop an understanding of public perceptions
of the effects of secondhand smoke on children. Survey results show that 90 percent of the 1,018
people interviewed recognize that secondhand smoke is a serious health hazard. Ninety-five
percent agree smoking should be eliminated from day care centers and elementary schools.
"Secondhand smoke's impact an children is a-serious public health problem. The federal
government has a role in protecting our young people from these dangers that can severely affect
them the remainder of their lives," said Surgeon General Joycelyn Elders, MD. The Office of the
Surgeon General has led the battle against secondhand smoke beginning with the landmark 1964
report linking smoking and cancer.
Further ORC results reveal only 30 percent of the respondents associate ear infections with
secondhand smoke. Ear, nose, and throat physicians believe that eustachian tubes (which
connect the back of the nose with the middle ear) are irritated by smoke. This causes swelling and
blockage which lead to earaches, fluid and infection. Middle ear infections are a leading cause of
childhood hearing loss.
Each year, it is estimated that between 150,000 to 300,000 cases of lower respiratory tract
infections in children under 18 months of age are caused by parental smoke. Secondhand smoke
-more-
TI1655-0313
pgNbr=2
Secondhand Smoke/Page 3
increases the number of attacks and the severity of asthma in about 20 percent of this country's 2
million asthmatic children.
Components of the campaign, Secondhand Smoke and Children, include educational
activities organized by local otalaryngologists, brochures and other informational materials, the video
"Poisoning Our Children: The Perils of Secondhand Smoke," and advocacy targeted at state
legislatures.
The news conference at Stevens Elementary School in Washington, D.C. included children,
many of whom suffer an illness from exposure to secondhand smoke. Nancy Snyderman, MD,
medical host of Good Morning America and the event's moderator, is a practicing otolaryngologist.
- Other participants include: Jerome C. Goldstein, MD; FKC$; execu roe wce president of the
American Academy of Otolaryngology-Head and Neck Surgery, and otolaryngologist David R.
Nielsen, MD, campaign chairman.
The American Academy of Otolaryngology-Head and Neck Surgery (AAO-HNS) is a national
organization of 10,000 physicians dedicated to the care and treatment of disorders of the ears,
nose, throat and related structures of the head and neck.
###
TI1655-0314
pgNbr=3
</ot>
</LTDLWOCR>
