<?xml version="1.0" encoding="ISO-8859-1"?>
<LTDLWOCR>
<tid>aaj44c00</tid>
<bt>87066815/6816</bt>
<dd>19870528</dd>
<dt>INVO, INVOICE</dt>
<rc>EPPERSON,B</rc>
<np>M,S</np>
<ca>US TOBACCO + CANDY JOURNAL</ca>
<cr>LOR, LORILLARD</cr>
<!-- Note:co:MARG, MARGINALIA-->
<fn>87066790/87066833/TOBACCO JOURNAL</fn>
<!-- Note:si:G1-->
<!-- Note:s:ADVERTISING/BASEMENT GMP-->
<pg>2</pg>
<!-- Note:rn t="m":R1-354-->
<!-- Note:lu:FEDA/PRODUCED-->
<!-- Note:dl:20020314-->
<!-- Note:b:TRUE-->
<dl>20030115</dl>
<ot>(
\
IND
.ti.w6Mf
CBECK
#

pgNbr=1
ORIGINAL INVOICE
united states
tobacco and candy
journal
254 West 31st. Street, New York,.NY 10001 (212) 594-4120
6864
5/28/87
Lorillard Media Services
666 Fifth Ave 12th F1
New York NY 10103
Attn: Betty Epperson
XADVERTISING
ISSUE
June 1
page
_ CLASSIFIED
SIZE
PLEASE PLACE IWOICE
~?TJMRTRS
C~" ~.L
COST
_ OTHER
$2275.00
3ft vr-
S
'

~
75
f ~33, m
~ i ~RECEIPT F INVOICE
1LL t I N' f7CNARGE A ER 30 DAYS

pgNbr=2
</ot>
</LTDLWOCR>
