<?xml version="1.0" encoding="ISO-8859-1"?>
<LTDLWOCR>
<!-- forcebtag -->
<tid>aap24d00</tid>
<bt>507465912/5913</bt>
<rc>BYRD J;HORRIGAN G;HUNTER C;LUONGO R;PLATE K;SWIFT A;TROUTMAN G;TUCKER S;ZIMMERMAN V</rc>
<au>PENNELL GC</au>
<bx>RJR2088</bx>
<pc>SHOUSE D;ITTERMAN P;NEHER K</pc>
<!-- Note:rn t="p":1RFP51-->
<dd>19890929</dd>
<dt>LETTER</dt>
<!-- Note:co:N-->
<np>ITTERMAN P;FAINO C;TROUTMAN G;RJR</np>
<!-- Note:dl:19990107-->
<pg>2</pg>
<!-- Note:rn t="m":MINNESOTA 1RFP93-->
<!-- Note:sh:19961015-->
<!-- Note:s:MARKETING;BRAND BUSINESS UNIT;MARTIN DJ;SECRETARY-->
<ti>TARGET MARKET TASK FORCE - MOTORSPORTS.</ti>
<!-- Note:tp:YOUNG ADULT SMOKING-->
<dl>20020201</dl>
<ot>September 29, 1989
TO: Jeff Byrd
Gordon Horrigan
Cindi Hunter
Dick Luongo
Kevin Plate
Alan Swift
Gerald Troutman
Steve Tucker
Vikki Zimmerman
FROM: Cliff Pennell
RE: Target Market Task Force - Motorsports
As you are aware, a task force has been formed to develop an
effective approach to reach younger adult smokers via a highly
targeted marketing approach that leverages special interest
areas. I have been asked to lead one of these special interest
areas, "Motorsports", which covers cars/trucks/motorcycles. In
recent target market task force meetings, your names have been
selected as being appropriate for the Motor Sports Tasks Force
given your experience in a given area.
it is my belief that our task force will not begin to meet on a
regular basis until we have additional learning on "why younger
adult smokers are interested in cars, trucks and motorcycles".
Once this is done, we will be in a much better position to
develop programs/ideas to effectively leverage this interest
area. This learning will be generated primarily by conducting
focus groups with target smokers interested in this area, which
are scheduled over the next few weeks. In addition, Patti
Itterman, Gerald Troutman and Cal Faino have recently met with
the editor/publishers of national magazines and I will be setting
up a meeting for them to share this with us in the near future.
Attached is a schedule of upcoming focus groups on Motor Sports
in St. Louis, Los Angeles and Charlotte including hotel
recommendations and flight schedules. Please feel free to attend
any or all of these groups. However, in recognition that all of
us have other responsibilities to handle, we will be video taping
all motorsports groups which will enable us to see them even if
you cannot personally attend.
pgNbr=1
Target Market Task Force - Motorsports
Page 2
September 29, 1989
In the near future, you will be receiving a schedule for our
Motor Sports Task Force meetings. In the meantime, please call
"if there are problems or questions. We all know how important
reaching younger adult smokers is to the future of RJR. Our
efforts are a crucial part of making that happen and I thank you
for your help.
Sincerely,
G. C. Pennell
GCP/edk
cc: Doug Shouse
Patti Itterman
Ken Neher
Attachment
pgNbr=2
</ot>
</LTDLWOCR>
