<?xml version="1.0" encoding="ISO-8859-1"?>
<LTDLWOCR>
<tid>aal64e00</tid>
<bt>1005020152/0157</bt>
<dd>19820120</dd>
<dt>MEMO, MEMORANDUM</dt>
<dt>BIBL, BIBLIOGRAPHY</dt>
<au>GRUBBS,HJ</au>
<rc>SANDERS,EB</rc>
<np>BARLOW,KR; CHAVIS,MK; COMES,RA; CORE,MT; GRUBBS,HJ; HAUT,SA; HOUMINER,Y; SNOOK,ME; SOUTHWICK,R</np>
<no>BEITRAGE ZUR TABAKFORSCHUNG INTL; VERBAND DER CIGARETTENINDUSTRIES</no>
<!-- Note:co:MARG, MARGINALIA-->
<fn>1005020127/1005020157/HARVEY GRUBBS 1982</fn>
<!-- Note:si:R3-->
<!-- Note:s:SANDERS,EB (TED)/SEC'Y FILES-->
<ti>ACCOMPLISHMENTS 810000- PROJECT 2525</ti>
<pg>6</pg>
<!-- Note:rn t="m":STMN/R1-080-->
<!-- Note:lu:STMN/PRODUCED-->
<!-- Note:dl:19980605-->
<dl>20020201</dl>
<ot>PHILIIP MORRIS U. S. A.
i NTER-'0FF I CE 'CORRESPONDENCE
RICH'HOND, VIRGINIA
To:
From:
"Subject: .
Accomplishments 1981 - Project 2525

developed which compliment, rather than overlap,_the programs
Chemistry, Synthesis, and Isolations. Programs are being
The current defined subdivisions of the project are Smoke '
. This past year has been a time of change and organization.
GENERAL
of Charge Number 2501.
SMOKE CHEMISTRY
A cooperative effort with Project 2501 and Project 0108 to
compare smoke compositions of cigarettes containing WS-14 in-
.corporated in the paper and in the filler was completed. The
compounds quantitated were WS-14 q), p-menthane-3-carboxamide
.
Q), and p-menthane-3-carbonitrile (.ti3)
1~
The'following-table summarizes the results obtained.'
CEN
Sample	Construction	Compound	Delivery,ug/cig
DOBMQ	filler application	WS-14 Q)	. 213.2
	__3.lmg/cig		
		Amide (2 )	0.4
		Nitrile	Not Detected
DOBMR	paper application	, WS-14 (,~ )	244.0
	5.5mg/cig		
		Amide Q)	4.8
		Nitrile Q)	2.0
pgNbr=1
Dr. E. B. Sanders
January 20, 1982-
Page Two
NICOTINE'CONTRIBUTION'TO THE AZA-ARENE SUB-FRACTIONOF WHOLE
Sh10KECONDENSATE
.
,~
In response to a request by the Verband der Cigaretten-
industrie, an approach to determine if nicotine is a measurable
precursor of the aza-arene sub-fraction of smoke condensate has
been formulated. .The utilization of 14C-nicotine'(U) tracer
techniques will allow the measurement of the extent of con-
.version of nicotine to the aza-arenes. The research will be
divided into two phases. Phase I will incorporate the bio-
synthesis and preparation of the labelled nicotine. The
addition of this nicotine to cigarettes, cigarette smoking,
and condensate collection will follow. The condensate will
be sub-fractionated and the contribution of nicotine to the
aza-arene sub-fraction will be measured. Phase II will include
separation of thee individual aza-arene compounds followed by
determination of the nicotine contribution to the individual
aza-arenes. The data to be developed in Phase I of the project
will allow the measurement of the conversion of nicotine to
total aza-arene sub-fractions at or above 0.0001% of the
nicotine consumed during smoking.
=` The five key sequential steps needed to complete this
project are: ~ ..
1) T'`C-Labelled Tobacco Plant Production
2) Isolation and Purification of 14C-Nicotine(U)
3) Labelled Cigarette Manufacture
4) Cigarette Smoking - Condensate Preparation
5) Aza-Arene Sub-Fraction Isolation and Radiochemical
Characterization
4
Step (2) of this strategy was the first area of concentrated
effort. We have developed a new isolation procedure based on water
extraction of freeze dried ground tobacco. After further chemical
processing and preparative high pressure liquid chromatography
(IiPLC), a yield (recovery) of nicotine of about 90;~o was obtained. "
.
The purity of the nicotine, as well as the quantitation of
nicotine and the minor alkaloids was carried out by glass capillary
gas chromatography and radio thin layer chromatographic techniques.
The purity of the isolated nicotine was greater than 99.9%.
In a collaborative effort with Project 2506, this technique
was used to aid in the selection of an a~propriate cultivar of
tobacco for nicotine production in the i CO2 growth chamber. This
same basic isolation procedure has been scaled up to the 100 gram
scale with no loss in yield or purity.
Bench scale cigarette production equipment is currently on
order for step (3). Step (4) will be carried out by smoking on
pgNbr=2
Dr. E. B. Sanders
January 20, 1982
Page Three
.1
a 30-port._smokin,g macne with the_condensate collected in
modified impaction traps.
In anticipation of step (5), the necessary equipment to
follow the procedure of M. E. Snook, et.al.; Beitra.ge zur
Tabakforschung International 11(2) 67 (1981) has been obtained.
In this fractionation scheme, a base fraction is further
fractionated to yield an aza-arene sub-fraction.. Work is
currently in progress utilizing a nicotine [pyrrolidine-2-1`'C]
tracer and 2RI cigarette smoke condensate to evaluate the Snook
et.al. isolation scheme.
~S'YNTHE S I S
Amadori Compounds
The isolation and quantitation of these compounds as a
function of the natural ageing of flue-cured leaf tobacco has
been studied extensively. The three most prevalent tobacco
identical Amadori compounds are 1-deoxy-prolino-D-fructose
(,4), 1-deoxy-asparagino-D-fructose Q), and 1-deoxy-valino-D-
fructose (;L6).
OOH OOH COOH
~H2-NH-~HCH2&amp;H2 qH2-NH-CH-CH(CH3)2
rOOH
H
H O..
CH2OH
O
~ ~ IV
O
These compounds have been prepared and~isolated. Smoke studies 1r
are planned with these tobacco identical flavor precursors that in
will aid in developing an understanding of their contribution to4h
smoke flavor and aroma.
Insect Antifeedants
As part of a collaborative effort with Project 1101, the
synthesis of polygodial (,L7) and warburganal Q) is currently in
progress.
pgNbr=3
During the course of research aimed at improving the radio-
labelled yield of WS-14, exploration of alternate synthetic
procedures for WS-14 were carried out. The reaction of t-menthyl-
magnesium chloride and t-butylisocyanate yielded three products:
WS-14 (,L.), neo-WS-14 Q), and N-(N'-t-butylcarbamoyl)-WS-14 (vl,,O).
While both the equatorial (WS-14) and the axial (neo-WS-14)
products are formed, manipulation of reaction parameters allows
the optimization of the desired isomer with minimum content of
Q0). An internal report as well as patent f ilings have been
completed in this area.
Isolations
Cuticular Wax
The two compounds (4R)-2,7,11-cembratriene-4,6-diol and
(4S)-2, 7,11 cembratriene-4,6-diol have been isolated from a
sample of cuticular wax obtained from Project 2506.
. .., . _ . . , .
.
. .,,
. .. ,
.... .. ._ ,. , ... _.,. .a.,e__._ _....,...~~..-~...:~a.,:. . ......__...,_. . . .�~..~..:,_nt',~.#~ .
pgNbr=4
Dr. E. B. Sanders
January 20, 1982
Page Five
These compounds, available in gram quantities, will be evaluated
as flavor precursors. Uniformly labelled compounds are currently
being isolated for use in study of the fate of these terpene com-
pounds in the curing process and during smoking.
A preparative procedure for isolation of the potent insect
antifeedants azadirachtin and salannin from the kernals of the
of both of these compounds are currently available for assay by
neem tree (Azadirachta indica) has been completed. Gram quantities
the cigarette beetle.' Salannin is currently being assayed. �
azadirachtin to be a potent insect antifeedant when tested against
Project 1101. Preliminary results reported by Project 1101 show
Kudzu (with R. Southwick, Project 2500)
. . _ . ,., .. _ :...
_._ . , . .:_ . ,.. ~~
y roxy-S-damascone, and substituted guaiacols.
hd -
compounds. These inelude damascenone;m.egastigmatrienones, 3-
"-It has-been reported`that the essential oil of Kudzu (Pueraria
lobata) contains,a liumber.of valuable tobacco identical flavorant
- Kilogram quantities of leaf material were obtained locally
obtained have been evaluated subjectively and found to impart a
positive subjective response.on smoking. The presence of
damascenone has been followed through the growth cycle of this
single season. Based on these findings, this material appears
to be an abundant, inexpensive source of tobacco flavoring
materials.
three times during the seasonal growth cycle. Each sample was
subjected to extraction and/or steam distillation. The oils
Patents
filed June 22, 1981.
1. Y. Houminer and H. Grubbs, "Smoking Compositions" U.S.
4,312,368, Jan. 26, 1981.
2. R. A. Comes and S. A. Haut "Process for Synthesis of N-
(Hydrocarbyl)Substituted-p-Mehthane-3-Carboxamide" SN 276328
3. S. A. Haut, "Process for the Preparation of Menthane and
Menthol" PR1036, disclosure filed.
4. H. Grubbs and Y. Houminer "Smoking Compositions" PM920-Div,
SN 265635, filed May 20, 1981.
._x&lt;__ ... .., . ..~w..._ . . . ..
pgNbr=5
Dr. E. B. Sanders
January 20, 1982
Page Six ,
5. H. Grubbs and Y. Houminer,*"Flavor Release Beta-Hydroxy-
Ester Compositions" SN 059264, filed April 30, 1981.
Publications
1. S. A. Haut and M. T. Core, "Separation of Menthol Isomers
by Normal Phase High Performance Liquid Chromatography,"
Journal of Liquid Chromatography, 4(10), 1869-1874 (1981).
2. R. A. Comes and H. Grubbs, "Preparation of 1'`C-Labelled
Poly (t-Menthyl Isopropenyl Carbonates)," Journal of Labelled
Compounds and Radiopharmaceuticals, Vol. XVIII, No. 6,769.= 776
(1981).
3. S. A. Haut and M. T. Core, "Isolation and Purification of
(-)-Menthol-14C and (+)-Neomenthol-1`'C", Journal of Labelled
Compounds and Radiopharmaceuticals, in press.
Internal Reports
1. S. A. Haut, "Procedure For Isolation of Pure Ridomil From A
Commercial Formulation", Accession No..81-197.
.~
2. S. A. Haut, H. J. Grubbs, K. R.Barlow, M. K. Chavis, M. T.
Core, "Synthesis and Smoke Study of a 1`'C-Labelled-Backbone
Acid Release Polymer Model", Accession No. 81-264.
~
~
pgNbr=6
</ot>
</LTDLWOCR>
