<?xml version="1.0" encoding="ISO-8859-1"?>
<LTDLWOCR>
<!-- forcebtag -->
<tid>aaq11a00</tid>
<ti>-- No Title --</ti>
<dt>Letter</dt>
<dt>Correspondence</dt>
<dd>19681217</dd>
<au>Boke-R;Rowland Company Inc</au>
<rc>Stinnette-RH;ATCO</rc>
<pc>Dorf-P</pc>
<np>Science &amp; Mechanics;Heimann;Cohen;Bahrenburg;RHS</np>
<!-- Note:b:Tareyton-->
<!-- Note:co:Marginalia-->
<!-- Note:ci:10004026-->
<pg>1</pg>
<!-- Note:ag:1430473-->
<!-- Note:dl:19981123-->
<bt>968027250</bt>
<!-- Note:br t="a":ATX080024835/ATX080024835-->
<dl>20020201</dl>
<ot>
JA\~ij~yEhl+4~/ /
TIII? li0AAl.~AU COAII'-AAl. IAC.
PONbIC RELATIONS � &gt;RODUCT PURL/CITY
415 MADISOF AFENUE � NER YORK, F. Y. 10011
December 17, 1968
Mr. Richard H. Stinnette
Assistant to the President
The American Tobacco Company
245 Park Avenue
New York, New York 10017
Dear Dick:
Here is the February issue of SCIENCE &amp; MECHANICS
with a feature on the use of activated charcoal to
fight automotive evaporative loss. The article
gives credit to Tareyton as a unique manner and
also stresses the filtering benefits of activated
charcoal with particularly strong editorial endorse-
ment in the final sentence.
Sincerely,
RB:mt Richard Boke
Encl.
cc: Mr. Philip Dorf

pgNbr=1
</ot>
</LTDLWOCR>
