<?xml version="1.0" encoding="ISO-8859-1"?>
<LTDLWOCR>
<!-- forcebtag -->
<tid>aab33a00</tid>
<ti>ATCO/Carlton Box King</ti>
<dt>ADVERTISEMENT</dt>
<dt>Advertisements</dt>
<dd>19880427</dd>
<au>Laurence Charles</au>
<!-- Note:ci:20000178 (was:2000178)-->
<!-- Note:rn t="o":20000178B351-->
<pg>1</pg>
<!-- Note:ag:13378203-->
<!-- Note:dl:20030530-->
<bt>991345440</bt>
<!-- Note:br t="a":RW-0828529-007A-226; RW-0828529-007A-00226/RW-0828529-007A-226; RW-0828529-007A-00226-->
<dl>20030915</dl>
<ot>Copy from Laurence,Charles, Free &amp; Lawson,Inc.
Date: Apri1 27. 1988
Clien[: A'TCO/Carl ton Box Ki ng
Job no: Trade ~ :
Media:
Time-space: �
BODY COPY:
Boxes are hot! And here's roof! They mean 21% of total
cigarette sa es. Proof! King~is 57% of total box sales.
Proof! Carlton Boz TO's show pneominal 28% growth over
T -Years. So stock up now on what could be the hottest box in
town.
,
991345440
I
991345440
PRODUCED FROM B&amp;W WEB SITE

pgNbr=1
</ot>
</LTDLWOCR>
