<?xml version="1.0" encoding="ISO-8859-1"?>
<LTDLWOCR>
<tid>aaw09c00</tid>
<bt>83613303/3304</bt>
<dd>19790523</dd>
<dt>LETT, LETTER</dt>
<au>SCHREIBMAN,GB</au>
<rc>GOLDBRENNER,RS</rc>
<np>GOLDBRENNER,RS</np>
<ca>LADAS PARRY</ca>
<cr>LOEWS THEATRES</cr>
<no>CHILE; LOEWS THEATRES; MANUFACTURAS DE TABACOS SACIFI; PARAGUAY</no>
<fn>83612952/83613351/MISSING; 83612953/83613350/TRADEMARKS TRIUMPH INTERNATIONAL GENERAL CORRESPONDENCE</fn>
<!-- Note:si:N14-->
<!-- Note:s:LEGAL DEPT. FILE ROOM/LATERAL FILE-->
<ti>LOEW'S THEATRES, INC. - TRADEMARK TRIUMPH AND TRIUNFO IN THE NAME OF MANUFACTURAS DE TABACOS LAMBARE S.A.C.I.F.I.</ti>
<pg>2</pg>
<!-- Note:rn t="m":R1-056-->
<!-- Note:lu:FEDA/PRODUCED-->
<!-- Note:dl:20011220-->
<!-- Note:b:TRIUMPH; TRIUNFO-->
<dl>20030115</dl>
<ot>i
0

pgNbr=1
0
LAW OFFICE9 OF
LEONARD J. ROB91N5
S.OELVALLE GOLDSMITH	LADAS, PARRY, VON CiEHR, GOLDS'-%LITkI &amp; DES(:!IIAMPS	10&lt; SOUTH MICHIGAN AVE.
CHICAGO, ILL. 60603

W. MALCOLM PARRY
GEOFFREY LYNFIELO
H	10 COLIIMHIIB CIRCLE, NEW YORHLN.Y 10019	CHARLESJ.FO%GPOVEP.JP.
JOHN J. CHRYSTAL
.
GABRIEL M. FRAYNE
pAUL R WEST	

TELEPHONE (212) 245-2800	THOMAE F CR9ON
THOMAS J. HOFFMANN

STEPHEN A. GOLDSMITH		RICHARD J. STREIT
1
LESTER HORWITZ
HEPBERTL.9OETTCHER

IRVING M BRAVERMAN

ELMAN
AW
C
E
A	
CABLEB:LAWLAN-FOREIGN TELEX:233288	IM[ L.4R

]60O WILSHIRE BLVD.

LOS ANGELES, CAL. 00010
REN
E
.
L
B
ELLIOTT BOWDEN
FREDERICK REICHWALD
JOSEPH MHANDELMAM		

May 23,	

1979	RICHARp W.ItEEFE
W. NORMAN ROTH

ALLAN S.PILSON


FRANI('ROY LEE
ANTHONY GM.OAVIS
LINDA L.6ERNOWITZ
pARY B. SCHREI6MAN

VICTOR M.TANNEN9AUM
ROBERT ALPERT

BARRY M. NRiVISMY
ETHAN HORWITZ

PETER J. LYNFIELO
PAULETTE C.MORSE

IMEMCEPE N.v. CAw)	







nald S. Goldbrenner, Esq.


Counsel


Lorillard Division

Loew's Theatres, Inc.

666 Fifth Avenue
New York, New York 10019
Dear Ron:			IuE4]ePE GL.a Iw W91

7 RUE OE LA PAIX
PARIS 3.FRAMCE

IAN JAY KAUFMAN
[ Gnl


52-" HIGH HOLBORN
LONDON.WGIV 6RR.ENGLAND


AIN C. BAILLIE

LM[ue[P N-v.pAP)

BLUMENSTRA95C 4B
0-9000 MVNIGH 2~ GERNANY
Re: Loew's Theatres, Inc. -
Trademark TRIUMPH and TRIUNFO
in the name of Manufacturas de
Tabacos Lambare S.A.C.I.F.I
1. You requested that we review our files to ascertain
where we have come in contact with this company.
2. We have reviewed same and it appears that they have
only shown up thus far in our watch notice of April 19, 1979,
with respect to their application in Paraguay.
3. As this company appears to be located in Chile please
advise if you wish us to investigate in Chile.
Very truly yours,

GBS:cd GARY B. SCHREIBMAN

pgNbr=2
</ot>
</LTDLWOCR>
