<?xml version="1.0" encoding="ISO-8859-1"?>
<LTDLWOCR>
<!-- forcebtag -->
<tid>aat03f00</tid>
<ti>Proj. No. 360. FC Red Grades and Malawi Burley Analyses.</ti>
<dt>Telex</dt>
<dt>Correspondence</dt>
<dd>19861204</dd>
<au>Black-R;BW</au>
<rc>Galina-E;Cia Souza Cruz Industria e Comercio</rc>
<pc>Kohnhorst-E;Fisher-P;BW</pc>
<!-- Note:ci:10004026-->
<!-- Note:rn t="m":H79 H81 -->
<pg>3</pg>
<!-- Note:ag:0-->
<!-- Note:dl:19990524-->
<bt>620158897/8899</bt>
<dl>20020201</dl>
<ot>BROWN &amp; WILLIAMSON TOBACCO CORPORATION
OUTGOING CABLE
DATE:
SENT BY:
TO:
December 4, 1986
Mr. R. R. Black
Mr. E. Galina
CC: Mr. E. E, . Kohnhorst
Mr. P. R. Fisher
ADDRESS: Cia. Souza Cruz Industria e. Comercio
Av. Suburbana 2066, Caixa Postal 1051
CITY: Rio de Janeiro
COUNTRY: Brazil Telex: 204115
Proj. No. 360
Subject: FC Red Grades and Malawi Burley Analyses
Per your request of P. R. Fisher, I am sending you the available data
ou FC red grades and Malawi Burley.
Grade descriptions:
L2F Leaf grade
L2FR Red leaf grade
T2F Tip grade
T2FR Red tip grade
B1B U.S. Burley leaf grade
WB1B Malawi Burley leaf grade
STANDARD FC VERSUS RED FC
Smoke
L2F L2FR T2F T2FR
Tar	28	28	30	29
Nicotine	2.7	3.5	3.0	3.3
CO	24	24	24"	25
PO	55	65	62	73
Puff No.	10.1	10.2	10.0	10.3
Nic. Transfer-
Efficiency	
14.0	
13.8	
13.6	
14.0
Acetaldehyde	1119	1018	1064	1049
Acrolein	64	63	64	62
Ammonia	28	30	28	32
Phenols	87	96	110	107
620158897
pgNbr=1
ob c
Smoke
Total Sugars 18.8 16.5 16.6 14.3
Reducing Sugars 17.5 14.8 15.5 13.2
Nicotine 2.5 3.3 2.9 3.1
Nitrate Nit. .01 .01 .01 .02 ~ '
Protein Nit. 1.12 1.23 1.15 1.30
Ammonia Nit. .01 .01 .01 .02
Ligain 4.3 4.1 4.2 4.7
Cellulose. 9.7 9.2 9.7 9.5
CBD Content pg/g 280 300 ' 300 290
Vapor Phase Scan
Acetone - 3010 3010 2970 2850
Isobutyraldehyde 320 340' 340 310
Methyl acetate 190 180 190 160
2-Methyl furan 680 670 710 590
Methyl ethyl ketone 820 840 860 770
Ethyl acetate ~ 920 1050 930 1000
Methyl vinyl ke[one 120 170 230 140
Isovaleraldehyde 180 190 190 180
Diacetyl 410 320 380 300
Isobutyronitrile 80 90 90 80
n-Valderaldehyde 50 70 60 50
1
U.S BURLEY VERSUS MALAWI BURLEY
v
T2F T2FR
WB1B
Tar 17 20
Nicotine 2.1 1.0
CO 20 19
NO 533 166
Puff No. 8.0 7.8
Nic. Transfer Efficiency 9.7 10.3
Acetaldehyde 806 857
Acrolein 38 33
Ammonia 155 150
Phenols 50 56
Tobacco
Total Sugar	1.2	1.2
Reducing Sugars	.9	.8
Nicotine	3.2	1.4
Nitrate Nit.	.58	.14
Protein Nit.	1.67	1.90
Ammonia Nit.	.37	.22
Lignin	4.9	8.4
Cellulose	11.5	13.3
CBD Content ug/g	550	2470
Peak Areas (Cembranoid region)	4400	10750
620158898
pgNbr=2
Vauor Phase Scan
BlB WB1B
Acetone	2660	2610
Isobutyraldehyde	160	210
Methyl acetate	250	170
2-Methyl furan	190	230
Methyl ethyl ketone	630	660
Ethyl acetate	1110	990
Methyl vinyl ketone	140	150
Isovaleraidehyde	100	140
Diacetyl	150	250
Isobutyronitrile	100	120
n-Valderaldehyde	30	50
Have also analyzed for amino acids. For FC in our first analysis, the
amino acids (i.e., asparagine and glutamine) were higher in the red
grades. However, in the second analysis, the trend was not apparent.
WB1B shows characteristic Burley profile (high in aspartic and
glutamic acids and their amides, low in proline.
Please notify me if additional information/explanation is needed.
R. R. B.
RRB/bfk
2686n
620158899
pgNbr=3
</ot>
</LTDLWOCR>
