<?xml version="1.0" encoding="ISO-8859-1"?>
<LTDLWOCR>
<tid>aay39e00</tid>
<bt>2501639007</bt>
<dd>19740109</dd>
<dt>LETT, LETTER</dt>
<au>ZZDRHA; ZZHR</au>
<rc>GAISCH,H</rc>
<ca>INBIFO, INSTITUT FUR BIOLOGISCHE FORSCHUNG</ca>
<cr>FTR, FABRIQUES DE TABAC REUNIES S.A.</cr>
<pc>BATTELLE; INBIFO, INSTITUT FUR BIOLOGISCHE FORSCHUNG;  TIERROHREN</pc>
<!-- Note:co:FLGE, GERMAN LANGUAGE;  ILLE, ILLEGIBLE-->
<fn>2501638865/2501639290/0268 FTR 1045 1046.1 1047 S1; </fn>
<!-- Note:si:I1-->
<!-- Note:s:INBIFO/ARCHIVE-->
<pg>1</pg>
<!-- Note:rn t="m":STMN/R2-038-->
<!-- Note:lu:STMN/PRODUCED-->
<!-- Note:dl:19980605-->
<dl>20020201</dl>
<ot>~~~
. . s ~ ~ ~~:-j=~ ~ ~
I
Herrn
Dr. H. Gaisch
Fabriques de Tabac Reunies S.A. A o268/1o47
CH-2oo3 Neuchltel-Serrieres
PT:DRHA/HR 9. Januar 1974
Sehr geehrter Herr Doktor Gaisch,
die Lieferung der Battelle-Maschinen macht uns einige Sorgen.
Zu den Ihnen in Kopie schon Uberlassenen Fernschreiben zwischen
Battelle und uns sende ich Ihnen als Anlage noch die letzten.
Da Sie ein langj~hriges gutes Yerhaltnis zu Herrn Baumgartner
haben, konnen Sie vielleicht - ohne daCi es zu unhbflich ist -
insbesondere in Erfahrung bringen, wann die Maschinen komplett
sein werden und auch etwas drhngen.
Mi t freundl i chen Grtit3en
Anlagen
Kopie FS Inbifo vom 28.12.73 Nr. 331
" " , Battelle " 7. 1.74
" " Inbifo " 9. 1.74 Nr. 339
Foto: Tierrohren, bitte gelegentlich zurtick!
rJ
s
m
w
~
0
0
~
pgNbr=1
</ot>
</LTDLWOCR>
