<?xml version="1.0" encoding="ISO-8859-1"?>
<LTDLWOCR>
<tid>aac51e00</tid>
<bt>04147027/7028</bt>
<dd>19840515</dd>
<dt>MEMO, MEMORANDUM</dt>
<au>MOROZ,LR</au>
<rc>LAWLESS,PA; SCHNEPF,JR</rc>
<pc>BURKE,M H; CAPRA,M K; HAMMER,RD; JONES,S T.; KAYIATOS,MA; KIERNAN,EM; MAU,TH; PASHELUK,A; TELFORD,GR</pc>
<fn>04147026/04147126/5 OFFER 84</fn>
<!-- Note:si:N21-->
<!-- Note:s:MOROZ/OFFICE-->
<ti>EVALUATION OF '$ 5 OFFER' COUPON REQUESTORS</ti>
<pg>2</pg>
<!-- Note:rn t="m":R1-106-->
<!-- Note:lu:STMN/PRODUCED-->
<!-- Note:dl:19980605-->
<!-- Note:b:KENT; NEWPORT; SATIN; TRUE-->
<dl>20020201</dl>
<ot>.TMAW
MEMORANDUM
EVALUATION OF "$5 OFFER" COUPON REQUESTORS
----------------------------------------------------------------
=,second corporate $5 Offer program. Higha.ights of the findings
May 15, 1984

Attached is the report on the research on responders to the
are as follows:
,The program attracts few competitive smokers,
and seems mainly to reinforce our own franchise.
The offer attracted predominately older smokers,
which is consistent with other research findings
on frequent promotion users. In our sample, most
respondents were over 50 years; in the case of
the Kent Family brands, 40% were over 60. (Only
Newport had a younger profile, as one would
expect given the demographics of its franchise).
Competitive coupon requestors tended to be older
than the Lorillard smokers. The most notable
exception to this was True, where the competitive
smokers were considerably younger: 40% were 30
to 49 years, a desirable audience for this brand.
Although Satin had a high number of competitive
requestors (primarily because it was new), the
majority of these were quite old compared with
Satin's usual franchise (51% were over 60).
These smokers are unlikely to stay with a brand
without benefit of a discount or promotion. ~
pgNbr=1
reinforce a very specific segment of Lorillard's franchise:
8% of Lorillard smokers, and 10% of competitive
smokers requested more than four coupons. (This
- Page Two -
went to a high of 17% for competitive smokers
requesting True).
In conclusion, I would say that the $5 Offer program serves to "
`_competitive promotions (and most likely to need the cost
these are also the people most likely to take advantage of ;
smokers over 50 years old. The potential benefit to us is that
around" for promotions, and the least likely to switch brands.
'exception pf True). Older smokers are the most likely to "shop
.:a'smokers who are likely to stay with the brand (with the possible
-savings). The program does little to attract competitive r,
switching brands.
prime target group smokers, or even those smokers susceptible to
ineffective in building a franchise since it does not attract
or a new brand, such as Satin, the program would seem to be'
/be
cc : M. P. Burke
M. K. Capra
R. D. Hammer
S. T. Jones
M. A. Kayiatos
E. M. Kiernan
T. H. Mau
A. Pasheluk
G. R. Telford

pgNbr=2
</ot>
</LTDLWOCR>
