<?xml version="1.0" encoding="ISO-8859-1"?>
<LTDLWOCR>
<tid>aaz91e00</tid>
<bt>2028880494</bt>
<dd>19870407/E</dd>
<dt>FORM, FORM</dt>
<au>HACKENBERG,U; ZZDPR; ZZEJA</au>
<rc>HACKENBERG,U; ZZDPR</rc>
<np>ROEMER,E</np>
<ca>INBIFO, INSTITUT FUR BIOLOGISCHE FORSCHUNG; TEAM IH</ca>
<!-- Note:co:FLGE, GERMAN LANGUAGE;  MARG, MARGINALIA-->
<fn>2028880486/2028880969/INBIFO - 3000 STUDY &amp; REPORT VERSUCHS-VERLAUFS-PROFUNG; </fn>
<!-- Note:si:I9-->
<!-- Note:s:ROEMER,EWALD/SEC'Y FILES-->
<ti>UBERPRUFUNG DURCH QA-UNIT P 0500/3127 COMPARATIVE 90-DAY INHALATION STUDY (NOSE-ONLY EXPOSURE) WITH SIDESTREAM SMOKE OF STANDARD REFERENCE CIGARETTE 2R1 ON RATS AND SYRIAN HAMSTERS WITH RECOVERY PERIOD (PT)</ti>
<pg>1</pg>
<!-- Note:rn t="m":STMN/R2-038-->
<!-- Note:lu:STMN/PRODUCED-->
<!-- Note:dl:19980605-->
<!-- Note:b:2R1-->
<dl>20020201</dl>
<ot>FORM 46.KW 84 ERO/M4VC) NW070A18
OBERPRlJEUNS DURCH QP,-UNIT
TITEL: Ccmparative 90-Day Inhalation Study (Nose-Only Exposure) with Sidestrean
Smoke of Standard Reference Cigarette 2R1 on Rats and Syrian E3aansters
with Recovery Period (Pr)
	Z
	~
~	-n
	0
P 0500/3127	5
~
	~
	c
KENET.[NISDREME DURCH
	PRQ7EKTIE ITII2 :
	ZEAN1: IH
DBERPRtJFTF'R PARAMETER: Subprotocol IH	
	DATUM/ZN:
PRUFZEITPUNtT: vor Ausgang des Subprotocols	UHA. DATUM/ZN:
	
BFaANSTANIDUNG	NDNS13DUENZ		BFMERKUWIEN
viele Ungenauigkeiten bzw. kleinere Fehler	wnrden korrigiert		
UHA, DPR, QA
DPR
TEBM-MANAGER: DPR
3 0. Aprl
7.Apr.87
CA; DATCM/ZN
t6tossezoz
P
pgNbr=1
</ot>
</LTDLWOCR>
