<?xml version="1.0" encoding="ISO-8859-1"?>
<LTDLWOCR>
<tid>aae56e00</tid>
<bt>2026227463/7481</bt>
<dd>19920000/E</dd>
<dt>SPCH, SPEECH, PRESENTATION</dt>
<dt>CHAR, CHART, GRAPH, TABLE, MAPS;  SCRT, REPORT, SCIENTIFIC</dt>
<!-- Note:co:MISS, MISSING PAGES-->
<fn>2026227244/2026227567/930000 INBIFO; </fn>
<!-- Note:si:E10-->
<!-- Note:s:SANDERS,EB (TED)/STORAGE BAYS-->
<pg>19</pg>
<!-- Note:rn t="m":STMN/R2-038-->
<!-- Note:lu:STMN/PRODUCED-->
<!-- Note:dl:19980605-->
<dl>20020201</dl>
<ot>Biological Assays and Determinations
o organ weights
(lungs with larynx and trachea, liver, kidneys, testes,
adrenais)
o gross pathology
o histopathology
- morphology (nose, larynx, trachea, lungs, bronchial
lymph nodes)
- morphometry (determination of the laryngeal epithelial
thickness)
pgNbr=1
Organ Weights: Comparison Sham- versus
MS-Exposed Groups,
90-Day Inhalation
Organ Organ Weight
Absolute Relative to BW
lungs with larynx
and trachea
liver	T	*
kidneys ~; * T *
testes ~, * T *
adrenals T * T *
Remarks: *: statistically significant difference
T: increase
1: decrease
pgNbr=2
Absolute Weight of Lungs with Trachea and
Larynx
0
T
1
I
T
w
vd
0.9 -~
0!6 -~
0.3 -~~
0.0 -J
1.
SHAM REF. ~ LGW' I HIGH
CR-297a
pgNbr=3
Weight of Lungs with Trachea and Larynx
Relative to Body Weight'
~
~
a
v
s
T
I
.L
T
150 --1
50 -~
25-I
0
SHAN!i REF. LOW I HIGH
CR-2978
pgNbr=4
Absof ute Liver Weight
~
,
u
0
I
0			
Q 12-
rr-
w			
T	
&gt;				1					
~								
9								
6								
3								
0 1								
								
~
~
; SHAM REF. LOW HIGH
~ CP-2978
pgNbr=5
Weight of Liver Relative to Body Weight
~ 120--~
0

w
J 80
40-I
20-~
0
I
SHAM REF. LOW HIGH'
CR-2�78
pgNbr=6
There were no statistically significant differences for organ
weights between the reference cigarette-exposed group and the
test cigarette-exposed groups.
There was no influence of CR-2978, added to cigarette paper,
on organ weights.

pgNbr=7
Gross Pathology
Findings
yellow to brown discoloration
of the fur
alopecia, focal
lung: small red dots, red areas,
and mottling
bronchial lymph nodes:
discolored
and/or enlarged
Sham	Reference	CR-2978
Low .	
High
0	12	13	13
0	2	3	3
4	4	2	4
0	1	0	1
Remarks: number of rats examined: 14/group
exception: high CR-2978 group: 13 rats examined due to 1 spontaneous death
0~IMMM!
pgNbr=8
There were no differences with regard to incidence of the gross
findings between the reference cigarette-exposed group and the
test cigarette-exposed groups.
There was no influence of CR-2978, added to the cigarette
paper, on gross pathology.
pgNbr=9
Histopathology
morphology
nose: respiratory epithelium
reserve-cell hyperplasia,
goblet-cell hyperplasia,
squamous metaplasia
olfactory epithelium
ulceration,
atrophy,
squamous metaplasia
larynx: cuboidal and squamous epithelium
hyperplasia
pseudostratified epithelium
squamous metaplasia
trachea: reserve-cell hyperplasia,
goblet-cell hyperplasia
lungs: bronchial epithelium
reserve-cell hyperplasia,
goblet-cell hyperplasia
alveolar epithelium ~
hyperplasia ~
cuboidal cell metaplasia
~
~
accumulation of pigmented alveolar ~+
macrophages in alveolar lumen ~
bronchial
lymph nodes: hemosiderosis
hyperceRularity
pgNbr=10
Squamous Metaplasia of the Olfactory
Epithelium, Nose
U) 5									
w									0
Cr_
0									
U
cn
z
Q
w
:E 4									
2
1
SHAM REF. LOW HIGH ~
CR-2978
pgNbr=11
Squamous Metaplasia of the Pseudostratified
Epithelium, Base of Epiglottis, Larynx
2
1
0
SHAM REF. LOW HIGH CR-2978
pgNbr=12
Hyperplasia of the Cuboidal Epithelium,
Ventral Depression, Larynx
0 : On day 21
EO : On day 90
3
1
0
I
SHAM
RER. LOW HIGH:
CR-2978
1
pgNbr=13
Goblet-Cell Hyperplasia of the Respiratory
Epithelium, Left Lung
2
1
T
0
N'
SHAM FE
LOW HIGH
CR-2978
pgNbr=14
Goblet-Cell Hyperplasia of the Respiratory
Epithelium, Left Lung
p : on day 21
[0 : on day 90
3
2
1
0
SHAM 1
REF. 1 LOW 1 HIGH
CR-2978
pgNbr=15
Morphometry
larynx
epithelium: statistically significant increased thickness
compared to sham
pgNbr=16
Thickness of the Laryngeal Epithelium,
Vocal Cords
20-I
15-~
-~
10
0
T
~
N
; SHAM REF. LOW H]GH'
Cv
~ CR-2�i8
pgNbr=17
There were no statistically significant differences with regard to
incidence and severity of the histopathological findings including
morphometrical determination of the laryngeal epithelial thick-
ness between the reference cigarette-exposed group and the test
cigarette-exposed groups.
There was no influence of CR-2978, added to the cigarette
paper, on histopathology.
pgNbr=18
Conclusion
There was no influence of CR-2978, added to the
cigarette paper, on the biological activity of the MS with
regard to
o mortality
o general condition and behavior
o body weight
o organ weights
o gross pathology
o histopathology of nose, larynx, trachea, lungs, and
bronchial lymph nodes
pgNbr=19
</ot>
</LTDLWOCR>
