<?xml version="1.0" encoding="ISO-8859-1"?>
<LTDLWOCR>
<tid>aaf03c00</tid>
<bt>2084600716</bt>
<dd>19990319</dd>
<dt>FORM, FORM</dt>
<au>B,E; HAFFIN,WD</au>
<ca>AK MEDIA MA</ca>
<cr>P MORRIS</cr>
<no>OHMS; Y+R</no>
<fn>2084600400/2084601033/MSA VENDOR TAKEDOWN CORRESPONDENCE AND CONTRACTS STATES INCLUDED: IOWA KANSAS KENTUCKY LOUISIANA MARYLAND MASSACHUSETTS MICHIGAN MISSOURI JOE MURILLO'S COPY</fn>
<!-- Note:si:N1019-->
<!-- Note:s:MSA/STORED FILES-->
<ti>OUTDOOR ADVERTISING AFFIDAVIT OF PERFORMANCE</ti>
<pg>1</pg>
<!-- Note:lu:FEDA/PRODUCED-->
<!-- Note:dl:20021219-->
<!-- Note:b:PARLIAMENT-->
<dl>20030115</dl>
<ot>AK MED(A/MA
MEMBER OF TIIG AC\ERLEY MEDIA GROUP
OUTDOOR ADVERTISING
AFFIDAVIT OF PERFORMANCE
DATE 31(911j
ClaErrrP, taAr�s
PRODUCTiJs;akatLO
AGE(VCY `1 1~ R~ J ki.
We hereby notify you that all (11) Parli..e.e b.Wdns IoeaHos have baa scraped and ern
no longar up as of 3/14/99.
Ride M's: 5442, 6094, 6960, 71%, 7630,104Si,10377,11550,12283, 22360, &amp; 30162
1~
'lll,
d
a ft1/9 j GEN@(ERAL SALES MANAGER


q'	N
0
G[lY1GYERALMANAGER
J `	00
	~
	m
0
	0
89M..rLaSTacar P.O.Buc80t90 Sro.tu.. N.U1t60 T,L781.t38.8880 F.%z781 279 2020
.~~ �.,.~. .~ .a..Ja

pgNbr=1
</ot>
</LTDLWOCR>
