<?xml version="1.0" encoding="ISO-8859-1"?>
<LTDLWOCR>
<!-- forcebtag -->
<tid>aaf20a00</tid>
<bt>HK01140002/0003</bt>
<ti>GRANT APPLICATION NO. 926  BUDH DEV BHAGAT, PH.D., ST. LOUIS UNIVERSITY, MISSOURI  "EFFECT OF SMOKING ON THE CARDIOVASCULAR SYSTEM IN EXPERIMENTAL HYPERTENSION"</ti>
<dd>00000000 (was 00000827)</dd>
<dt>REPORT</dt>
<au>BING RJ, CTR</au>
<pc>JACOBSON;NORDSIEK;SOMMERS</pc>
<bx>159</bx>
<!-- Note:dp:19960515-->
<!-- Note:rn t="m":131-->
<!-- Note:co:MAR-->
<np>HOCKETT;SLOTKIN</np>
<!-- Note:gn:AP00926-->
<np>BHAGAT BD, ST LOUIS UNIV</np>
<!-- Note:d:DISCUSSES BHAGAT'S MODIFIED APPLICATION ON A PREVIOUSLY DENIED PROPOSAL, AND REVIEWS IT FAVORABLY-->
<!-- Note:lu:MNAG-->
<pg>2</pg>
<dl>20020201</dl>
<ot>1~t /A a- D.p
THE COUNCIL FOR TOBACCO RESEARCH--U.S.A., INC.
Grant Application No. 926
Budh Dev Bhagat, Ph.D., St. Louis University, Missouri
fJKq11 4aoa2
"Effect of Smoking on the Cardiovascular System in Experimental Hypertension"

As Dr. Nordsiek writes, Dr. Bhagat's recent application was denied. He comes
now with a modified application and a rather tiet# and interesting proposal,
that of measuring the effect of smoking on rats with hypertensidn.
Dr. Bhagat, despite all his strange and extravagantic behavior, is
actually quoted quite a bit in the literature when it comes to the effect
of nicotine and smoking. I have seen his name several times within the
last six months.
He is following his old lead and trie; to measure endogenous catecholamines,
accumulation of 3H-norepinephrine, the activity of enzymes involved in
synthesis and degradation. At first glance, this seems to be a very
involved situation, which starts from the assumjationAich I do not think
is substantiated, that life expectancy is considerabl shortened
All experiments will be carried out in rats.
He comes to the nitty-gritty of his work and proposal on page 4. He is
going to use rats made hypertensive by means of endocrine intervention,
he will use spontaneauslhypertensive rats, he will,study the effect of
chemical symp athectomy on development of hypertension, 6-OH dopamine,

pgNbr=1
Page 2
Grant Appl. 0926
Budh Dev Bhagat; Ph.D.
HKQ1140b03
he will expose the animals to smoke, perform pharmacological studies
such as�ca.techolamines, various enzyme activity involved in norepinephrine
formation.
Not content with this, he is going to use isolated atrial preparation,
aortic strips. He describes his chemical methods in detail.
14iere are two questions which we have to examine very carefully:
1. How reliableis this study going to be, this in the light of some
criticism that has been raised in other agencies. .
2. If this work is going to be done all right, how much can be learned
from it?
As to (1), I.feel that Dr. Bhagat is not an unre lidble worker. As to
(2), I think we would probably learn something fro' this nrayosal.
We would learn that smoking affee'ts the hypertensive norepinephrine
metabolism one way or another. This may be quite interesting.
Despite my previous criticism of Dr. Bhagat, I would give this proposal
a 2 for scientific merit and a 2 in relevance.
	,	
R. r. ~g, M!D.	~t,/.u! ~~ t/
/	J Po f~'' !'-t
itJB : c
c
cc: Jacobson, Sommers, Nd'rdsiek		

pgNbr=2
</ot>
</LTDLWOCR>
