<?xml version="1.0" encoding="ISO-8859-1"?>
<LTDLWOCR>
<!-- forcebtag -->
<tid>aav66d00</tid>
<bt>513421756/1757</bt>
<rc>FACKELMAN EJ</rc>
<au>COHEN PS; BUSINESS INFORMATION &amp; ANALYSIS</au>
<bx>RJR4681</bx>
<!-- Note:b:DORAL; CAMEL; NON-RJR BRANDS-->
<dd>19950525</dd>
<dt>LETTER</dt>
<!-- Note:co:N-->
<np>RJR; B&amp;W; LIGGETT; WILDCATTERS; PHILIP MORRIS</np>
<!-- Note:dl:20010207-->
<pg>2</pg>
<!-- Note:rn t="m":US PRIORITY REQUEST 3-->
<!-- Note:sh:20010117-->
<!-- Note:s:MARKETING; BUSINESS INFORMATION; GALYAN PE; MGR-->
<ti>SIGNIFICANT ACTIVITIES.</ti>
<dl>20021018</dl>
<ot>LONGER TERM OUTLOOK:
The longer term volume/share outlook for RJR will be influenced by the following factors:
- Volume/share impact of manufacturers' price increase, which will be influenced by the
amount competitors deal back to the consumer.
Ability to increase volume/share contribution from RJR conversion/retention programs.
(Current conversion rates are lower than anticipated levels. The estimated FP sensitivity is
1.0 billion units for full year '95. )
Ability to effectively/efficiently spend price gap dollars and maintain competitive position.
Volatile low end pricing activity driven by B&amp;W, Liggett, Wildcatters. (This could also lead
to further increases in Branded Savings response.)
Level of Marlboro activity. (Following the December/January promotion, Marlboro
discounting activity has returned to 1994 levels. Recent competitive intelligence suggests this
may not hold over time and we will likely see increases in other types of promotions, as well.)
LeveUscope of Basic promotional activity, as PM attempts to revitalize the brand.
. MAJOR UPCOMING PROJECTS/REPORTS
TIMING
MARLIN Topline - April 5/30
Monthly Business Overview 6/15
Penny S. Cohen
BUSINESS INFORMATION &amp; ANALYSIS
PSC:dh

pgNbr=1
May 25, 1995
TO: Mr. E. J. Fackelman
FROM: Ms. P. S. Cohen
SUBJECT: SIGNIFICANT ACTIVITIES
. MONTHLY BUSINESS OVERVIEW
Issued the Monthly Business Overview report on May 15.
CURRENT STATUS vs. GOALS:
- Retail share performance on our key brands remained at/or above targeted levels for the
March YTD period.
Through early May (S/l2), shipment volume on DORAL is ahead of LE, while our FP goal
brands are below LE levels, The negative variance on CAMEL and SELECT is related to the
following factors:
=&gt; Promotional shipment/payback patterns
=&gt; Limited contribution to-date from conversion programs
=&gt; Less aggressive price gap management
For SELECT, there is also evidence of selling rate softness. This does not appear to be
the case for CAMEL, which is showing signs of recovery to shipping rates more consistent
with LE levels.
SHORT TERM OUTLOOK:
RJR's FP performance at retail in April/May is expected to show softness.
=&gt; Discounting activity on competitive Branded Savings remains high.
=&gt; Marlboro's increased retail presence/support in conjunction with the rollout of Country
Store 11 continues.
=&gt; The impact of the CAMEL BSGSF offer, which boosted share in March, will
subside.(The only retail promotion we have in April is a lighter w/2 pks, on SELECT.)
~ Recent price gap data indicates that discounting activity on our key FP brands remained
less aggressive than anticipated given Branded Savings activity.
Retail performance on our Savings business in total is also expected to decline over the next
couple of months, but DORAL should show a gain in May as their BSGSF offer impacts.
Assuming shipment performance on SELECT does not improve, it appears likely that our FP
volume for Q2 will fall short of the LE by 150 to 175 million units. Savings volume, in total,
should slightly exceed LE levels (+80 to 90 million units).

pgNbr=2
</ot>
</LTDLWOCR>
