<?xml version="1.0" encoding="ISO-8859-1"?>
<LTDLWOCR>
<tid>aac79e00</tid>
<bt>2029152160</bt>
<dd>19950000/E</dd>
<dt>NOTE, NOTE</dt>
<!-- Note:co:FLGE, GERMAN LANGUAGE;  HAND, HANDWRITTEN-->
<fn>2029151897/2029152321/INBIFO P 0500-5291 TME FTE DISPOSAL;  SUSPENSION; </fn>
<!-- Note:si:I37-->
<!-- Note:s:TEWES,FRANZ/INBIFO OFFICE-->
<pg>1</pg>
<!-- Note:rn t="m":STMN/R2-038-->
<!-- Note:lu:STMN/PRODUCED-->
<!-- Note:dl:19980605-->
<dl>20020201</dl>
<ot>?~- /E21V ,
~~~~
pgNbr=1
</ot>
</LTDLWOCR>
