<?xml version="1.0" encoding="ISO-8859-1"?>
<LTDLWOCR>
<tid>aai87e00</tid>
<bt>2047664617</bt>
<dd>19920800/E</dd>
<dt>REPT, REPORT, OTHER</dt>
<dt>CHAR, CHART, GRAPH, TABLE, MAPS</dt>
<!-- Note:pa1:2047664616/2047664625&lt;/pa1-->
<fn>2047664407/2047664875/PHILIP MORRIS: GENERAL C.R.W.@ 2047664408/2047664874/PHILIP MORRIS: GENERAL C.R.W.</fn>
<!-- Note:si:N328-->
<!-- Note:s:WALL,CHARLES/SEC'Y FILES-->
<ti>TABLE 1 SUGGESTED PARAMETERS FOR SIDESTREAM SMOKE THRESHOLD ESTIMATION IN RATS</ti>
<pg>1</pg>
<!-- Note:lu:OKAG/PRIVILEGE WITHDRAWN; OKAG/PRODUCED-->
<!-- Note:dl:19990514-->
<dl>20020201</dl>
<ot>f
t
Table 1
Suggested Parameters for Sidestream Smoke Threshold Estimation in Rats
PARAMETER APPLICATION
	NON- LOWER RESPIRATORY
INVASIVE NOSE TRACT
clearance
retention	
+ - +
ciliary function	- + +
genotoxicity
protooncogene
activation	

- + +
06-mdG-methyl-
transferase	
- + +
oxidative stress
PMN activation	
- + +
glutathione conc.	- + +
lipid peroxidation	+ + +
adaptive response
cell proliferation	
- + +
*Threshold estimations in rats is an essential component which must precede the lifetime
study. It is estimated that it will take -6 months to complete. The purpose of these
studies is to describe the "MTD" and utilize this information to support the proposed test
doses in the lifetime exposure situation. This information needs to be published in a
peer reviewed scientific journal (e.g., FAT). Similar evaluations need to be performed
in the test using hamsters.
pgNbr=1
</ot>
</LTDLWOCR>
