<?xml version="1.0" encoding="ISO-8859-1"?>
<LTDLWOCR>
<!-- forcebtag -->
<tid>aad71d00</tid>
<bt>502811341</bt>
<bx>RJR4493</bx>
<pc>LC</pc>
<!-- Note:rn t="p":4RFP009-->
<dd>19800000</dd>
<dt>REPORT</dt>
<!-- Note:co:Y-->
<np>LEE; WYNDER E; AMERICAN HEALTH FOUNDATION; HAMMOND; SEIDMAN; SCHMAHL D; ROE FJC; STEWARD AM; ACS</np>
<!-- Note:dl:19991203-->
<pg>1</pg>
<!-- Note:rn t="m":RAMSEY 1INT14; RAMSEY 1INT17-22-->
<!-- Note:sc:BROIN2-->
<!-- Note:sh:19991104-->
<!-- Note:s:R&amp;D; BIOCHEM BIOBEHAVIORAL-SCI AFFAIRS; NYSTROM CW; MASTER SCIENTIST-->
<ti>LEE CITED FINDINGS FROM A CONFERENCE ON THE PRIMARY PREVENTION OF CANCER ORGANIZED IN THE U.S. LAST YEAR BY (ERNST WYNDER'S) AMERICAN HEALTH FOUNDATION (AHF).</ti>
<!-- Note:tp:SMOKING AND CANCER; SMOKING AND LUNG CANCER; SPONSORED RESEARCH ON SMOKING &amp; HEALTH-->
<dl>20021018</dl>
<ot>r
5.
Lee cited findings from a conference on the primary preven-
tion of cancer organized in the U.S. last year by (Ernst Wynder's)
American Health Foundation (AHF). That conference concluded that
nutrition resulted in up to 50% of common cancer and smoking
caused 25-35% of U.S� male cancers and 5-10% of female cancers.
It is unrealistic to assume cancer is always caused by a
single agent, Lee continued. There is evidence that smoking and
alcohol act synergistically in regard to cancer of the upper
aerodigestive tract and that smoking acts similarly with as-
bestos and other occupational agents to cause lung cancer. It is
also clear that in a number of cases, genetic, endocrine, nutri-
tional, and immunological factors substantially modify the re-
sponse to chemical or physical carcinogens.
For these reasons, the AHF smoking estimates (actually from
Hammond and Seidman of the American Cancer Society) "are likely
to be on the high side" because they ignore recent changes in
the type of cigarette smoked. Also, general air pollution may
play a "rather larger role" in lung cancer causation than that
described at the AHF conference (which was that air pollution
contributed little to overall cancer risk).
During discussion, Dietrich Schmahl, Heidelberg, said he
had attended the AHF conference and he urged caution in accept-
ing the claim that nutrition may be related to 50% of all can-
cers. The data are soft, he said, and he does not know what diet
causes or prevents cancer.
P
Francis J.C. Roe, London, commented that in animal experi-
ments in which diets were reduced by 20%, there was considerable
improvement in wellbeing and increased longevity. (Roe has pos-
tulated that seeing less food stressed the animals, leading to
a rise in plasma corticosteroid levels that may be protective
against the development of many kinds of cancer.)
/ 4. "Delayed hypersensitivity to tobacco protein antigen:
its separation by high pressure liquid chromatography and rela-
tion to lung carcinogenesis" -- A.M. Steward, Melbourne. His in- (
terest, Steward said, lies in the pro ein content of tobacco
and its biologic activity in healthy people and in lung cancer tttPl//~
patients. There is little doubt tobacco is implicated in lung
cancer, he said, but despite the known chemical carcinogens in
smoke, "conclusive experimental proof is thought, by some at
least, to be lacking." He indicated he has that proof because
he has obtained a significant skin response to tobacco protein
antigen in 14/21 lung cancer patients as compared with 3/14
controls. ~ ~
Steward aid the sensitizing effect of tobacm protein may
be implicated in lung cancer development and that host factors
may be as important in "selecting out" those persons with a
tendency to develop lung cancer as they are in tuberculosis.

pgNbr=1
</ot>
</LTDLWOCR>
