<?xml version="1.0" encoding="ISO-8859-1"?>
<LTDLWOCR>
<!-- forcebtag -->
<tid>aaj23f00</tid>
<ti>MODELING HEURISTICALLY</ti>
<dt>SPCH, SPEECH/PRESENTATION;OUTL, OUTLINE</dt>
<dt>MEETING MATERIALS;LIST</dt>
<dd>19830706</dd>
<au>HONEYCUTT,RH</au>
<!-- Note:ci:10004026-->
<!-- Note:rn t="m":A4;M129-->
<pg>8</pg>
<!-- Note:ag:88002-->
<fn>RESEARCH DEPTRESEARCH DEPT</fn>
<!-- Note:dl:19990524-->
<bt>508002287/2294</bt>
<dl>20020201</dl>
<ot>MODELING HEURISTICALLY
Abstract
The terms "model" and "heuristic" are defined and joined together
to form a general philosophy of modeling. This philosophy advocates
the use of simulation (deterministic) models applied in a
simple-to-complex sequence. General principles, uses, and types of
models are discussed.
Summary of Presentation
The first slide shows definitions of the words "model" and
"heuristic." Small is underlined to emphasize that models should be
easy to handle and easy to understand. The point in listing defini-
tions for heuristic is that the model should help, serve, and further
the experimental or product development work. The heuristic process
is step-wise learning; the results from each step point out the next
logical step, which may well be to stop modeling.
The second slide presents some general principles. The main
guideline for deciding how simple is possible is the performance of
the model versus reality. This argues for a progression from simple
to complex, stopping at the simplest model that does the job. One
guideline for measuring how complex is necessary is the discriminating
power of the tests used to measure the results. Model performance can
quite easily outstrip the performance of the analytical and subjective
tests available. The general idea is that models are tools, a means
to an end. Model development should not impede work progress or
completely supplant experimental work. The decision to develop a
model should be a practical one based on time saved and/or additional
information gained.
The third slide presents three potential uses of models from a
scientist`s view.
1. The fundamental components of a model should be described in
terms of fundamental physical laws. The composite model is
assumed to be a consequence of the sum of the parts
(determinism).
2. If the essential features of a problem can be summarized,
insight should be gained about the underlying structure of
causal relationships.
3. Concrete models are the easiest way to see the implications
of a theory. New experiments are usually the result.
pgNbr=1
The fourth slide presents four potential uses of models from a
manager's view.
1. It is important that participants agree and "buy on" to the
model's assumptions, limits, and other features. Conflicts
must be resolved for acceptance of the work that follows.
Models help identify critical or poorly understood features.
This allows logical delegation of tasks and resources for
complex projects.
3. Understandable models help maintain interest and support for
research by higher level management.
4. Saving money is certainly a desirable potential use of
modeling, although not always realistic.
The fifth slide lists three types of models.
1. Stochastic models are difficult to apply and difficult to
interpret.
2. Empirical model results are suspect once the parameters
exceed their original limiting values. Also, empirical
models usually do not provide insight and guidance.
3. Simulation models allow inclusion of other branches of
science and mathematics (fresh viewpoints, adoption of
"pre-solved" models, etc.), and should provide insight into
stimulus-response mechanisms.
The fifth (and last) slide gives some comments on simulation
models.
1. Too much realism can lead to a mass of trivia and detail. A
lot of time might be spent obtaining a small amount of infor-
mation.
2. Since models are often used simply to compare alternatives, a
high degree of correlation between predictions and reality is
often sufficient.
3. Robust is used to mean stable. Sensitivity analysis should
be done to see which variables upset the model the most and
which have little effect on results.
Rufus Honeycutt
RHH/kt/004
1505a
2
pgNbr=2
MODELING HEURISTICALLY
A. DEFINITIONS
MODEL: N. 1. A SMAL REPRESENTATION OF A PLANNED OR
EXISTING OBJECT.
HEURISTIC: AN. 1. HELPING TO LEARN. 2. SERVING TO INDICATE
OR POINT OUT. 3. STIMULATING INTEREST AS A MEANS
TO FURTHERING INVESTIGATION.
pgNbr=3
B. GENERAL PRINCIPLES
"THE MODEL SHOULD BE AS SIMPLE AS POSSIBLE, AS COMPLEX AS
NECESSARY" DR. A. SCHLUTER AND DR. W. SCHNEIDER
HOW SIMPLE?
HOW COMPLEX?
A MODEL IS A POSSIBLE WAY OF REALIZING A GOAL, NOT THE GOAL
ITSELF.
pgNbr=4
C. 'USES OF MODELS - A SCIENTIST'S VIEW
1. TO BREAK A COMPLEX SYSTEM INTO SIMPLER, FUNDAMENTAL
COMPONENTS.
2. TO ABSTRACT THE ESSENTIAL FEATURES OF THE PROBLEM.
3. TO GUIDE THE EXPERIMENTAL WORK.
pgNbr=5
D. USES OF MODELS - A MANAGER'S VIEW
1. TO GET AGREEMENT ON GOALS AND DIRECTIONS.
2. TO ASSIST IN RESEARCH PLANNING AND DELEGATION.
3. TO COMMUNICATE THE COMPLEX IN UNDERSTANDABLE TERMS.
4. TO SAVE MONEY.
pgNbr=6
STOCHASTIC MODELS - LEAST DESIRABLE. CAN BE USED TO
TEST SOME PHYSICAL OR STATISTICAL HYPOTHESIS.
SETS OF EMPIRICAL RELATIONSHIPS. CAN SAVE TIME AND
MONEY BUT DO NOT EXCEED LIMITS.
3. SIMULATION (DETERMINISTIC) MODELS. MOST DESIRABLE.
DESCRIBES SYSTEM IN TERMS OF FUNDAMENTAL PROCESSES.
pgNbr=7
F. COMMENTS ON SIMULATION MODELS
1. NEED NOT BE COMPLETELY REALISTIC.
2. NEED NOT ALWAYS GIVE THE SAME NUMERIC RESULTS AS THE
REAL SYSTEM.
3. SHOULD BE AS 'ROBUST' AS POSSIBLE.
ANY USE OF A MODEL DEPENDS ULTIMATELY ON THE ASSUMPTION THAT
ITS PERFORMANCE CORRESPONDS TO THE ACTUAL BEHAVIOR OF THE
SYSTEM.
pgNbr=8
</ot>
</LTDLWOCR>
