<?xml version="1.0" encoding="ISO-8859-1"?>
<LTDLWOCR>
<!-- forcebtag -->
<tid>aar91d00</tid>
<ti>BROWN &amp; WILLIAMSON</ti>
<dt>LETTER</dt>
<dt>LETTER</dt>
<dd>19990315</dd>
<au>CROMER, B A - STITES &amp;amp HARBISON</au>
<rc>CONNOLLY, J - GREY ADVERTISING INC</rc>
<pc>FREEDMAN, B H; MELLEN, N</pc>
<!-- Note:co:MARGINALIA; Handwritten-->
<!-- Note:ci:20000178-->
<!-- Note:rn t="o":20000178A005-->
<pg>1</pg>
<!-- Note:ag:71119151-->
<fn>Marketing MSA Billboards By State A G Letters</fn>
<!-- Note:rn t="p":   -->
<!-- Note:od:   -->
<!-- Note:dl:20010209-->
<bt>283100893</bt>
<dl>20020925</dl>
<ot>r
4 STITES &amp;HARBISON
A T T 0 H N E Y S
March 15, 1999
VIA FACSIMILE 212-546-2157
Mr. John Connolly
Grey Advertising Inc.
777 Third Avenue
New York, New York 10017-1344
RE: Brown &amp; Williamson
Dear John:
400 West Market Street
Surte 1800
Louisville, KY 40202-3352
1502] 587-3400
15021587-6391 Fax
vvww.stites.com
Brian A. Cromer
(502] 681-0440
bcromer@stites.com
Attached is a letter I received from the Ohio Attorney General's Office regarding billboard
issues. It appears that Ohio has worked with the billboard companies to select replacement
space, as outlined in the letter. In addition, Ohio is claiming that there are several billboards that
Brown &amp; Williamson leased from Lamar Advertising that should be subject to the alternative
advertising provisions of the MSA.
Please call me to discuss this once you have had an opportunity to review the foregoing.
Very truly yours,
t Wti+
Brian A. Cromer
cc: Barton H. Freedman, Esq.
Neil Mellen, Esq.
B R l 93:00 B R 1:3 3712: L O UIS V IL L E
Louisville. KY Lexington, KY Frankfort, KY Hyden, KY
Jeffersanville, IN wasninyton, OC
283100893
PRODUCED FROM B&amp;W WEB SITE

pgNbr=1
</ot>
</LTDLWOCR>
