<?xml version="1.0" encoding="ISO-8859-1"?>
<LTDLWOCR>
<!-- forcebtag -->
<tid>aay77c00</tid>
<bt>505547367</bt>
<bx>RJR7022</bx>
<!-- Note:rn t="p":MINNESOTA 1RFP107-->
<dd>19870915</dd>
<dt>PUBLISHED DOC</dt>
<!-- Note:co:N-->
<np>HORRIGAN EA JR; RJR; RJR NABISCO; DAVIS DL; UNIV OF KY; MIDDENDORF P; GA INSTITUTE OF TECHNOLOGY; BRENTON D; SMOKERS RIGHTS ALLIANCE</np>
<!-- Note:dl:20030512-->
<pg>1</pg>
<!-- Note:ag:REYNOLDS ANNOUNCES PLANS FOR A SMOKELESS CIGARETTE, BY ELLWOOD CITY LEDGER, 870915.-->
<!-- Note:rn t="m":LANE RFP12 20000511; WALLACE 1RFP7; WALLACE 1RFP9; WALLACE 1RFP10; WALLACE 1RFP11; US COMPREHENSIVE REQUEST 38; US COMPREHENSIVE REQUEST 47; US COMPREHENSIVE REQUEST 308; US COMPREHENSIVE REQUEST 375; US COMPREHENSIVE REQUEST 271; US COMPREHENSIVE REQUEST 80; MINNESOTA 1RFP41; MINNESOTA 1RFP61; MINNESOTA 1RFP69-->
<!-- Note:sh:20021115-->
<!-- Note:s:PR; ; PAYNE MT; SR PR REP-->
<ti>LUCAS PRESS CLIPPING.</ti>
<!-- Note:tp:SAFER CIGARETTE; PREMIER; SMOKING AND CANCER; SMOKING BY-PRODUCTS-->
<dl>20030615</dl>
<ot>(9)
ELLWOOD CITY, PA
LEDGER
D. 7,700
SEP IS 1987
feynolds announces plans
Jor a smokeless cigarette ..
I
f- NEW YORK (AP) - A cigarette tute at the University of ~Centucky, Georgia lnstitute of Technology: "We
: manufacturer announced today it is said if there is no burning dt tobacco, don't know what else is going to be gi-
developing an almost smokeless ciga- it would eliminate the dangers of tar, ven off. Once you put plastics in there
rette that does not burn tobacco and which is created by the burning. you have to be concerned about the
i greatly reduces the production of - The cigarette' contains substantia- compounds in the plastics."
substances linked to health concerns. Hy less tobacco than a standard ciga- There also were questions about
"We think this will be the world's rette. whether consumers will accept the
~ cleanest cigarette," said Edward A. Researchers at Reynolds have product.
Horrigan Jr., chairman and chief worked for three years on the project, "Smokers are going to be skeptical
executive officer of the R.J,~,teynolds code-named "Operation Black Hole:" about it. They are going to question
f Tobacco Company, at a mornIng whether the product gives them the
news conference. One researcher expressed caution same sensation and flavor. The
Horrigan said the product is still In about the product. ~' smoke itself is part of the satisfac-
the research stage. The company, a. There could be dangers associated tion," said Dave Brenton, head of
f subsidiary of RJR Nabisco Inc., with the heat element, said Pau1 Mid- Smoker's Rights Alliance, based in
hopes to test market the product in a dendorf, a research scientist at the Phoenix, Ariz.
limited area in 1988. A Horrigan said the cigarette is lit /
like a normal cigarette, but a carbon I
heat source at its tip generates warm IJI
air that passes through tobacao
extract, flavorings and glycerine to
form smoke that tastes like cigarette ~
-amoke-Although the cigarette Includes
'
carbon monoxide and nicotine at the
' level of low-tar brands, since the
tobacco does not burn, most of the
combustion products linked to cancer
and other health concerns are elim-
inated or greatly eeduced, Horrigan
said.
He also said that because the ciga-
I rette produces almost no sidestream
iamokeafterthefirstfew puffs,noash
~'und no odor, "we also think it will be
r'well-received" by norramokers. The
titnoke exhaled by the smoker dissi- - .
~ pates quickly, he said.
Aorrigan said ReYnolds felt it had
~ to go beyond reducing tar and "ad- `
Eress the perceptions" about health
problpms related to cigarette smok-
Ing.
"We're not i1aying it's'a safe or
sefer cigarette," Horngan sald.
, 7Xorrigan said the cigarette does not `^
r Aurn down. lt remains 4t for about as �
long as a king size clgarette and ex- v
itself. The smoker disposes r
W the ent'u�ecigarette.
D: Layton Davis, director uf the v
i Tobatxo and Health Research Inati- n.
~

pgNbr=1
</ot>
</LTDLWOCR>
