<?xml version="1.0" encoding="ISO-8859-1"?>
<LTDLWOCR>
<tid>aam63c00</tid>
<bt>2064958175/8183</bt>
<dd>19871007</dd>
<dt>REGU, REGULATION</dt>
<au>ALVAREZ,PEO</au>
<no>DEPT OF CONSUMER AFFAIRS; OFFICE OF THE SECRETARY OF STATE</no>
<!-- Note:co:MARG, MARGINALIA-->
<fn>2064958122/2064958193/PUERTO RICO - BAR NIGHTS</fn>
<!-- Note:si:N528-->
<!-- Note:s:MURILLO,JOE/SEC'Y FILES-->
<ti>STATE LAWS - PUERTO RICO CHANCE PROMOTION CONTESTS CONSUMER AFFAIRS BYLAW</ti>
<pg>9</pg>
<!-- Note:lu:FEDA/PRODUCED-->
<!-- Note:dl:20021111-->
<dl>20030115</dl>
<ot>CHAFLER V--9TqTH lAWS--pUERTO R1C0
5PR.3
manufactured or packed when such stamps, coupons, tickets, certificates, cards,
slips of paper or other similar promotion device, can be exchanged, without
money in cash or accompanied by money in cash when the sum does not
exceed $5.00 for any product of said manufacturers or packers or for a particular
product, which shall be specified, although not packed or manufactured by the
said packers or manufacturers. (1969, No. 111.)
Sec.991b Penalties.
Any person, firm, partnership or corporation, who violates the provisions of
sections 991- 991b of this title shall be guilty of a misdemeanor and upon convic-
tion thereof shall be punished by a fine not to exceed $1,000 or by confinement
in jail for a term not to exceed 90 days, or by both penalties, in the discretion of
the court * * * *. (1969, No.111)
Note: This statute may be interpreted to apply to a sweepstakes ticket
redeemable for a prize. See, for example, such application of the Kansas trading
stamp law.
Antitrust Law - Title 10
Sec. 263 (t)
It shall be unlawful to sell or execute any contract for the sale of goods at
unreasonably low prices for the purpose of destroying competition or eliminat-
ing a competitor.
Chance promotion Contests
Consumer Affairs Bylaw (Eff.11-687)
Article 1: Authority.
This By-law is enacted in accordance with the powers vested in the Con-
sumer Affairs Secretary pursuant to Act No. 5 of April 23, 1973, Act No. 148 of
July 1, 1968, Act No. 97 of June 19, 1953 and Act No. 228 of May 12, 1942, as
amended.
Article 2: General Purpose.
The Department of Consumer Affairs enacts this By-law with the purpose
of establishing rules and norms; recognizing rights and obligations with regard
to the promotion of contests in Puerto Rico. These promotional activities consti-
tute an effective publicity resource utilized as a means to increase profits and
~.~ benefits. The special characteristics of this type of promotion require the
approval of an independent regulatory body which is enacted under our faculty
to regulate deceptive advertising and illicit practices in commerce.llris By-law
establishes protective norms for the consumer, regarding the commercial pro-
motion ~ motion by means of contests; it seeks to have every participant receive the nec-
essary essary information as to the mechanics, conditions and terms of the contest and
to have the prizes duly adjudicated.
N
0
m
~
10
N
tr
~
~
cn
pgNbr=1
J
5PR.4 PROMOTION MARKETING IAW-CAAPCER V
Article 3: Scope and Application.
This By-law applies to every person advertising, effecting, propitiating,
holding or in any other manner sponsoring contests, within the Commonwealth
of Puerto Rico, with the objective of promoting institutions, products, articles or
services, or any other commercial benefit
It does not include activities confined to competitions, intellectual or sport-
ing games, or where some type of ability, capacity, condition or any special char-
acteristic is shown.
Article 4: Definitions.
The words or phrases used herein shall be interpreted according to the
context in which they are used and shall have the meaning sanctioned by their
common use.
In the applicable cases the words used herein in the present tense shall also
include the future tense; those used in the male gender shall include the female
gender, the singular shall include the plural and the plural shall include the sin-
gular.
'Ihe following terms used herein shall have the meaning herein below stated:
1. Department-The Department of ConsumerAffairs.
2. Secretary-'IheSecretaryoftheDepartmentorofficerthereoftowhom
delegates.
3. Starting Date of the Contest- shall mean: (a) In the Instant Winner
Modality- the date selected by the promoter or fifteen days from the date of the
first announcement of the contest, as provided byArticle 5(C), whichever is less.
(b) In the Drawing Modality - the date when for the first time the contest is
announced in any news media.
4. Contestant - Natural person participating in a contest
5. Contest - Activity by which, through any news media, three or more per-
sons are offered the opportunity or the expectation to have one or more of them,
but not all, receiving one or more prizes.
6. Consideration - Monetary payment or any other item or action that
would economically benefit the promoter or any other person. It includes
requiring attendance at a Commercial Establishment as the only means of par-
ticipatmg.
7. Day - Calendar day, unless otherwise specified.
8. Commercial Establishment - Premises where business transactions are
directly carried out with consumers, or where some direct economic benefit
could be derived from the visit of consumers.
9. Facsimile - Any writing which reasonably alludes to the product partic-
ipation or enterprise promoting the contest, including manuscripts in paper,
drawings and analogous reproductions. It excludes mechanical type reproduc-
tions, such as photocopies or use of a mimeograph.
10. Instant Winner - Modality of contest by which the contestant could
become an instant winner, or could obtain prizes by the mere possession of one
pgNbr=2
C[iAFPER V-STATE IAWS-PUERTO RICO
SPR.5
or several participations.
11. News Media - It includes televisions, radio, movies, postal services,
newspapers, magazines, flyers, handouts, or any other type of news media hav-
ing as an objective to inform the general public about the existence of a contest
12. Ojjering - Prizes, and conditions under which the same shall be award-
ed.
13. Participations - Form, manner of item by which a person may partici-
pate in a contest. It includes coupons, labels, facsimiles, parts of the product or
any other form or method of participation.
14. Person - Every natural orjudicial person.
15. Prize - Any goods, real or personal, merchandise, service, article,
object, product, profit, benefit or item of actual value obtained by the winner.
16. Available Prizes - (a) In the modality of Instant Wumer - unclaimed
prizes. (b) In the modality of Drawing-Priaes not drawn.
17. Promoter - Person announcing, performing, holding or in any other
manner sponsoring a contest by himself, or in representation of somebody else.
18. Contest Rules - Set of terms, conditions and factors that would define
the operation of a contest
19. Drawing - Modality by which the consumer must send, present or
deposit participations which eventually shall be the object of a selection to deter-
mine the winners.
Article 5: Information Wluch Must Be Published.
A. The Contest Rules shall be published in typography not smaller than 6
points in at least one general circulation newspaper in the area covered by the
contest at the momentthe same starts, and once a week during the period of its
duration. It shall include the following information:
1. Starting and finishing dates of the contest.
2. Eligibility requirements, including age, geographic area and any other
special condition for participation. Should the same be not specified, it shall be
understood that there are no special requirements or conditions to participate.
3. Form or manner of participation.
4. Prizes to be awarded; every illustration of a prize shall be reasonably sim-
ilar to the one offered. This obligation shall not be evaded by use of the phrase
"Not similar to the one shown", or any other similar phrase. Every week of the
contest in excess of thirty days, the amount of available prizes with a value of
over $100.00, shall be reviewed and published; this review shall be carried out in
good faith.
5. Manner in which winners are selected.
6. To display clearly and prominently that it is not necessary to purchase
anything in order to participate therein; should there be any action which may
represent some economic benefit for any person, it shall be clearly and promi-
nently displayed that such action is not a requirement to participate.
7. Participating products and how or where to obtain the participations.
pgNbr=3
5PR.6
PROMOTION MAR=NG L4W-CHAPrER V
8. The name and mailing and physical address of the person or enterprise
responsible for the contest.
9. When and where the prizes shall be available.
10. Whether the prizes are transferable.
11. Whether the winners grant the promoter the right to use their names
and persons in advertisements by means of any advertising media.
12. To display dearly and prominently every condition, norm or essential
and necessary information which the consumer should lmow.
13. The rules must be published in Spanish, in addition to any other lan-
guage.
B. In addition to the information required in paragraph A hereinabove, the
modality of Drawing shall include:
1. The number of drawings to be had and the date and place of each of
them
2. If in order to participate a person must send tickets, labels, coupons or
participation forms, contestants shall be informed as to what constitutes them
for purposes of the contest and how and where to obtain them; in addition to
this, the factthat participation can be had bythe use of the facsimile shall also be
stated.
3. Provide a reasonable period for the winner to claim his/her prize, which
may not be less than thirty (30) days after written notice.
C. In the modality of Instant Winner, and unless the starting date appears in
the product, the Promoter shall publish advertisements in the news media indi-
cating that the contest is about to begin. These ads shall be published simulta-
neously with the distribution of the participations and must specify the starting
date of the contest, which shall not exceed a period of fifteen (15) days from the
first day of distribution of the participation.
In addition thereto, at least two (2) days prior to the beginning of the con-
test, the Promoter shall publish the rules required in paragraphA hereinabove,
induding:
1. Date the contest is to begin and end; the ending of the contest may be
conditioned on the delivery of the offered prizes as long as the exact quantity of
prizes to be awarded is specified.
2. Name, address, dates, times and any other condition to pick up the free
participation pieces which could indicate an instant prize.
3. The reasonable time the winner shall have to claim his/herprize, which
shall not be less than thirty (30) days after the termination of the contest.
Article 6: Obligation of the Promoter.
Every Promoter shall comply with the following provisions:
1. Shall publish the Contest Rules as required by Article 5 and shall main-
tain copies thereof during its term to deliver them to whoever may request
them
2. At the time of the Drawing, the Promoter shall procure the attendance of
pgNbr=4
cxAPrexv-SrarE LAVVs-PUSRTo RICO 5PR.7
a Notary Public to certify the correctness of the proceedings.
3. Shall notify the winners of Drawings by certified mail and acknowledge-
ment of receipt.
4. Once the contestant has complied with all the rules of the contest, and
has carried out the specific action required as a condition to win, the Promoter
shall not refuse to deliver a prize within a reasonable time.
5. Award all the prizes as offered.
6. After the start of the contest he shall notarize any code, signal or secret
mark, used in order to insure the legitimacy of the participations.
7. Shall specify and take all the necessary steps to insure that neither
his/her employees, nor those of the advertising agency handling any stage of
the proceedings, obtain any prizes.
8. Any tax, duty or lien encumbering the prizes as of the date of delivery to
the winner, shall be of the absolute liability of the Promoter of the contest
9. If any advertisement is published in the news media making reference to
any consideration in order to participate, the same shall include the proper infor-
mation clarifying that said consideration is not a requirement to participate,
This obligation shall be complied with by clearly stating that facsimiles may be
used, that it is not necessary to buy anything in order to participate, and that it is
not necessary to perform the consideration mentioned in the advertisement, as
applicable.
10. If an advertisement covering two thirds or more of a newspaper page is
published, the same shall also include the Contest Rules.
11. Every advertisement of the contest in the news media not detailing the
applicable rules shall clearly and prominently include the name of the newspa-
per and the day of the week in which the Contest Rules shall be published.
12. In the Instant Winner modality, the participations shall be made avail-
able at the distribution centers of the product or at any place other than a Com-
mercial Establishment The delivery of the participations may be conditioned
on the amount the consumers are entitled to, the dates and time for delivery and
to any other reasonable condition. The places and conditions of delivery shall
be published, as provided in Article 5 A (7).
13. Must assure that every contestant that meets the Contest Rules has a
possible chance of winning.
14. If the publishing requirements are not fulfilled pursuant to the herein
stated provisions and the absence of such information creates in the mind of the
consumers the idea that they have become winners of some prize, the delivery
of what has apparently been won shall not be refused.
15. Should there appear in the local market any products that in any way
indicate or imply the holding of a contest excluding the residents of Puerto Rico,
the importer of the article into the Island shall satisfactorily inform the public
that the contest shall not be held locally. In the event of noncompliance here-
with, the importer shall honor the prize if claimed by an apparently winning con-
testant.lltose situations where the product clearly states that the contest is not
pgNbr=5
5PR.8 PROMOT[ON MAR[=ING LAW-CHAPTER V
valid in Puerto Rico, are excluded from this requirement.
16. If a prize is not delivered due to unforeseeable circumstances, which are
reasonably beyond the Promoter's control, the latter shall deliver to the winner
the monetary equivalent of the prize according to its market value.
17. If a prize is not delivered due to foreseeable circumstances, which are
reasonablywithin the Promoters control, the latter is not only obliged to deliver
the monetary equivalent of the prize according to its market value, but in addi-
tion must compensate the damages, which will be estimated at one third of the
prize value.
18. Should a charge in the rules or prizes already announced, due to cir-
cumstances reasonably beyond the control of the Promoter, be necessary, such
variance shall be immediately and satisfactorily reported to the public. This
modification shall be reported to the Secretary simultaneously with its publica-
tion, who within five working days from its filing in the Office of the Secretary,
shall decide whether the modification proceeds because the game responds to
a situation reasonably outside of the Promoter's control, and if the media used to
announce it were proper. Should the Secretary issue no statement at all as to the
requested petition, within the term set hereinabove, the same shall be consid-
ered asapproved.
Should the petition be rejected, the Promoter shall immediately and prop-
erly publish the fact that the original rules are still in force, or any other type of
advertisement to be determined by the Secretary leading to the reaffirmation of
the permanency of the rules as originally announced.
The Secretary shall be able to penalize the Promoter who does not comply
with the requirement herein stated, or who publishes or requests changes in the
Rules of the Contest for frivolous reasons.
Article 7: Illegal Practice.
Every Promoter performing one or more of the following actions, commits
an illegal practice:
1. To demand or mislead the consumers to buy or perform any considera-
tion as a condition to participate or receive a prize.
2. To participate in any advertisementor promotion constituting a false rep-
resentation of the opportunities to win any prize.
3. To fail to deliver the prize within a reasonable period of time or to deliver
a prize of a quality inferior to the one apparently offered.
4. To put an end to a contest, before the termination date, unless (a) this
action is due to reasons beyond the Promoter's control; and he has complied
with the previous Article 9 (4); or (b) in the Instant Winner modality, all prizes
announced had been distributed and such eventuality had been indicated in the
Rules of the Contest as an alternate termination date.
5. To requeston the participation coupon some type of financial information.
6. To use contestants' names or other information for some purpose that
could represent some financial benefit for the Promoter, or for any other person.
pgNbr=6
CHAPTERV-STATEIAWS-PUBRTORICO
5PR.9
The winning contestants, whose personal information could be used, since this
fact had been previously announced in the rules of the contest, as specified in
Article 5A(11), shall be excluded from compliance herewith.
7. To fail to include the warranty documents offered by the manufacturer of
the products along with the prizes, in the applicable cases.
8. To convey to the public in any way a false or incorrect idea as to the
terms, conditions, benefits or any other particulars of the contest and prizes to
be awarded.
9. To continue announcing prizes which are not available.
10. To fail to use legal means to select winners.
11. To adjudicate prizes to his/her employees or relatives, or to those of
any advertising agency or institution having anything to do with the contest
12. To pretend to award any prize tax or duty's lien.
13. Claim any consideration as a condition to deliver the prize.
14. Imply the existence of a contest or the winning of any prize with the
objective of obtaining any consideration.
15. Offer or grant nominal prizes to all the participants with the purpose
of giving the impression of the inapplicability of the definition of "contest" in
Article 4 (5).
16. To extend the contest for a period of over 120 days from the starting
date thereof.
17. To use any other means to try to change or vary the definitions or pro-
visions contained herein.
18. To fail to comply in any way with the provisions herein stated.
Article 8: Scope of the Offering.
The scope of the offering shall be interpreted in the manner mostbeneficial
to the contestant
This provision shall apply even when the intent is to limit the offering of the
promotional advertisements by means of the Rules of the Contest, or in any
other manner. This obligation does not include situations where corrections or
modifications are requested and approved under the provisions of Article 7 (4).
Article 9: Records.
Every Promoter shall maintain all records related to the contest for aperiod
of not less than one year from its termination, including.
1. 'ihe Rules of the Contest
2. All advertising material used in the promotion of the contest
3. (a) In the event of Drawings, a complete list of the winning contestants,
including the names and addresses, the prize received and its value, as well as
receipts for prizes delivered, signed by the winners. Should the totality of the
offered prizes not be delivered, a written explanation justSying the failure to
deliver shall appear therein. (b) In the event of Instant Winners, a complete list
of the contestants winning prizes of over $100.00, including names and address-
pgNbr=7
5PR.10
PROMOTION Y]ARXIITING IAw-CHAPCER V
es, prizes received and their value, as well as receipts for prizes delivered, signed
by the winners. The Promoter the total amount of prizes of $100.00, or less deliv-
ered and the receipts signed by the winners, if any. Should the totality of the
offered prizes not be delivered, a written explanation justifying the failure to
deliver shall appear therein.
Upon request of the Secretary, the records shall be available for inspection.
Article 10: 13ability of the Communication Media.
Anyperson operating a radio or television station, movie house, newspaper,
magazine or any other means of communication, who insists on publishing the
promotion of the contest after the issuance and notification of cease and desist
order by the Secretary, shall be found in violation hereof.
Article 11: Contests Originated Outside of Puerto Rico.
Any Contest which originates outside of the Commonwealth of Puerto Rico,
where there is no intervention of a local Promoter, shall be subject to the regu-
lations established in Article 7, with the exception of parts 16, 17, and 18; and
Articles 8,10, 12, 13, 14 and 15.
Article 11: Rules for Contest Not Exceeding One Thousand Dollets.
In Drawings where the total quantity of prizes does not exceed $1,000.00
market value, the Promoter is not obliged to publish the Contest Rules as dis-
posed in Article 5. However, he must present the Contest Rules clearly and con-
spicuously in any place or news media where the Contest is announced. Neither,
does such Drawing require compliance with the dispositions of Article 6 (1) and
6 (2). The splitting of activities or prizes so as to create the impression that this
exemption applies shall not be allowed.
Article 12: Complementary Provisions.
The actions and activities not comprised under the provisions of this By-law
shall be governed by the By-law on Misleading Business Advertisements and
Practices.
Article 13: Penalties.
The Secretary is hereby empowered, upon prior notification and hearing, to
impose and collect fines up to a maximum of $5,000.00 per violation, for any non-
compliance with the provisions of this By-law or with the ordes and resolutions
issued hereunder. The imposition of penalties shall not deprive contestants of
independent actions arising under the provisions of this By-law, or the law,
including claims for damages.
Article 14: Penal Sanctions.
When the nature of the violation of this By-law or the law so justifies it, the
Secretary shall promote criminal actions against the violator.
N
0
m
A
10
Cn
~
N
m
N
pgNbr=8
ctvu=rER V-STATE cews_PUERTo wco SPR.11
Article 15: Disclaimer.
Should any provision of this By-law be ruled unconstitutional by a Court of
competent jurisdiction, said determination shall not affect, nor shall it void the
rest of the By-law, but its effects shall be limited to the part, article, paragraph or
clause which has been ruled unconstitutional.
Article 16: Effective Date.
This By-law shall become effective thirty days after its filing at the Office of
the Secretary of State.
SanJuan, Puerto Rico, October 7, 1987.
PEDRO E.ORTfZALVAREZ
Secretary
,
~
pgNbr=9
</ot>
</LTDLWOCR>
