<?xml version="1.0" encoding="ISO-8859-1"?>
<LTDLWOCR>
<tid>aaq27d00</tid>
<bt>2072422697</bt>
<dd>19950802</dd>
<dt>REPT, REPORT, OTHER</dt>
<dt>MINU, MINUTES</dt>
<np>AUCHTER; BENDA; FONTHAM; SCULLY</np>
<no>HOUSE; MSHA TEAM; OSHA, OCCUPATIONAL SAFETY &amp; HEALTH ADMINISTRATION; RB; SENATE; SOUTHERN DEMS</no>
<!-- Note:si:CONF, CONFIDENTIAL-->
<!-- Note:s:2072422694/2072422768/GRASS TOPS-->
<ti>N329</ti>
<!-- Note:lu:FEDA/PRODUCED-->
<!-- Note:dl:20020206-->
<!-- Note:b:BORELLI,TOM/CARLSTADT;OSHA STRATEGY MEETING, 950802-->
<dl>20020709</dl>
<ot>CONFIDENTIAL
OSHA STRATEGY MEETING, AUGUST 2, 1995
SUMMARY AND FINAL ACTION ITEMS:
(Responsibility for items denoted when appropriate)
1. The OSHA team views the next several months as a critical time within the
Agency and recommends increased political pressure to prevent the possible
issuance of a final ETS-only prohibitive rule,
2. The WRO recommends and establishes a new strategy:
- In short term, will no longer pursue a reasonable rule, but rather support
efforts to delay issuance of any rule for a year.
- Tactics include:
a. Persuasion (WRO)
- Benda option
b. Legislative Options (WRO)
- Strategy meeting with key players, staff, and Labor week
of Aug. 7
c. Auchter ideas (WRO)
- Fontham data
- Committee action
d. Enhanced Grassroots - limited to the Scully list (NYO)
- Follow-up meeting week of Aug. 7 re: possible additions
3. Polling (NYO)
- Focus groups
- National survey
- Possible targeted surveys
4. WRO and RB will review recent House/Senate votes for overlap and
potential opportunities.
5. WRO will review opportunities with Southern Dems.

pgNbr=1
</ot>
</LTDLWOCR>
