<?xml version="1.0" encoding="ISO-8859-1"?>
<LTDLWOCR>
<!-- forcebtag -->
<tid>aaj35f00</tid>
<ti>Request For Check</ti>
<dt>Form</dt>
<dt>Form</dt>
<dd>19740306</dd>
<au>BDM, American Brands Inc</au>
<np>American Brands;Harvard Medical School;Huber-G;Golden-KR, Tobacco Institute Inc;PR;BDM</np>
<!-- Note:co:Handwritten;Marginalia-->
<!-- Note:ci:10004026-->
<!-- Note:rn t="m":9-->
<pg>1</pg>
<!-- Note:ag:60036637-->
<!-- Note:dl:19981123-->
<bt>970299880</bt>
<!-- Note:br t="a":ATX040056831/ATX040056831-->
<dl>20020201</dl>
<ot>. ~/F AFRlP.OA2c.e..m/eawrC/Xe
HARVARbIvFD[/gL&lt;&lt;Arcc qaol~E l:pay F~Nx;o
PAYABLE TO 17~6 I: STater N~e
ADDRESS
REQUEST FOR CHECK
PAYf
uwTEOFRECUesT/Yl,/x�~~.r ( /y?y
							
						
							
							
							
							
							
							
GENERAL ACC'TG DEPT.		CHARGE TO	ACCOUNT:	ISSUING DEPT.	EXECpTrvE
					APPROVAL
.HERFOR
... OF I '"'.L'"^/
CHECKE08O~

.PPRO.EO FoR
P..HEH. B.		EP/~TD
r~'	'N1F.S	
PREPLREDBY (0-
Ac&lt;cVH.
I:THIB�TIOH B.r,/.&gt;I,,,

Ro.EO BY	Pfk

LE&gt;TY
lT)L/J ~ INJ( k7Tn P/J ~_ C,ni N

pgNbr=1
</ot>
</LTDLWOCR>
