<?xml version="1.0" encoding="ISO-8859-1"?>
<LTDLWOCR>
<!-- forcebtag -->
<tid>aaq35d00</tid>
<bt>504979392</bt>
<rc>MCKENZIE JL;JOHNSON DP;ROBERTS DL;WHEELER JP;DICKERSON JP;WILSON JB;ESKEW TH;COOK LC;MARTIN JR;THREATT HC JR;ROBINSON WT JR;WEIS JR;SELF JS;MORGAN RL</rc>
<au>WORRELL GW</au>
<bx>RJRC4153</bx>
<!-- Note:b:SALEM LIGHTS MENTHOL 85-->
<dd>19810217</dd>
<dt>LETTER</dt>
<!-- Note:co:N-->
<!-- Note:dl:19990107-->
<pg>1</pg>
<!-- Note:rn t="m":MINNESOTA 1RFP47;1RFP47-->
<!-- Note:sh:19970725-->
<!-- Note:s:R&amp;D;APPLIED R&amp;D-FLAVOR;DULA BN;ASSOC R&amp;D FLAVORIST-->
<ti>SALEM LIGHTS. PRODUCT SPECIFICATION MODIFICATION.</ti>
<dl>20020201</dl>
<ot>TO: Distribution DATE: 2/17/81
RE: PRODUCT SPECIFICATION MODIFICATION
Brand Name: SALEM Light 85
Nature of Change:
Cigt. Paper Porosity; Weights: closure, label,
carton
Date of Production Start-Up:
Original Specifications Date: October 27, 1930
Previous Specifications Date: _ February 13, 1981
Revised Specifications Date: February 17, 1981
PLEASE DESTROY ALL PREVIOUS COPIES.
Gary 11. Worrell
DISTRIBUTIO"J:
Mr. J. L. McY.enzie
Mr. D. P. Johnson
Dr. D. L. Roberts
tl's. J. P. Wheeler
~Jr. J. P. Dickerson
Mr. J. B. Wilson
Mr. T. H. Eskew
Mr. L. C Cook
Mr. J. R. Martin (w/o Page 5)
Mr. H. C. Threatt, Jr.
t1r. tJ. T. Robinson, Jr.
Mr. J. R. Weis
Mr. J. S. Self (w/o Page 5)
.
1% ~7P,
,
S ~~R E T
e-"w .
~ ~
No;~
r

Mr. R. L. Morgan

pgNbr=1
</ot>
</LTDLWOCR>
