<?xml version="1.0" encoding="ISO-8859-1"?>
<LTDLWOCR>
<!-- forcebtag -->
<tid>aap80f00</tid>
<ti>Montclair - Approval Recommendation - MEGA P.T.A. Program.</ti>
<dt>Memo</dt>
<dt>Correspondence</dt>
<dd>19920109</dd>
<au>Parento-R The American Tobacco Co</au>
<rc>Magnane-A ATCO Evans-A ATCO Mullen ATCO Moore ATCO Johnston ATCO Burt ATCO Degenhardt ATCO DeMato ATCO Ferry ATCO Keane ATCO Maresca ATCO Mellett ATCO Noone ATCO Parento ATCO Puleo ATCO Radazzo ATCO Smith ATCO Vyse ATCO Wogerbauer ATCO Albert ATCO Clark ATCO Corrente-T ATCO Hammond ATCO Dougherty ATCO Sprinkle ATCO</rc>
<!-- Note:ci:10004026-->
<!-- Note:rn t="m":E37-->
<pg>1</pg>
<!-- Note:ag:11913933-->
<!-- Note:dl:19981123-->
<bt>634300475</bt>
<dl>20020201</dl>
<ot>`P66
a:.eer, Ai
- L.S-e
R. R, cs-,
tt.Sd= -h-M: ~
ocs G-!
S.FOOS
2 Ro~e-t J.!
.. nY
a-�a.,r n+;; ., a eT So-R

S.SUCSn!ne
].G,r_),
nCT ~= 90M~
s
k.&amp;ani.z
)liONfCUnz-
~cv,r=
D=unco
=eYTV - ASI-~` [
Nn P-S
e
LsZ i
f~en
Nanesc
reliec[
C..+
BD
. ,aci:,, : - sn~

Doucne_-- __ M-.con
ass~- c
RfA&lt;
Sa=_n):_~
=..Colacao: l.-)
_-7~z
~-Sede`1
LPsnanccs
-ivlEC-~+ RT.r. P~o~aA-~
'~~z.;i.v
"c~c~r.cY C'~hz.7aiv Vo~c.::e oF ~/cr~.rvORIIovE.
-= GosT SS '~3o~.c-~-~ ~ oc Pyni.~c-~ 77t,za~Er,` 7r~ C~-/zLn ~
~~&gt; ~,R'pC,~M WPL TNGLI/DE f SiiMpCEOF n~rZ _
~LLTjT Or S)Z+RFS
I
6343004'75 ~
pgNbr=1
</ot>
</LTDLWOCR>
