<?xml version="1.0" encoding="ISO-8859-1"?>
<LTDLWOCR>
<!-- forcebtag -->
<tid>aaw96c00</tid>
<bt>CTRCONTRACTS015207/5</bt>
<dd>00000000</dd>
<dt>NOTE</dt>
<au>GARDNER WU, CTR</au>
<bx>180</bx>
<!-- Note:dp:19960531-->
<!-- Note:rn t="m":58-->
<!-- Note:co:HND-->
<np>JHK; RCH; WTH</np>
<!-- Note:d:LISTS WHO RECEIVES COPIES-->
<!-- Note:dl:20001116-->
<pg>1</pg>
<dl>20021115</dl>
<ot>From the desk of
William U. Gardner
C&gt;6~re~s qC'Fl GVT/1
1�r4 /; Pr4 G
b r" 9rhq/ / y "~i/2_-
The Council For Tobacco Research - U.S.A., Inc.
110 East 59th Street, New York, N. Y. 10022
CTR CON,,TRRCT
11234954

pgNbr=1
</ot>
</LTDLWOCR>
