<?xml version="1.0" encoding="ISO-8859-1"?>
<LTDLWOCR>
<tid>aaa98c00</tid>
<bt>85667466</bt>
<dd>19641016</dd>
<dt>LETT, LETTER</dt>
<rc>PARMELE,HB</rc>
<np>SPEARS,AW</np>
<ca>BRUMBAUGH FREE</ca>
<cr>LOR, LORILLARD</cr>
<!-- Note:co:MARG, MARGINALIA-->
<fn>85667353/85667715/MICRONITE FILTER - NO. 3,246,655; 85667354/85667714/U.S. PATENT NO. 3,246,655 (FILE NO. 17465A) "SELECTIVECIGARETTE FILTERS" MICRONITE; 85667356/85667713/U.S. PATENT</fn>
<!-- Note:si:N14-->
<!-- Note:s:LEGAL DEPT FILE ROOM-->
<ti>U. S. PATENT APPLN. SERIAL NO. 266,212 OF SPEARS ET AL. FILED 630319 FOR "SELECTIVE CIGARETTE FILTERS" (OUR FILE 17456A)</ti>
<pg>1</pg>
<!-- Note:rn t="m":R1-040-->
<!-- Note:lu:FEDA/PRODUCED-->
<!-- Note:dl:20011218-->
<dl>20030115</dl>
<ot>.
RICNAPp A.LUCNN[w
J09EaN D.OAwoN
A~Vw S.TENSEw
DANIEL M.BwOWN
coNALD s.Da..D_N
BRL: MBAUGZI, FREE, CrR AVES &amp; DO_\'OHtiE
6RPNVILLE M6 ,JF.
o
TELEPAONE DI(38Y 4-5888
AAEA CODE 22
GBL� ADDRE55 WYHAIIYRSE
October 16, 1964
Dr. H. B. Parmele, Vice-President
P. Lorillard Company, Inc.
200 East 42nd Street
New York, New York 10017
Re: U.S. Patent Appln. Seria { o. 266,212
of Spears et al. filed Marc ,--~~"
for ~Selective Cigarette Filters"
(Our File 17456A)
Dear Dr. Parmele:
Thank you for your letter of October 9, 1964.
We are enclosing herewith a new page 4 of
the Amendment for your records which was revised just
before the Amendment was submitted to the Patent Office.
Enclosure:
New page 4
90 BROAD STREET
r7EW Z'ORIC, N. 1. 10004
Very truly yours,

pgNbr=1
</ot>
</LTDLWOCR>
