<?xml version="1.0" encoding="ISO-8859-1"?>
<LTDLWOCR>
<tid>aap14e00</tid>
<bt>2024730269</bt>
<!-- Note:br t="m":2024730269/0270-->
<dd>19931220</dd>
<dt>FORM, FORM</dt>
<au>RAYMOND,WR; WRENN,S</au>
<!-- Note:co:ILLE, ILLEGIBLE;  MARG, MARGINALIA-->
<fn>2024730160/2024730271/P0622 PROJECTS P BEAT FTIR SMOKE, GAS PHASE; </fn>
<!-- Note:si:R584-->
<!-- Note:s:KOLLER,KENT/OFFICE-->
<ti>MDF TO PRD - ANALYTICAL REQUEST</ti>
<pg>1</pg>
<!-- Note:rn t="m":STMN/R5-002-->
<!-- Note:lu:STMN/PRODUCED-->
<!-- Note:dl:19980605-->
<dl>20020201</dl>
<ot>MDF to PRD -- ANALYTICAL REOUEST
Submittor: `~(:tiL. (i(1 lL;yin Date: _12 /~ d l ~ 3
No. Samples: Fh1 Priority (1 High; 2, Medium; 3, Low): _ Results Required
- -- �~
Code, Description and Amount.of Each Sample [Please Include the Followinglnformation if Available:
Formulation, Sheet-Basis Wt., FTC Smoking Data, Equilib. Conditions (R.H., Temp.), and Machine or
Hand Made (Sheet &amp; Cigarettes)]:
iAll sam:nta,o ' uw' u&gt;Pu, 9j3 j-gi~-~.
R AA41e wa4,t,~ ca rnt*u;a Q,frA.
~~--V
,~ - 12 fLj'.C . Gc~ ~,' 3. 3 n,rY, T D lh c-
~~~ ~ ~ O"1O ;ti~GbUAn
.- 2- Z = 3 m�r,
~~..f r~ ~ -lL 3 3,~,~,
'
d~p.e)
~
n.c; 1'n mM ~Clcn.l w' /0 I D m
71 4dot/ w O MM Cmi'r. PS D s" b~
~ Z I!e nfw ,W,.k w,/0 m C IS)

Information Required (Please be Specific):
Sample(s) Tra	nsm	itted:			
Sample(s) Rec	eive	d (PRD): /	L		
Analyses (Incl	ude	InitialsADates):			

Work Complet	
ed:				N
~
					
Report Receiv	ed (	MDF): /	/		~
					.~
ORIGINAL	MD	it
ith S
l
/PRD R
ith R
lt
F T
t		COPY
R
i
MDF Fil
t	W
:		ransm
amp
urn w
w
e
e
esu
s.		:
n,
f
e
a	
					0
					~
					~
pgNbr=1
</ot>
</LTDLWOCR>
