<?xml version="1.0" encoding="ISO-8859-1"?>
<LTDLWOCR>
<tid>aaq71a00</tid>
<bt>2057451327/1331</bt>
<dd>19911111</dd>
<dt>SPEC, SPECIFICATION</dt>
<ca>PBI GORDON</ca>
<no>CAS; DEPT OF TRANSPORTATION; EPA, ENVIRONMENTAL PROTECTION AGENCY; MSHA; NIOSH, NATL INST FOR OCCUPATIONAL SAFETY &amp; HEALTH; NMFC</no>
<!-- Note:co:MARG, MARGINALIA-->
<!-- Note:si:M670-->
<!-- Note:s:ENVR HEALTH &amp; SAFETY RPT/FILE CABINET-->
<ti>MATERIAL SAFETY DATA SHEET AMINE 2,4-D WEED KILLER</ti>
<pg>5</pg>
<!-- Note:lu:TXAG/PRODUCED-->
<!-- Note:dl:19990524-->
<dl>20020201</dl>
<ot>0
T
0.00000641
Ii
T
iIj
II
Ili
II
I
T
T
MATERIAL SAFETY DATA SHEET PAGE 1 OF 5
-------------------------------------------------------------------------
PHI/GORDON CORPORATIONi KANSAS CITYv MO. PHONE 816-421-4070
AFTER HOURS 913-342-8783
DATE PREPARED: 11/11/91 DATE PRINTED: 12/06/91
REVISION NUMBER: 6 PRODUCT CODE: 814 2
SECTION I - PRODUCT IDENTIFICATION -------
PRODUCT NAME: AMINE 2/4-D WEED KILLER
EPA REG NO.: 2217-2
DEPARTMENT OF TRANSPORTATION INFORMATION
PROPER SHIPPING NAME: RQ 2f4-DICHLOROPHENOXYACETIC ACID
HAZARD CLASSIFICATION: ORM-A NA2765(UNRG &lt;100#2e4-D)
NMFC CLASSIFICATION NUMBER: 503207 CLASS: 60
DESCRIPTION: UNREGULATED ID LviAA RHN 100# 2,4-D
------- SECTION II - HAZARDOUS COMPONENTS -------
CAS INGREDIENT % TLV-TWA
94-75-7 2t4-DICHLOROPHENOXYACETIC ACID (2t4-D) 38.6 10 MG/M3
124-40-3 DIMETHYLAMINE (DMA) 7.8 10 PPM
------- SECTION
BOILING POINTr 760MM/HG: 214F
SPECIFIC GRAVITY (H2O=1): 1.16
VAPOR DENSITY (AIR=1): &gt;1
% VOLATILES BY VOLUME: 59
APPEARANCE: AMBER LIQUID
PH: 7.5-8.0
OCTANOL/PARTITION COEF: NE
EVAPORATION RATE (BUTYL ACETATE
III - PHYSICAL DATA -------
"IELTING POINT: NA
FREEZING POINT: 25F
VAPOR PRESSURE; &lt;17MM HG AT 20C
SOLUBILITY IN H20: INFI
ODOR: AMINE LIKE ODOR
DENSITY AT 20 C: 9.67 LBS/GAL
VISCOSITY: 12-15Cp
1): &gt;1
pgNbr=1
MATERIAL SAFETY DATA SHEET PAGE 2 OF 5
-------------------------------------------------------------------------
PBI/GORDGN CDRPORATION, KANSAS CITY. MO. PHONE 816-421-4070
AFTER HOURS 913-342-8783
CODE: 814 - AMINE 2,4-D WEED KILLER
------- SECTION IV - FIRE AND EXPLOSION HAZARD INFORMATION
FLASH POINT (CLOSED CUP) RANGE: NONE TO BOILING
EXPLOSION LIMIT (%): LOWER: NA UPPER: NA
AUTO IGNITION TEMPERATURE: NA
FLAMMABLE LIMITS IN AIR, % BY VOLUME: VA
EXTINGUISHING MEDIA: FOAM, Cfl2, DRY CHEMICALr WATER
LARGE FIRES: WATER SPRAY, FOG OR FOAM
SPECIAL FIRE FIGHTING PROCEDURES: 1)FIGHT FIRE FROM MAXIMUM DISTANCE,
2)WEAR POSITIVE PRESSURE BREATHING APPARATUS &amp; FULL PROTECTIVE CLflTHING,
3)ISOLATE HAZARD AREA &amp; DENY E_NTRY, 4)KEEP UNNECESSARY PEOPLE AWAY.
UNUSUAL FIRE AND EXPLOSION HAZARDS: 1)THE PRODUCT WILL BOIL &amp; MAY BURN DUE
TO PROLONGED HEATING AT HIGH TEMPERATURE, BUT WILL NOT IGNITE, 2)RUN OFF
FROM FIRE CONTROL OR DILUTION WATER MAY CAUSE POLLUTION, 3)IN CASE OF WATER
P4LLUTION, CALL LOCAL AUTHORITIES.
------- SECTION V - HEALTH HAZARD INFORMATION -------
ACUTE ORAL LD50: 1600-2050MG/KG (MALE RAT)
ACUTE DERMAL LD50: 1500MG/KG (RAT, TECH ACID)
PRIMARY DERMAL IRRITATION: MAY BE MODERATELY IRRITATING
PRIMARY EYE IRRITATION: MAY CAUSE EYE BURNS.
INHALATION 4 HR LC50: NA
CHRONIC EFFECTS: REPEATED OVEREXPOSURE MAY EFFECT THE S?CIN, LIVER,
KIDNEYS, MUSCULAR OR GASTROINTESTINAL SYSTEMS. EXISTING MEDICAL CONDITIONS_
(EG. ASTHMA, SKIN LESIONS)MAY BE AGGRAVATED. PROLONGED INHALATION MAY
CAUSE DIZZINcSS, BURNING IN CHEST, OR COUGHING.
EMERGENCY AND FIRST AID PROCEDURES:
EYES: FLUSH CONTAMINATING CHEMICAL FROM EYES WITH COPIOUS AMOUNTS OF
CLEAN WATER FOR 10-15 MINUTES.
SKIN: BATHE &amp; SHAMPOO WITH SOAP &amp; WATER TO REMOVE CHEMICALS FROM SKIN &amp;
HAIR. INDIVIDUALS WITH SKIN LESIONS, DISEASE, OR SENSITIVITY
SHOULD AVOID CONTACT.
INHALATION: SEVERE INHALATION, ROMOVE FROM CONTACT-GET PHYSICIAN. GIVE
OXYGEN OR ARTIFICIAL RESPERATION IF REQUIRED. POSSIBLE 2
DAY REMOVAL FROM SEVERE EXPOSURE.
ORAL: CONTACT PHYSICIAN IMMEDIATELY - IF SUBSTANTIAL AMOUNTS INJESTED
SPONTANEOUS VOMITING USUALLY OCCURS. IF VICTIM IS FULLY ALERT
~ INDUCE VOMITING.
NOTES TO PHYSICIAN: TREATMENT IS SYMPTOMATIC. MAY US IPICAC TO INDUCE
VOMITING. CAN USE ACTIVATED CHARCOAL TO ABSORB CHEMICAL REMAINING IN GUT.
MAY BE ALMOST TOTALLY EXCRETED IN 24-72 HOURS. ACJTE EFFECTS ON CNS MAY
RESEMBLE THOSE OF ALCOHOL OR SEDATIVE DRUGS. 2�J7451328
pgNbr=2
..
MATERIAL SAFETY DATA SHEET
PAGE 3 OF 5
-------------------------------------------------------------------------
PBI/GORDON CORPORATION, KANSAS CITY, MO. PHONE 816-421-4070
AFTER HOURS 913-342-8783
CODE: 814 - AMINE 2.4-D WEED KILLER
------- SECTION VI - REACTIVITY INFORMATION
MATERIAL REACTS VIOLENTLY WITH: NONE
HAZARDOUS DECOMPOSITION PRODUCTS: IF HEATED ABOVE DECOMPOSITION
TEMPERATURE, HYDROGEN CHLORIDE MAY BE EVOLVED
HAZARDOUS POLYMERIZATION: STABLE
INCOMPATIBILITY: STRONG ACIDS WILL RENDER PRODUCT NON-EFFICACIOUS.
------- SECTION VII - SPECIAL PROTECTION INFORMATION --------
PROTECTIVE EQUIPMENT SHOULD BE USED IN THE MANUFACTURE OR FORMULATION OF
THIS PRODUCT, INCLUDING THE FOLLOWING:
~ RESPIRATORY PROTECTION: WHERE EXPOSURE LIMITS ARE EXCEEDED WEAR A SUITABLE
RESPIRATOR (MSHA/NIOSH APPROVED OR EQUIVALENT).
VENTILATION: GOOD VENTILATION OF WORK PLACE IS ESSENTIAL
PROTECTIVE CLOTHING: RUBBER GLOVES, FULL PROTECTIVE CLOTHING AND SHOES
EYE PROTECTION: WEAR EYE GOGGLES OR SPLASH SHIELD.
SECTION VIII - SPILL OR LEAK PROCEDURES -------
0
STEPS TO BE TAKEN IN CASE MATERIAL IS RELEASED OR SPILLED:
SMALL SPILL: 1) DO NOT TOUCH SPILLED MATERIAL, 2) WEAR HAND GLOVESr
PROTECTIVE CLOTHING, 3) CONTAIN SPILL WITH DRI-RITE/SAND/NON-COMBUSTIBLE
ABSORBENT - COLLECT INTO A DOT DRUM, COVER, MARK AND REMOVE, 4) FLUSH AREA
WITH WATER IF POSSIBLE.
LARGE SPILL: 1) DO NOT TOUCH SPILLED MATERIAL, 2)WEAR HAND GLOVES, FULL
PROTECTIVE CLOTHING/SHOES &amp; SELF-CONTAINED BREATHING APPARATUS, 3) DIKE FAR
AHEAD OF SPILL FOR LATER DISPOSAL, 4) CONTAIN SPILL WITH DRI-RITE/SAND/NON-
COMBUSTIBLE ABSORBENT &amp; COLLECT INTO DOT DRUMS, COVER. MARK &amp; REMOVE.
5) CLEAN AREA WITH WATER.
WASTE DISPOSAL METHODS: RCRA ID NO. U-240 RQ: 100 LB
DISPOSE OF DOT DRUM AND FLUSH WATER ACCORDING TO EPA APPROVED METHODS.
2057451329
pgNbr=3
MATERIAL SAFETY DATA SHEET PAGE 4 OF 5
-------------------------------------------------------------------------
PBIJGORDON CORPORATIONi KANSAS CITYr MO. PHONE 816-427-4070
AFTER HOURS 913-342-8783
CODE: 814 - AMINE 2.4-D WEED KILLER
------- SECTION IX - SPECIAL PRECAUTIONS -------
~
HAZARDS TO HUMANS &amp; DOMESTIC ANIMALS
DANGER: CORROSIVE CAUSES EYE DAMAGE &amp; SKIN IRRITATION. DO NOT GET IN EYES,
ON SKIN OR CLOTHING. WEAR GOGGLES OR FACE SHIELD. &amp; RUBBER GLOVES WHEN
HANDLING. HARMFUL OR FATAL IF SWALLOWED.
ENVIRONMENTAL HAZARDS.
DO NOT APPLY DIRECTLY TO WATER EXCEPT AS DIRECTED IN LABELING. DO NOT APPLY
WHEN WEATHER CONDITIONS FAVOR DRIFT AWAY FROM TARGET AREA. DO NOT
CONTAMINATE BY CLEANING OF EQUIPMENT OR DISPOSAL OF WASTES. DO NOT
CONTAMINATE DOMESTIC OR IRRIGATION WATERS.
STORAGE AND DISPOSAL STATEMENTS:
STORAGE &amp; DISPOSAL
STORAGE: STORE IN ORIGINAL CONTAINER IN A LOCKED STORAGE AREA INACCESSIBLE
TO CHILDREN OR PETS. KEEP FROM FREEZING. TO PREVENT CROSS-CONTAMINATION, DO
NOT STORE NEAR OTHER HERBICIDLS, FERTILIZERS, INSECTICIDES, FUNGICIDES, OR
NEAR SEEDS.
PESTICIDE DISPOSAL: DO NOT CONTAMINATE WATER, FOOD OR FEED BY STORAGE OR
DISPOSAL. PESTICIDE WASTES ARE TOXIC. IMPROPER DISPOSAL OF EXCESS
PESTICIDESr SPRAY MIXTURE, OR RINSATE IS A VIOLATION OF FEDERAL LAW. IF
THESE WASTES CANNOT BE DISPOSED OF BY USE ACCORDING TO LABEL INSTRUCTIONS,
CONTACT YOUR STATE PESTICIDE OR ENVIRONMENTAL CONTROL AGENCY OR THE
HAZARDOUS WASTE REPRESENTATIVE AT THE NEAREST EPA REGIONAL OFFICE FOR
GUIDANCE. CONTAINER DISPOSAL: TRIPLE RINSE (OR EQUIVALENT). THEN OFFER FOR
RECYCLING. OR RECONDITIONING, OR PUNCTURE AND DISPOSE OF IN A SANITARY
LANDFILL. OR IF ALLOWED BY STATE &amp; LOCAL AUTHORITIES, BY BURNING, IF
BURNED, STAY OUT OF SMOKE.
pgNbr=4
,
0
.
.
MATERIAL SAFETY DATA SHEET PAGE 5 OF 5
-------------------------------------------------------------------------
PBI/GORDON CORPORATION, KANSAS CITY. MO. PHONE 816-421-4070
AFTER HOURS 913-342-8783
CODE: 814 - AMINE 2,4-D WEED KILLER
------ SECTION X - ADDITIONAL INFORMATION ------
SECTION 313 SUPPLIER NOTIFICATION --- THIS PRODUCT CONTAINS THE
FOLLOWING TOXIC CHEMICALS SUBJECT TO THE REPORTING REQUIREMENTS OF
SECTION 313 OF THE EMERGENGY PLANNING AND COMMUNITY RIGHT-TO-KNOW ACT
OF 1986 AND OF 40 CFR 372:
CAS# CHEMICAL NAME
94-75-7 2,4-D ACID
% BY WEIGHT
38.6
~ THIS INFORMATION MUST BE INCLUDED IN ALL MATERIAL SAFETY DATA SHEETS
THAT ARE COPIED AND DISTRIBUTED FOR THIS MATERIAL.
~
THE INFORMATION AND STATEMENTS IN THIS MATERIAL SAFETY DATA SHEET ARE
BELIEVED TO ACCURATELY REFLECT THE SCIENTIFIC EVIDENCE USED IN MAKING
THE HAZARD DETERMINATION BUT IS NOT TO BE CONSTRUED AS A WARRANTY OR
REPRESENTATION FOR WHICH WE ASSUME LEGAL RESPONSIBILITY. ADDITIONAL
INFORMATION MAY BE NECESSARY OR DESIRABLE DEPENDING ON PARTICULARr
EXCEPTIONAL OR VARIABLE CONDITIONS OR CIRCUMSTANCES OF USE OR STORAGE OR
BECAUSE OF LOCALLY APPLICABLE LAWS OR GOVERNMENT REGULATIONS.
THEREFOREr YOU SHOULD USE THIS INFORMATION ONLY AS A SUPPLEMENT TO OTHER
INFORMATION AVAILABLE TO YOU AND MUST MAKE INDEPENDENT DETERMINATIONS OF
THE SUITABILITY OF THE INFORMATION FOR YOUR PARTICULAR CIRCUMSTANCES OR
CONDITIONS AND OF THE COMPLETENESS OF THE INFORMATION AVAILABLE FROM ALL
SOURCES TO ASSURE BOTH THE PROPER USE OF THE MATERIAL DESCRIBED HEREIN
AND THE SAFETY AND HEALTH OF EMPLOYEES.
2O57451,331
pgNbr=5
</ot>
</LTDLWOCR>
