<?xml version="1.0" encoding="ISO-8859-1"?>
<LTDLWOCR>
<!-- forcebtag -->
<tid>aax83f00</tid>
<ti>B&amp;W Tobacco Corp. Grade Distribution and/or Blend Substitution.</ti>
<dt>Report</dt>
<dt>Report</dt>
<dd>19810219</dd>
<au>Wilson-R;B&amp;W</au>
<pc>Bandy-B;Riehl-T;B&amp;W</pc>
<!-- Note:ci:10004026-->
<!-- Note:rn t="m":H79-->
<pg>1</pg>
<!-- Note:ag:984123-->
<fn>Kool Ultra</fn>
<!-- Note:dl:19981123-->
<bt>620301766</bt>
<dl>20020201</dl>
<ot>HRO'N 6 Wl~.I.EAMBON TOHACCO CORPORAT~ON
GRADE DtSTRIBUTION AND/OR BLEND SUBSTITUTION
Leat Formula XLF-408
� Dev.Centtr C3 OvaseasOrder O Petarsburg
E3 Mar.on
0 Louisrill�
l11 %
FL	UE-CURED			B	URLEY	
GradelSufllx	Units	x TA		GraEe/SuHI.	Units	% TA
C1FD/79	1	2.75		X1BD/79	1	2.67
BC1FC/79	1	2.51		MX1BC/79		2.18
C2FC/78	2	2.24		X2BD/79	2	2.69
L1FE/78	1	3.24		CX2BC/79	1	2.40
BLIFE/79	1	3.65		B1BF/18	2	3.78
L2FE/78	3	3.28		B2BF/78	3	3.74
BL2FG/80	1	4.06		CB2BF/79	2	3.63
L3FF/79	1	3.73				

T1FG/79	
4	
4.25			13	3.14
T2FH/79	2	4.67				
T3FG/79	2	4.35				
	19	3.65				
Form of Request:
Dirtributlon: Bandy,ehl
Estimated blend nico[ine w/o cseing = 2.72%
PEY.aB G2_--_WG
pgNbr=1
</ot>
</LTDLWOCR>
