<?xml version="1.0" encoding="ISO-8859-1"?>
<LTDLWOCR>
<!-- forcebtag -->
<tid>aae53f00</tid>
<ti>Packaging Meeting. Frank Gianninoto &amp; Associates.</ti>
<dt>Minutes</dt>
<dt>Meeting Material</dt>
<dd>19710507</dd>
<au>Land-W;B&amp;W</au>
<pc>Finch-P;Burgard-J;Crume;Edelen;Ogburn-W;Jedlicki;McCarty-C;Lanham;Groome-J;Broecker-B;Broughton-J;Doninger;Johnson-R;Johnston-D;Muije-C;Mudd-L;McCurdy;Pittman;Gawley;Crouch;Lee;Willson-M;Hume-J;B&amp;W;DiGianni-J;Gianninoto &amp; Associates</pc>
<!-- Note:ci:10004026-->
<!-- Note:rn t="m":A4-->
<pg>2</pg>
<!-- Note:ag:1486832-->
<!-- Note:dl:19981123-->
<bt>664076422/6423</bt>
<dl>20020201</dl>
<ot>May v, 1971
PACRAGING !~ffi'INN
AGENCY: Frank Gianninoto 6 AesCCiates
GATE: May 6, 1971
PRESENT FOR 991:
Messrs. dt[gaSd. MeCe[ty. Johneon,
Johnston, Mi1=.nn. Iana.; .
p
( l 13
f
~
PPesHNT FOR AGENCYC"M[. Oobn niGianni~ NY'.
j
_. '
COPIBS: Meve[e. FincT. Wrgazd. Ciume. Welen,
P]TU[n, Jedlicki, McCarty. niGianni,
EanTam, Gznane, n[ceckeq Broughton,
tuningeq Sohnson. Johneton, Muije,
Muid, McNrdy, Plttman, Gawley, Crouch,
Iee, Milleon, Hume. Iand.
SVBIECfS: VANP/ARn. AClRW, BIG BEN, ]aLI11AR%
Pi1tel langs (Regula[ and Menthol.
VANGBAPn: S.itted preliminary sketcbes for
airection.
MR. OIGIANNI: P[epare additionel aketcTes i OZpOrat-
ing &lt; nspicuoua deaign elenents.
ACTRON: Submitted preliminary sketches for
- airent:on.
MR. n]GIANNI: Puepaze additional sketcTes i orporat-
ing canspieuoua design elements.
9IG BEN: Snbmittea oat!ps - hOTizontal and ver[i[al
pa:kage aesigns wrth colo[ cu!!bina[ions
gotrl and brown, 9nla arv3 green. ana rea
ana brn.,n. Aaaiuenal e.r!!pa in gola ena
red to be pzOpamed. Canp to have gold
eilhouette of "BIG BEN" o red background.
G BEN" logo to be red vith vhite halo
a~a eencered on silhonntee.
NOIICK IP iNe Pt[R [MAG� [c ti0ESS CtEAa ~ , S
IPAN IBIS NbiILE II IS WE iXA ~ ~
QOALIIY OP '1H6 LOCIP.IENS SEI&gt;F FILtt0. '
pgNbr=1
MN. piCIANNI
NILLMAR% Filter
Lonqf Iabel:
Wait samples of poael:es before prcceedln9
uit4 additional cunps.
Revuier:
Revieved ceaps of Negulax label with and
vlthout copy "Filter Longe" c tred
bottaa front panel. A3dltionalcmpe
with different stylized charactera to
be prepared. fkyy "Filter Longs" to be
in dark NFLIIMRX blue.
Menthol:
Revieved ecmps of Menthol label with and
vitheuC vopy 'Filter Lcnge entereL
bottun front panel. ALditlonaL ccmpe
with different stylized cbaracters to
be prepared. Copy "Filter Lonys" to
be in dark green.
IQ:. UIGIANNI: Prepare additional cwpe for revrev.
o/
I
n~insmisxc~i' s~~~ISVSC_cin ~
L IS npE 14
vO/.L1IY oe msc~,Nf 9elxe tILYi'.n. ~ /
MMssaaaaa
pgNbr=2
</ot>
</LTDLWOCR>
