<?xml version="1.0" encoding="ISO-8859-1"?>
<LTDLWOCR>
<tid>aae36c00</tid>
<bt>2078838118</bt>
<dd>19970109</dd>
<dt>PRES, PRESS RELEASE</dt>
<np>LEBOW,B; MAGARRO,P</np>
<no>LIG, LIGGETT; PMUSA, PHILIP MORRIS USA; RJR, R.J.REYNOLDS; WALL STREET JOURNAL</no>
<!-- Note:si:N340-->
<!-- Note:s:SLAVITT,JOSHUA/COMPUTER FILES-->
<ti>ANOTHER CONVENIENT LIGGETT SETTLEMENT, SAYS PHILIP MORRIS U.S.A.</ti>
<pg>1</pg>
<!-- Note:lu:FEDA/PRODUCED-->
<!-- Note:dl:20020718-->
<dl>20021209</dl>
<ot>FOR IMMEDIATE RELEASE
CONTACT: PATCHES MAGARRO
(212) 878-2768
ANOTHER CONVENIENT LIGGETT SETTLEMENT,
SAYS PHILIP MORRIS U.S.A.
NEW YORK, January 9, 1997 -- Once again, we hear of a Liggett
"settlement " We may have further comments on the details once they
are known. For now, we simply remind everyone of the earlier so-called
"settlement" between Liggett and several states that have sued cigarette
companies to recover health care expenses. That settlement turned out to
be little more than a marriage of convenience between Bennett LeBow,
owner of Liggett, who thought then, and apparently thinks now, that it
would aid him in his efforts to purchase R.J. Reynolds, and the attorneys
general of the settling states who tried to legitimize their lawsuits. As we
suspected then, and know now, Mr. LeBow's ploy backfired.
Now, as Mr. LeBow begins his latest pursuit of Reynolds, we hear
of yet another so-called "settlement." It, too, appears to be nothing more
than a marriage of convenience with some attorneys general trying to
save face and their lawsuits.
Philip Morris U.S.A. has not seen the documents described in
today's Wall Street Journal. But, as reported there, the company would
resist any effort by Liggett to disc7ose documents involving legally
privileged discussions shared with olers in the industry. Liggett has no
right to turn over notes that reflectt al discussions at a joint meeting
without the consent of all involved 'es. Nor does it have the right to
disclose jointly privileged documen unrelated to the litigation. Any
such disclosure by Liggett would iolate well-established principles
recognized by the courts.

pgNbr=1
</ot>
</LTDLWOCR>
