<?xml version="1.0" encoding="ISO-8859-1"?>
<LTDLWOCR>
<tid>aab70e00</tid>
<bt>92023873</bt>
<dd>19931130</dd>
<dt>MEMO, MEMORANDUM</dt>
<au>SMITH,T</au>
<rc>BAYLIES,T; BENTON,H; LINDSLEY,V; YOUNG,J; YOUNG,S</rc>
<ca>LOR, LORILLARD</ca>
<cr>LOR, LORILLARD</cr>
<fn>92023872/92024378/MISSING</fn>
<!-- Note:si:N39-->
<!-- Note:s:TELFORD,GEORGE/OFFICE-->
<ti>NEWPORT SLIM LIGHTS FACTBOOK</ti>
<pg>1</pg>
<!-- Note:rn t="m":R1-093-->
<!-- Note:lu:STMN/PRODUCED-->
<!-- Note:dl:19980605-->
<!-- Note:b:NEWPORT-->
<dl>20020201</dl>
<ot>MEMORANDUM
November 30, 1993
TO:	T.	Baylies




ROM:	H.
V:
J.
S.
T.	Benton
Lindsley
Young
Young
Smith
RE:	NEWPORT SLIM LIGHTS FACTBOOK
Attached please find the Newport Slim Lights Factbook.
Please call with questions or comments.
T.S.
/ ad
T11-30-1 dk/1
pgNbr=1
</ot>
</LTDLWOCR>
