<?xml version="1.0" encoding="ISO-8859-1"?>
<LTDLWOCR>
<tid>aaf75e00</tid>
<bt>2047725289/5291</bt>
<dd>19950600/E</dd>
<dt>REPT, REPORT, OTHER</dt>
<dt>CHAR, CHART, GRAPH, TABLE, MAPS;  FOOT, FOOTNOTES</dt>
<no>CENTER FOR DISEASE CONTROL + PREVENTION</no>
<!-- Note:pa1:2047725289/2047725291&lt;/pa1-->
<!-- Note:s:CRAWFORD,DEREK/COMPUTER FILES-->
<ti>AN ANALYSIS OF THE REPORT STATE TOBACCO CONTROL HIGHLIGHTS - 960000 CENTER FOR DISEASE CONTROL AND PREVENTION</ti>
<pg>3</pg>
<!-- Note:rn t="m":STMN/R8-003-->
<!-- Note:lu:STMN/PRODUCED-->
<!-- Note:dl:19980605-->
<dl>20020201</dl>
<ot>An Analysis of the Report
State Tobacco Control Highlights - 1996
Center for Disease Control and Prevention
The Center for Disease Control and Prevention (CDC) recently released a report
titled "State Tobacco Control Highlights - 1996." Although much has been made
of this report in the popular press, the publication is little more than a compilation
of unrelated data and survey results. The following points should be understood
when looking at the CDC report.
1. The Report "State Tobacco Control Highlights - 1996" does not present any
analysis or conclusions. It is merely a compilation of unrelated data.
0 The report presents eight different series of data, from varying sources and
years. It is not possible to compare across the various data sources, and years, as
presented in the report.
0 Although recent news stories have stated that the CDC data show a strong
correlation between state tax rates and smoking, the data in the report does not support
this conclusion. Reports stating that eight of the ten states with the lowest taxes have
above average smoking rates are false and misleading. In fact, when same year data
are compared, 7 of the ten states with the lowest tax rates have above average smoking
incidence; however, according to the CDC report, five of these are tobacco producing
states, where attitudes towards smoking may be different.
0 The data presented by the CDC tend to confirm other reports showing that
cultural and societal factors are more closely correlated with the decision to smoke than
is price. These factors include: the age of the population, education levels, and the
ethnic and religious makeup. For example both Utah and Idaho, which have large
Mormon populations, have lower than average adult smoking incidence as well as
below average state tobacco taxes.
2. The Data Presented in the CDC Report Demonstrate That There is Virtually
no Relationship Between State Tax Rates and Adult Smoking Incidence
0 The data on state tax rates presented in the CDC report is from 1995, while the
data on smoking incidence comes from a combination of 1992/93 survey results. When
the smoking incidence is compared to the actual state tax rates (including sales taxes)
for 1993, incidence falls at a rate of only 6 one-hundredths of a percent for each one
cent increase in taxes.' A regression analysis shows that state tax rates are
responsible for only 12 percent of the difference in smoking incidence between states.2
i
2
OLS regression analysis of the data gives the following result: Incidence Rate = 0.253-.0599(cents per
pack) + e Where t=-2.5715 and df = 50.
This is a very important point that requires further clarification. Economists use a statistic known as the
coefficient of determination, or r2, to explain the level of correlation, or variation, accounted for by the
regression model. An r2 of 1.0 indicates that the regression equation accounts for 100 percent of the
1
pgNbr=1
0 As the chart below shows, 10 of the 25 states3 with the lowest tax rates have
below average rates of adult smoking incidence, while 10 of the states with higher taxes
have above average incidence. This demonstrates that state cigarette taxes are not a
good predictor of smoking incidence.
0 The chart demonstrates the lack of a significant relationship between state taxes
and adult smoking incidence. As taxes fall, incidence tends to both rise and fall around
an average of 23 percent.4
Comparison of Adult Smoking and State Cigarette
Taxes (1993)
-~ State Cigarette Tax
Rate
� Smoking Incidence
~
0 1 ' ' ' , 1 ' ' 1 1 ' 1 , ' ' 1 ' , 1 ' ' ' ' ' 1 ' , 1 ' ' 1 ' ' .1 _'_,_1 ~_1 J-1 1 , 1 1 ' 1 1 1 1
D H W N M M C R I N T N C N M W I M F N P A U O M O K O A M S N V T L W A I N D I M A C M G S W K N V
C I A Y N A T I L D X J A V E I A D L E A R T R I H S K K S D M T N A V Z D H E N 0 L O T A C Y Y C A
By State
3
4
variation. In the above regression analysis, the value of r2 is only .119. This means that the state tax rates
explain only 12 percent of the variability in smoking incidence between states. The remainder of the
variation is due to the social and demographic characteristics of the population.
States exclude the District of Columbia
The very low tax states, which also happen to be tobacco producing states, tend to pull the curve upward at
the lower end of the tax continuum.
2
pgNbr=2
4. State Tax Increases are Bad for Business and May Ultimately Depress State
Revenue Collections
Higher excise taxes are likely to cause smokers to make many of their purchases
in lower taxed jurisdictions or from alternative non-taxed sources. These sources could
include simple cross-border purchases, but may involve the bootlegging of illegally
purchased, or even stolen, tobacco products. Severe bootlegging of cigarettes has
been documented in a number of high tax jurisdictions including Canada, Michigan,
New York and the state of Washington.5
5
Gutmann, Donald, Research Division, Washington Department of Revenue, Draft Report -"The Cigarette
~~
Tax Gap," August 17, 1995; New York State Department of Taxation and Finance, Press Release Number
44 - Tax Department Cracks Down on Bootleg Cigarette Sales," December 28, 1995; Petersen, Gary, "The
Economic Edge," The Tax Research Analysis Center, December, 1995.
3
pgNbr=3
</ot>
</LTDLWOCR>
