<?xml version="1.0" encoding="ISO-8859-1"?>
<LTDLWOCR>
<tid>aaz69e00</tid>
<bt>2029141152/1153</bt>
<dd>19850412</dd>
<dt>FORM, FORM</dt>
<au>ZZWE</au>
<np>ZZUS</np>
<ca>INBIFO, INSTITUT FUR BIOLOGISCHE FORSCHUNG</ca>
<!-- Note:co:FLGE, GERMAN LANGUAGE;  ILLE, ILLEGIBLE;  MARG, MARGINALIA-->
<fn>2029141140/2029141289/INBIFO P-2104 MB DISPOSAL SUSPENSION; </fn>
<!-- Note:si:I37-->
<!-- Note:s:TEWES,FRANZ/INBIFO OFFICE-->
<ti>KULTIVIERUNG VON TESTSTAMMEN A/2113</ti>
<pg>2</pg>
<!-- Note:rn t="m":STMN/R2-038-->
<!-- Note:lu:STMN/PRODUCED-->
<!-- Note:dl:19980605-->
<dl>20020201</dl>
<ot>" INBIFO Institut fUr bioiogische Forschung � K6In
a
FORM 1.KW 83 DRTW/SU SU4 (DIV) B14
BLATT 1
06?
KULTIVIERUNG VON TESTSTRMMEN
TESTSTAMM
I -fi,4 ~t~ 50
STAMMKULTUR
O - Vlor ~~ff3
IVIERUNG:
KULTIVIERUNG:	~N~~ ~

t~ w~ ~ c~. r-	~ ~~ ~

~ ab a~ ~nr 3
BEGINN
DATUM	
T.Z.	

ENDE
DATUM	
T.Z.	

DAUER h
()
8s	As .,so	~2l~Pr85		
				


Q l L0 tn ctr, c~
ABSORPTIONs ~~~~r Q-T
VERDUNNUNG	WELLENLXNGE	T.Z.
1: 5	565 nm	Q, 000	Q.$t}/1	
				
GESAMTZELLZAHL-BESTIMMUNG:
VERDUNNUNG	GESAMTZELL-
ZAHL	ANZAHL DER AUS-.
GEZAHLTEN FLACHEN	ZELLZAHL/
ml
1 : 15			
			
			
41 Kw82
pgNbr=1
INBIFO Institut fiir biologische Forschung � Kbin
FORM 1.KW 83 DRTW/SU SU4 (DIV) 215
BLATT 2
LEBENDZELL-BESTIMMUNG:
PLATTE
NR.	KOLONIEN
(CFU/PLATTE)	PLATTE
NR.	KOLONIEN
(CFU/PLATTE)
			
			
			
			
M		M	
Lebendzell-Konz. der
Kultur (Anzahl Zellen/ml)
Koloniezahl/Platte
auspi. Volumen x Vercl.-Falctor
Verdunnungsfaktor : 1oE-6
Ausplattiertes Volumen/Platte: o.loo ml
Inkubation : 48 h, 37 Grad Celsius
BEMERKUNGEN:
DATUM/ZN
a
U62
41.KW82
pgNbr=2
</ot>
</LTDLWOCR>
