<?xml version="1.0" encoding="ISO-8859-1"?>
<LTDLWOCR>
<!-- forcebtag -->
<tid>aaw54f00</tid>
<ti>Syrian Oriental Tobacco, Syrian Tobacco Monopoly</ti>
<dt>Smoke/Tobacco Analysis</dt>
<dt>Science</dt>
<dd>19750400</dd>
<np>Syrian Tobacco Monopoly</np>
<!-- Note:ci:10004026-->
<!-- Note:rn t="m":79-->
<pg>1</pg>
<!-- Note:ag:60292148-->
<!-- Note:dl:19981123-->
<bt>950121122</bt>
<!-- Note:br t="a":MNAT00380424/MNAT00380424-->
<dl>20020201</dl>
<ot>SYRIAN ORIENTAL TOBACCO
Syrian Tobacco Monopoly
x
Total
Volatile S S Ratio % E
Type Crop Grade Bases Nicotine TVB-Nic Nie B Sugar Ash
Kabakouiak 1973 Q.L.U. .345 .98 .242 .30 9.5 19.14
Kabakoulak 1974 Q.L.U. .306 1.05 .196 .36 10.5 20.19
�
0

pgNbr=1
</ot>
</LTDLWOCR>
