<?xml version="1.0" encoding="ISO-8859-1"?>
<LTDLWOCR>
<tid>aaa29e00</tid>
<bt>2500023038</bt>
<!-- Note:br t="m":2500023038/3056-->
<dd>19870604</dd>
<dt>FORM, FORM</dt>
<au>LEON,FA</au>
<rc>TIERNAY,WR</rc>
<pc>GAITANROJO,E; GOLDBERG,M; HAUSER,F; HENNIG,P; HUTCHINSON,RA; KEARNS,T; SALGUERO,CE; ZADOFF,B</pc>
<np>HUTCHINSON,RA</np>
<ca>E LEON JIMENES</ca>
<cr>PMI, PHILIP MORRIS INTERNATIONAL</cr>
<no>PMLA IBERIA</no>
<fn>2500023019/2500023057/DOM. REP. (ELJ) 870000 MONTHLY REPORTS; </fn>
<!-- Note:si:G26-->
<!-- Note:s:HUTCHINSON,ROBERT/CARLSTADT-->
<ti>GENERAL MANAGER'S MONTHLY REPORT</ti>
<pg>1</pg>
<!-- Note:rn t="m":STMN/R1-093-->
<!-- Note:lu:STMN/PRODUCED-->
<!-- Note:dl:19980605-->
<dl>20020201</dl>
<ot>i
FROM E LEON JIMENES 6. y,Igg7 10:56
P. t
TELEFAX NO: (212) 49Q_5933
._,
TO: Mr. William R. Tiernay
DEPARTMENT:. -
COMPANY: Phiiio Mgs-ris International
LOCATION: _ New York_ NY 1001Z, U. S. A
DATE: June a__19s7
SUBJECT: penaral t4apaaer's Mon,thlv Rsport
CC: pSCrs. E Gaitan-Roio MGgldbera ~, Hauser_.
R. Hutchinson, T. Kearns, P. Hennig, C. E. Salguero,
FROM: Farnando A I ann R-~adoff
DEPARTMENT: Administracion
E. LEON JIMENES, C. POR A.
SANTIAGO, DOMINICAN REPUBLIC
(809)582-7995
21 PAGES TO FOLLOW (INCLUDING THIS PAGE)
t.z
Crz
0
0
RECEIVED �
IBERIA alz
W
O
7 W
Oo
pgNbr=1
</ot>
</LTDLWOCR>
