<?xml version="1.0" encoding="ISO-8859-1"?>
<LTDLWOCR>
<!-- forcebtag -->
<tid>aay60d00</tid>
<bt>521525043</bt>
<rc>SOHN EJ; RJR</rc>
<au>GREIDER WH JR; DUR A FLEX</au>
<bx>RJR5360</bx>
<dd>19990709</dd>
<dt>LETTER</dt>
<!-- Note:co:N-->
<np>USDA; DUR A FLEX</np>
<!-- Note:dl:20020215-->
<pg>1</pg>
<!-- Note:rn t="m":US COMPREHENSIVE REQUEST 42-->
<!-- Note:sh:20020111-->
<!-- Note:s:R&amp;D; PROD INT &amp; REG AFF-IND &amp; ENV TOXICOLOGY; SOHN EJ; TOXICOLOGIST-->
<ti>CERTIFICATION THAT DUR-A-GLAZE #4 AND DUR-A-GARD FLOORING TO USDA GUIDELINES AS OUTLINED IN FSIS DIRECTIVE 11,000.4 (APPROVAL OF PAINTS AND COATINGS USED IN OFFICIAL ESTABLISHMENTS).</ti>
<dl>20021018</dl>
<ot>5ent by the Award W inning Cheyenne 8itware
PEOPLE. PRODUCTS- PERFORMANCE
DURnA-FI.EX� Inc.
THE SEAMLESS SOLUTION
Juy 9, 1999
Mr. Steve Sohn
Scientific Affairs
RJ Reynolds
FaM1336-741-0815
Re: Certification that Our-A-Glaze #4 and Dur-A-Gard Flooring conform to USDA guidelines as
outlined in FSIS Directive 11,000.4 (Appmval of Paints and Coatings used in Official
Establishments)
Dear Mr. Sohn:
It Is the purpose of thls letter to certify that Our-A-Flex Our-A-Glaze #4 and Dur-A-Gard
Flooring
1) are su ;able for the intended purpose and will not result In adulteration of food products it used
and applied as intended or indicated on the label directions;
2) wlll perform well under a daily regimen of rigorous cleaning, cyclical temperature change, and
wat conditions;
3) are lmpervious to moisture:
4) contain no known carcinogens, mutagens, and teratogens classified as hazardous substances,
heavy metals, or other tow substances:
5) are not considered a pesticide and do not have pesticidal characteristics.
Dur-A-Flex, Incorporated will provide to the Food Safety and Inspection Service the
complete chemical composition of the materials used to make Dur-A-Glaze?!f4 and Dur-A-Gard
Flooring upon request, and in a timely fashion.
Sincerely.
?tJlilLda.^ 171, fWtiltx- fa,
William H. Grelder, Jr.
Chemist
Technical Director
Our-A-Flex, Incorporated
95 Goadwin Street
East Hartford, CT 06108

pgNbr=1
</ot>
</LTDLWOCR>
