<?xml version="1.0" encoding="ISO-8859-1"?>
<LTDLWOCR>
<tid>aak58c00</tid>
<bt>96443559</bt>
<dd>19960514/E</dd>
<dt>AGEN, AGENDA</dt>
<no>BOARD OF DIRECTORS</no>
<fn>96443500/96443620/MISSING; 96443549/96443596/BOD - 960514</fn>
<!-- Note:si:G130-->
<!-- Note:s:NEW YORK FINANCIAL/BASEMENT GMP-->
<ti>AGENDA LORILLARD TOBACCO COMPANY BOARD OF DIRECTORS MEETING 960514</ti>
<pg>1</pg>
<!-- Note:rn t="m":R1-009-->
<!-- Note:lu:FEDA/PRODUCED-->
<!-- Note:dl:20011018-->
<dl>20030115</dl>
<ot>aGEND
B
Lorillard Tobacco Company
Board of Directors Meeting
May 14, 1996
1. Approval of draft minutes of meeting held
February 21, 1996.
2. Election of Officers; Designation of Committees.
3. Report of the Chairman and Review of Operations.
4. Other Business.
5. Motion of Adjourn.

pgNbr=1
</ot>
</LTDLWOCR>
