<?xml version="1.0" encoding="ISO-8859-1"?>
<LTDLWOCR>
<tid>aag86c00</tid>
<bt>2084093391</bt>
<!-- Note:br t="m":2084093389/3405-->
<dd>19990301/E</dd>
<dt>LETT, LETTER</dt>
<au>ANGELL,R</au>
<ca>ANGELL MEDIA RESEARCH</ca>
<no>ESTYLO MAGAZINE; MRI; NATL COUNCIL OF LA RAZA; TAYLOR NELSON INTERSEARCH; US CENSUS BUREAU</no>
<!-- Note:co:MARG, MARGINALIA-->
<fn>2084093223/2084093657/1ST QUARTER 990000 RECERTIFICATION LETTERS D - G</fn>
<!-- Note:si:N307-->
<!-- Note:s:MEDIA USA/STORED FILES-->
<pg>1</pg>
<!-- Note:lu:FEDA/PRODUCED-->
<!-- Note:dl:20020719-->
<dl>20021209</dl>
<ot>r ANGELL MEDIA RESEARCH, INC.
0
On rch 1, 1999 eadership Survey was mailed to 5,000 current Estylo Magazine
subs ' ers. The 5,000 subscribers were picked using the following criteria:
1. Active subscriber
2. Payment for subscription (No open credit orders or subs beyond renewal)
3. Nth name select based on total file size to yield 5,000
All names selected were mailed lst Class an eight page survey including cover letter with
an addressed Business Reply Envelope for return.
Gross response: 3,879
Net Response : 3,612
Of the 3,879 responses received to date onl 3,612 w re quantifiable. The balance (267
responses) were incomplete or not filled out, ut ply placed in the Business Reply
Envelope and returned.
Net Response: 72.24%
The completed surveys were correlated and entered into a statistical program for analysis
and compared to a number of private databases including the US Census Bureau, Taylor
Nelson Intersearch, National Council of La Raza and MRI.
The results are attached.
Sincerely,
Robert Angell
Angell Media Research
N
0
co
~
0
m
w
w
m
i

pgNbr=1
</ot>
</LTDLWOCR>
