<?xml version="1.0" encoding="ISO-8859-1"?>
<LTDLWOCR>
<!-- forcebtag -->
<tid>aaf82a00</tid>
<bt>527990160</bt>
<rc>REAMS RS</rc>
<au>MONTGOMERY NW</au>
<bx>NA</bx>
<dd>19980529</dd>
<dt>EMAIL; LETTER</dt>
<!-- Note:co:N-->
<!-- Note:br t="o":RJR 5059250; 70015 9171-9173-->
<!-- Note:dl:20030716-->
<pg>1</pg>
<!-- Note:sh:NA-->
<!-- Note:s:USDOJ; PRODUCTION 10-8; CD; 20020115;-->
<ti>CONSUMER RELATIONS RETAILER SURVEY.</ti>
<dl>20030915</dl>
<ot>Trom: Montgomery, Nancy W.
To: Reams, Russell S.
CC:
BCC:
Primary Date: 5/29/1998 6:11:56 AM
Last Modified Date: 1998-May-29 06:11:58
Last Touched Date:
Sent Date: 1998-May-29 06:11:56
Received Date: 1998-May-29 06:11:56
Subject: Consumer Relations Retailer Survey
Attachments:
MOON98MY.I)OC
Russ, here's my shot at the conversation we could have with San Fran retailers.
RJR0000000005059250
70015 9171

pgNbr=1
</ot>
</LTDLWOCR>
