<?xml version="1.0" encoding="ISO-8859-1"?>
<LTDLWOCR>
<!-- forcebtag -->
<tid>aaa90a00</tid>
<ti>7000 Micro And High Speed Maker Surveys</ti>
<dt>Report/Study</dt>
<dt>Report</dt>
<dd>19860822</dd>
<!-- Note:ci:10004026-->
<!-- Note:rn t="m":Attached to a Responsive Document-->
<pg>1</pg>
<!-- Note:ag:60025592-->
<!-- Note:dl:19981123-->
<bt>950481425</bt>
<!-- Note:br t="a":ATX02 0083019/ATX02 0083019-->
<dl>20020201</dl>
<ot>Tab 14
8/22/86
7000 Micro And High Speed Makez Surveys
Surveys on high speed equipment, 7000 Micro's, and cigarette inspection,
modules are continuing on a semi-annual schedule for each branch.
Results are given to factory personnel at the end of each survey. Iater
a report is sent from Research and Development to each branch manager.
hRT:omd
AT%02 0083019
1
pgNbr=1
</ot>
</LTDLWOCR>
