<?xml version="1.0" encoding="ISO-8859-1"?>
<LTDLWOCR>
<!-- forcebtag -->
<tid>aat16d00</tid>
<bt>50653197/3198</bt>
<ti>BIOGRAPHICAL SKETCH  SETH PAUL LERNER, M.D.</ti>
<dd>19940000</dd>
<dt>RESUME</dt>
<!-- Note:d:PERSONAL, PROFESSIONAL, AND EDUCATIONAL EXPERIENCE-->
<!-- Note:dl:20010130-->
<pg>2</pg>
<dl>20021115</dl>
<ot>BIOGRAPHICAL SKETCH
Seth Paul Lemer, M.D.
Assistant Professor of Urology
Scott Department of Urology
Baylor College of Medicine
EDUCATION:
Institution and Location	




MM	




ear	




ield of Stuudy
University of Texas, Austin, Texas	B.A.	1979	Biology, Highest honors
Baylor College of Medicine,
Houston, Texas	M.D.	1984	Medicine
Virginia Mason Hospital,
Seattle, Washington		1986	General Surgery resident
Baylor College of Medicine,
Houston, Texas		1990	Urology recident
University of Southern California,
Los Angeles, Califomia
ACADEMIC APPOINTMENTS:		1992	Urologic O:icology fellow
1990 Clinical Instructor in Urology - University of Southern CalifDrnia School of
Medicine
1991 Supervisor of Residents - Los Angeles County Hospital, University of South-
em California School of Medicine, Department of Urology
1992 Assistant Professor - Scott Department of Urology, Baylor College of
Medicine, Houston, Texas
POST-GRADUATE HONORS/AWARDS:
1990-1991 American Foundation for Urologic Disease/National Kidney Fou ndation Fellow-
ship
1991-1992 American Cancer Society Urologic Oncology Fellowship
1991 National Kidney Foundation Fellowship Symposium
SPECIALTY BOARD CERTIFICATION
March, 1994 - American Board of Urology

pgNbr=1
Lerner - 2
CURRENT ACTIVITIES:
Consultant Editor- Journal of Urology; Detection and Treatment of Early Stage Prostate Cancer,
November, 1994
Peer Reviewer - Journal of Urology
American College of Pathology, Bladder Cancer Task Force
Education
Introduction to Clinical Medicine, Baylor College of Medicine
Enterostomal Therapy Training Program, M.D. Anderson Cancer Center
Stapling and Continent Urinary Diversion, American Urological Association
Urology Service Coordinator, The Methodist Hospital
Institutional
Baylor College of Medicine, Institutional Review Board
NATIONAL PROFESSIONAL SOCIETY MEMBERSHIPS:
American Association for the Advancement of Science
American Medical Association
American Urological Association - Young Urologists Committee
New York Academy of Sciences
Southwest Oncology Group
South Central Section of the American Urological Association
RELEVANT RECENT PUBLICATIONS:
1. Lerner, S.P., Seale-Hawkins, C., Carlton, C.E., Jr., and Scardino, P.T.: The risk of
dying of prostate cancer in patients with clinically localized disease. J. Urol., 146:1040,
1991.
2. Lerner, S.P., Tsai, Y.C., and Jones, P.A.: Genetic aspects of bladder cancer progres-
sion. World J. Urol., 9:69-74,1991.
3. Lerner, S.P., Skinner, E., and Skinner, D.G.: Radical cystectomy in regionally
advanced bladder cancer. Urol. Clin. North Am., 19:713, 1992.
4. Lerner, S.P., Skinner, D.G., Lieskovsky, G., Boyd, S.D., Groshen, S.L., Ziogas, A.,
Skinner, E., Nichols, P., and Hopwood, B.: The rationale for en bloc pelvic lymph node
dissection for bladder cancer patients with nodal metastases: Long-term results. J. Urol.,
149:758, 1993.
5. Miyao, N., Tsai, Y.C., Lerner, S.P., Olumi, A.F., Spruck, C.H., III, Nichols, P.W.,
Skinner, D.G., and Jones, P.A.: The role of chromosome 9 in human bladder cancer.
Cancer Res., 53:4066, 1993.
6. Spruck, C.H., III, Ohneseit, P.F., Gonzales-Zuleta, M., Esrig, D., Miyao, N., Tsai,
Y.C., Lerner, S.P., et al: Two molecular pathways to transitional cell carcinoma of the
bladder. Cancer Res 54:784, 1994.
7. Lerner, S.P., Hayani, A., O'hallaren, P., Winkel, C., Ohori, M., Harberg, J., Roth,
D.R., Gonzales, E.T., Jr.: The role of surgery in the management of pediatric pelvic
rhabdomyosarcoma. J Urol., in press.

pgNbr=2
</ot>
</LTDLWOCR>
