<?xml version="1.0" encoding="ISO-8859-1"?>
<LTDLWOCR>
<tid>aak04c00</tid>
<bt>2063725316</bt>
<!-- Note:br t="m":2063725315/5317-->
<dd>19920000/E</dd>
<dt>CHAR, CHART, GRAPH, TABLE, MAPS</dt>
<dt>MRRT, MARKET RESEARCH REPORT</dt>
<no>AMER, AMERICAN TOBACCO; BW, BROWN &amp; WILLIAMSON; LIG, LIGGETT; LOR, LORILLARD; RJR, R.J.REYNOLDS</no>
<fn>2063725143/2063725328/MISC. INFO</fn>
<!-- Note:si:N592-->
<!-- Note:s:BONHOMME,JEANNE/CARLSTADT-->
<ti>910900 THROUGH 920900</ti>
<pg>1</pg>
<!-- Note:lu:FEDA/PRODUCED-->
<!-- Note:dl:20021024-->
<!-- Note:b:BENSON &amp; HEDGES; BRISTOL; CAMEL; CHESTERFIELD; DAKOTA; DORAL; EVE; EXPORT; KOOL; LARK; MALIBU; MERIT ULTIMA; MONARCH; MONTCLAIR; NEWPORT; PRIVATE STOCK; RIVIERA; SALEM; SPRING LEMON; STERLING; STYLE; VANTAGE; VICEROY; VIRGINIA SLIMS; WINSTON-->
<dl>20021209</dl>
<ot>	SEPTEMBER '91 THROUGH	SEPTEMBER '92		
	ER
RY	APRIL
FEBRUA	MAY J
NE
Y	AUGUST	-SEPTEMSER I
SEPTEMBER	OCTOBER NOVEMB
DECEMBER JANUA	RY...M4RCN	U
_ JUL
_		
Em	BRISTOL	MERIT	MEDIUM	BAH KINGS	BBH KINGS
	LOWEST	ULTIMA	10D'S	NY/PHIUBOSTON	R1-0/DENVER
	NATIONAL	NATIONAL	NATIONAL		
					V SLIM 10 PACK
					S 53194MARiFORD
gJg		S E LING	SALEM	VANTAGE	DORALNFBS	CAMEL	WINSTON			DORALREP0.ST
		LINE	FRESH	ULTRA	LINE	WJpE~	SELECT			NATIONAL
		EXfENSIONS	WRAP	LTS/KGS/	EXTENSION	NATIONAL	NATIONAL			
		NATIONAL	PACKAGE	100'SSP	NATIONAL					VANiAG_WqP
			fA IGF	DUALUSE			MONARCH			NATIONAL
		EXPORTa6	NATIONAL	PACKAGE			NATIONAL	.		
		REGIONAL		NORTHEAST						
		INTRO	DAKOTA	MARKETS						
			DISCONTINUED							
			HOUSTON &amp;							
			NASHVILLE							
E$4y	KOOL	KOOL								VI ROF~RA
	PACKAGE,	PACKAGE,								NATIONAL
	NAMEBLEND	NAMEBLEND								
	ACH NGES	CHANGES								
	CLEVELAND	RICHMOND								
AMERICAN			$IYyFRA	MAUBU	I			MONTCLAIR	PRIVATESiOCK	RIVIERA
			DETROIT	PACKAGE	HAWAII			100FFMEN	NATIONAL	NATIONAL
				NATK)NAL				ULTRALT&amp;5		
								NATIONAL		
					RIV~	
					NC, SC
-----	
LOR4LARD	SPRINGLEMON
LLSzHT@	STY4E
NATIONAL			SPRINGLEMON
LIQHT19	NWPTSLMLT1a0S
N&amp;SEAST
	DELAWARE
PITTSBURGH				DISCONTINUED

-	
LIGGElT			EVESLIM
LT 1C0'S
RESTAGED	LARK
RESrAGED
NATIONAL		CHESTERFIELD
FILTERS
RESTAGED
			EVE
REPACR			NATIONAL
			NATIONAL			
9SESZLE9aZ'

pgNbr=1
</ot>
</LTDLWOCR>
