<?xml version="1.0" encoding="ISO-8859-1"?>
<LTDLWOCR>
<!-- forcebtag -->
<tid>aah82a00</tid>
<bt>527974845</bt>
<rc>OBRIEN B</rc>
<au>KOSOWICZ D</au>
<bx>NA</bx>
<pc>AVELLINO M</pc>
<dd>19980512</dd>
<dt>EMAIL; LETTER</dt>
<!-- Note:co:N-->
<!-- Note:br t="o":RJR 5063324; 70013 7473-->
<!-- Note:dl:20030716-->
<pg>1</pg>
<!-- Note:sh:NA-->
<!-- Note:s:USDOJ; PRODUCTION 9-7; CD; 20020115;-->
<ti>PRINT AND OOH CONCEPTS.</ti>
<dl>20030915</dl>
<ot>From: Delia Kosowicz
To: Brice O'Brien
CC: Mary Avellino
BCC:
Primary Date: 5/12/1998 7:00:17 AM
Last Modified Date: 1998-May-12 07:00:17
Last Touched Date:
Sent Date: 1998-May-12 07:00:40
Received Date: 1998-May-12 07:00:17
Subject: Print and OOH concepts
.. .. ...... .........................
Attachments:
Subject: Time: 9:49 AM
Print and OOH concepts Date: 5/12/98
Brice,
As discussed we will meet with the photographers this week in order to review
the approved concepts. Please let me know if you have PR and Legal feedback.
Just to confirm the following is a list of the concepts we are working on:
PRINT
Voodoo, Interrogation, Monster, Astronaut (version TBD), Bachelor Party,
Amazon and Invalid
OOH
Gold Digger, Lunatic, Hippies, Urban Entrepreneur and Eskimo
Thanks,
Delia
RJR0000000005063324
70013 7473

pgNbr=1
</ot>
</LTDLWOCR>
