<?xml version="1.0" encoding="ISO-8859-1"?>
<LTDLWOCR>
<tid>aat01e00</tid>
<bt>87617131/7132</bt>
<dd>19850918</dd>
<dt>LETT, LETTER</dt>
<au>LOSIKOFF,AM</au>
<rc>STONE,CJ</rc>
<np>DAVID</np>
<ca>MICRO, MICROBIOLOGICAL ASSOCIATES</ca>
<cr>LOR, LORILLARD</cr>
<fn>87616987/87617207/INHALATION STUDIES M.A.; </fn>
<!-- Note:si:G14-->
<!-- Note:s:HECK,J.DANIEL/OFFICE-->
<pg>2</pg>
<!-- Note:rn t="m":R1-058-->
<!-- Note:lu:STMN/PRODUCED-->
<!-- Note:dl:19980605-->
<dl>20020201</dl>
<ot>l
e MICROBIOLOGICAL
~ ASSOCIATES INC.
MlcroblolopIul Aasoclataa Inc.
52Z, Rivar Road
Bathesda, Marytand 20616
(301) 654-3400,
Telex: 9Q8793
P.
A Subsidlary of
Daryl Laborato,ies rnc.
e
September 18, 1985
Dr. Connie J. Stone
Manager, Life Sciences
Lorillard Research Center
420 English Street
P.O. Box 21688
Greensboro, NC 27420
Dear Connie:
Thank you for your letter of August 26, 1985 soliciting bids for
smoke inhalation studies for the fiscal year, January 1, 1986 through
December 31, 1986. 1 am very pleased to inform you that there will
be no increase in price for the coming fiscal year on the studies
referenced in your letter. Prices for these studies will remain as
delineated below:	
Study Title	Price	
Comparative Toxicity of Test Cigarette Smoke with
Reference Cigarette Smoke After Inhalation in Mice	
$ 8,211	
Comparative Toxicity of Test Cigarette Smoke with
Reference Cigarette Smoke After Inhalation in Rats	
9,500	
Six-Week Repeated Smoke Inhalation in Mice to Compare
.Histopathology and Short-Term Endpoints Using Test and
Reference Cigarettes	

55,524	
Ninety-Day Subchronic Smoke Inhalation Study in Rats to
Compare Respiratory Tract Histopathology, Cytology of
Lavage Fluids, and Selected Biochemical Endpoints Using
Test and Reference Cigarettes	


87,500	
The Effect of Inhalation of Reference and Test Cigarette
Smoke on Sister Chromatid Exchanges in Mice	
31,000	
dD
~

Induction of Hepatic Microsomal Enzymes in Rats	
2,500/material	dn

~
		N
CJ
After reviewing the inhalation program with Dr. David, there is one
suggestion for a Change in study format that I would.like to make at
this time. Currently, the induction of hepatic microsomal enzymes in
rats is structured for simultaneous assay of four materials at the rate
of eight materials per month. A change to simultaneous assay of three
pgNbr=1
Dr. Connie J. Stone
Page 2
September 18, 1985
materials at the rate of six materials per month would smooth out
laboratory logistics and improve efficiency for getting deliverables
back to you. If this is acceptable and does not inconvenience your
program requirements, we would like to initiate this format at your
earliest convenience.
It has been a pleasure working with you and the staff at Lorillard,
and we look forward to continuing to assist you with your testing
requirements in the future.
Sincerely,
Andrew M " Losikoff
Vice President, Business Development
AML/ j km
pgNbr=2
</ot>
</LTDLWOCR>
