<?xml version="1.0" encoding="ISO-8859-1"?>
<LTDLWOCR>
<!-- forcebtag -->
<tid>aan93a00</tid>
<bt>516398430/8431</bt>
<rc>GILES J; GREENE T; INMAN J; KELLY S; MANGAN P; MERESCHAK C; PENICK W; SCHINDLER A; SWAIM M; RJR</rc>
<au>SAVOCA MR; RJR</au>
<bx>RJR7389</bx>
<!-- Note:b:WINSTON; SALEM-->
<pc>LYERLY L; MORGAN R; THREATT HC; LOCKAMY F; UNDERWOOD D; RJR</pc>
<dd>19860424</dd>
<dt>LETTER</dt>
<!-- Note:co:Y-->
<np>LIST OF ATTENDEES; LOCKAMY F; RAUDSAP J; GREENE T; SCHINDLER A; MANGAN P; UNDERWOOD D; DRIVER G; KELLY S; GILES J</np>
<!-- Note:dl:20031114-->
<pg>2</pg>
<!-- Note:rn t="m":WALLACE 9RFP69; WALLACE 1RFP11; US COMPREHENSIVE REQUEST 444; WALLACE 1RFP1; US COMPREHENSIVE REQUEST 449; US COMPREHENSIVE REQUEST 275; US COMPREHENSIVE REQUEST 349; US COMPREHENSIVE REQUEST 47; US COMPREHENSIVE REQUEST 368; WALLACE NOTICE OF DEPOSITION (ANDY SCHINDLER) SUBPART 6-->
<!-- Note:sh:20030911-->
<!-- Note:s:MARKETING; ; ; ; 31-11-05-06-->
<ti>PRODUCT QUALITY MONITORING AND CONTROL WORKING GROUP - STATUS MEETING, APRIL 15, 1986 (860415).</ti>
<dl>20031215</dl>
<ot>R. Sample Se2ection
There will be a total of 36 WINSTON KS and 32 SALEM Light 85 samples
tested. The products will be sampled by Grady Driver, R&amp;D Plant,
according to a predetermined schedule (ATTACHMENTS I-IV). The samples
will be pulled in packs. This is a change from what was originally
planned. Pack sampling will eliminate any questions concerning menthol
or moisture loss in the trays. A total of 30 cartons will be pulled.
Cartons not used immediately will be stored in Cold Storage. Once a
sample is pulled its exact time and machine number wil~ l be recorded.
C. Analytical Testing
Analytical Services and the R&amp;D Plant will conduct the majority of the
analyses. A complete listing of these is attached (Attachment V) QA
and Analytical Methods will each receive a carton for additional
analyses. These will be sent directly to Steve Kelly and Jay Giles.
D. Sensory Testing
QDA testing will be conducted as soon as possible after the necessary
aging periods. WINSTON KS will be tested two weeks after every 9th
sample is pulled and SALEM Light 85 will be tested 3 weeks after every
8th sample is pulled.
Sensory data collection will require 2.5 weeks for each brand during
each time period. Data for each brand will be be analyzed until all
sensory and analytical testing for that brand is completed.
The WINSTON KS sampling has begun. QDA testing will begin shortly. Since
we are in the data collection phase we should not have to meet on a monthly
basis. I will plan to have a status meeting some time in July to review
our progress.
Margaret R. Savooa
xc: Larry Lyerly
Richard Morgan
Harold Threatt
Floyd Lockamy
Dan Underwood

pgNbr=1
R. J. REYNOLDS TOBACCO COMPANY
INTEROFFICE MEMORANDUM
SUBJECT: Product Quality Monitoring and Control
Working Group - Status Meeting, April 15, 1986
TO: Jay Giles
Tamnie Greene
Joe Inman
Steve Kelly
Pat Mangan
Carol Mereschak
Bill Penick
Andy Schindler
Marietta Swaim
SENSORY EVALUATION DIVISION
/}rr"(
DATE: Manek+ 24, 1986
FROM: Margaret R. Savoca
The Working Group met on April 15. In attendance were all members of the
Committee (listed above). Floyd Loekamy is to appoint a representative
from Production Planning due to John Raudsap leaving the Company.
Tammie Greene up-dated the group on the planning and logistics of our
Sensory Baseline Studies of a non-menthol and a menthol brand. The Working
Group offered several suggestions and raised questions about specific
points of the plan. What follows is a review of the current plan which
includes the improvements suggested by the working group.
The general plan of the study remains the same. Two brands will be
selected and will undergo sampling over a six-month period time at 4
predetermined time periods.
Following sample selection, the products will be sensory tested on QDA
panels and will also receive extensive chemical and physical testing. At
the end of the six-month periods, statistical analyses will be performed to
determine the type and degree of perceptual change and relate these
changes to changes in the chemical and physical properties of the samples.
The specifies of the study are listed below:
A. Brand Styles
WINSTON KS produced at Whitaker Park will be the non-menthol brand. At
the meeting Andy Schindler raised a question as to whether or not SALEM
KS would still be produced at #64 during this period. Since the
selection of the menthol brand was reviewed, Pat Mangan has suggested
that additional information may be provided by selecting a menthol
brand at a lower "tar" level than SALEM KS in order to move information
that may be related to filter parameters. Based on discussions with
Dan Underwood, Production Planning, it was decided to sample SALEM
Light 85. This is produced at Tobaccoville and #12.

pgNbr=2
</ot>
</LTDLWOCR>
