<?xml version="1.0" encoding="ISO-8859-1"?>
<LTDLWOCR>
<tid>aaw60e00</tid>
<bt>91528206/8207</bt>
<dd>19741100/E</dd>
<dt>NOTE, NOTE</dt>
<au>KAYIATOS,MA</au>
<rc>XX WALTER</rc>
<no>ZACK AAU</no>
<!-- Note:co:HAND, HANDWRITTEN;  ILLE, ILLEGIBLE-->
<fn>91528047/91528523/3H. RESEARCH 18</fn>
<!-- Note:si:G1-->
<!-- Note:s:ADVERTISING/BASEMENT GMP-->
<pg>2</pg>
<!-- Note:rn t="m":R1-093-->
<!-- Note:lu:STMN/PRODUCED-->
<!-- Note:dl:19980605-->
<dl>20020201</dl>
<ot>From the desk of
MARY ANNE KAYIATOS
pgNbr=1
Frorn the desk of
e. . --~ ~...~..:.~.,~.....- ~,_.~.
pgNbr=2
</ot>
</LTDLWOCR>
