<?xml version="1.0" encoding="ISO-8859-1"?>
<LTDLWOCR>
<tid>aao24c00</tid>
<bt>2069710014</bt>
<dd>19971112</dd>
<dt>SPEC, SPECIFICATION</dt>
<au>SMITH,KV</au>
<pc>CARTER,RE</pc>
<ca>PMUSA, PHILIP MORRIS USA</ca>
<no>REYNOLDS METALS</no>
<!-- Note:si:M674-->
<!-- Note:s:CIGARETTE SPECS/COMPUTER FILES (STEWART HOLMES)-->
<ti>MATERIAL SPECIFICATION 128MM 19 NUMBER ALUM SLIP TREAT 88. 2MG/155MM</ti>
<pg>1</pg>
<!-- Note:lu:FEDA/PRODUCED-->
<!-- Note:dl:20021017-->
<!-- Note:b:MARLBORO; PARLIAMENT-->
<dl>20021209</dl>
<ot>P H I L I P M O R R I S I Din CoDE: 16-052-B
U.S.A.
MATERIAL SPECIFICATION
DESCRIPTION:
128MM 19# ALUM SLIP TREAT 88.2MG/155MM
DATE:
SUPERSEDES:
TYPE:
11/12/97
5/07/96
MENTHOLATED FOIL
STATUS:
CURRENT
BRANDS: MARLBORO 100 MENTHOLATED FOIL FTB 02760 (STD)(MF)
PARLIAMENT LIGHTS 100 MENTHOLATED FOIL FTB 03170 (STD)(MF)
BASE FOIL CODE: 15-455-A
BASE FOIL DESCRIPTION: 128MM 19# ALUMINUM SLIP TREAT
SUPPLIER: REYNOLDS METAL
MENTHOL APPLICATION:
RATE: 88.2 MG/ 155 MM PFL* +/- 4.4 MG
GC TARGET: 85.4 MG/ 150 MM +/- 4.3 MG
SATURATION LEVEL: .004446 MG MENTHOL/SQMM
MENTHOL SOLUTION CODE: 05-827-A
DESCRIPTION: MENTHOL 2-1 SOLUTION/B
* PFL = PACK FOIL LENGTH
REASON FOR CHANGE: MARLBORO 100 MENTHOLATED FOIL FTB, 02760 (STD)(MF)
ADDED AS AN APPLICABLE PRODUCT FOR THIS SPEC. NO
OTHER CHANGES MADE.
CC: R. E. CARTER
PREPARED BY: K. V. SMITH ( 1/18/02) APPROVED BY:
MANUFACTURING SPECIFICATIONS

pgNbr=1
</ot>
</LTDLWOCR>
