<?xml version="1.0" encoding="ISO-8859-1"?>
<LTDLWOCR>
<!-- forcebtag -->
<tid>aam70f00</tid>
<ti>Advertised Tar Deliveries As Of 830100.</ti>
<dt>Report</dt>
<dt>Report</dt>
<dd>19830329</dd>
<au>Hilton-D B&amp;W</au>
<pc>Esterle-J Jewell-J Philpot-K Reynolds-M Riehl-T B&amp;W</pc>
<!-- Note:ci:10004026-->
<!-- Note:rn t="m":H79 H80-->
<pg>1</pg>
<!-- Note:ag:11980145-->
<!-- Note:dl:19981123-->
<bt>620856372</bt>
<dl>20020201</dl>
<ot>BROWN &amp; WILLIAMSON TOBACCD CORPORATION
RESEARCH 3 DEVELOPMENT
FILE NOTE
TITLE: ADVERTISED TAR DELIVERIES AS OF JANUARY, 1983/151
AUTHOR: Mr. D. C. Hilton
DATE: Harch 29, 1983
CC: Dr. J. G. Esterle,CDY.J.N. Jewell, Mr. K. E. Philpot,
Mr. M. L. Reynolds, Mr. T. F. Riehl
Attached is a list of cigarette brands with advertised tar levels as
determined by NSA for December, 1982. According to Betty Simms
(Systems) the January report is presently being compiled. There are
no new brands or changes in advertised tar levels in the January re-
port. There is information ln the listing other than the brand names,
manufacturers, and advertised tar levels. These other columns of
information have meaning to Market Research but their meaning is
unknown to me.
D. C. Hilton
DCH/klc/R2
0075f
Attachment
620856372
pgNbr=1
</ot>
</LTDLWOCR>
