<?xml version="1.0" encoding="ISO-8859-1"?>
<LTDLWOCR>
<tid>aaf14a00</tid>
<bt>98909909/9910</bt>
<dd>20010400/E</dd>
<dt>AGEN, AGENDA</dt>
<np>BAROODY,G; ENLOE,S; SPARROW,K; TELFORD,G; YOUNG,J; ZOLOT,S</np>
<no>MSA; NC</no>
<!-- Note:co:MARG, MARGINALIA-->
<fn>98909799/98910028/MAVERICK 2ND PERIOD 20010000; 98909843/98909971/MAVERICK REPOSITIONING TEST NORTH CAROLINA 20010700 - 20011200</fn>
<!-- Note:si:N140-->
<!-- Note:s:WILLIAMS,JIM/OFFICE-->
<ti>MAVERICK MEETING</ti>
<pg>2</pg>
<!-- Note:lu:FEDA/PRODUCED-->
<!-- Note:dl:20031204-->
<!-- Note:b:MAVERICK-->
<dl>20040115</dl>
<ot>MAVERICI{ MEETING
I. Welcome
A. Purpose of the Meeting
B. Introduction of Attendees
Kathy Sparrow
II. Maverick Historv George Telford
A. Volume
B. Promotion Expenditures
_ ~ ..
C. Profit
D. Consumer Demographics
III. Competitive Environment
A. Pre MSA
B. Post MSA
IV. Maverick's Future Expectations
A. If No Change
B. With Change
V. Maverick Product
George Telford
George Telford
A. Test Score
B. Packaging Acceptance

pgNbr=1
VI. Marketing Support Plan Judy Young
A. Marketing Objective &amp; Strategies
B. Advertising/Media Plan
C. Consumer Promotion George Baroody
1. Retail
2. Non Retail
D. Distribution Review Steven Enloe
E. Material Ordering Sam Zolot
VII. Retail Presentation Objectives Steven Enloe
VIII. CloSinE Kathy Sparrow
J : �.S 2T8P*ZS 12,5 )
Pl? S, Zl~ms ~ C`, S~et.~ ~ Cs.a~pl0

2

pgNbr=2
</ot>
</LTDLWOCR>
