<?xml version="1.0" encoding="ISO-8859-1"?>
<LTDLWOCR>
<tid>aac84e00</tid>
<bt>2048008979</bt>
<!-- Note:br t="m":2048008976/8982-->
<dd>19951013/E</dd>
<dt>PRES, PRESS RELEASE</dt>
<np>FREEDMAN;  FREEDMAN,A;  KESSLER</np>
<ca>PM, PHILIP MORRIS</ca>
<no>FDA, FOOD AND DRUG ADMINISTRATION</no>
<!-- Note:pa1:2048008757/2048008992&lt;/pa1-->
<!-- Note:s:MULDERIG,JOHN/CARLSTADT-->
<ti>PREPARED IN RESPONSE TO QUESTIONS FROM ALIX FREEDMAN</ti>
<pg>1</pg>
<!-- Note:rn t="m":STMN/R1-080-->
<!-- Note:lu:STMN/PRODUCED; STMN/TRIAL EXHIBIT P-18109; TXAG/TRIAL EXHIBIT P-15741; STMN/SELECTED-->
<!-- Note:dl:19980227-->
<dl>20020201</dl>
<ot>Prepared in Response to Questions from Alix Freedman
Statement by Philip Morris U.S.A.
New York, NY--October 13, 1995
We believe that Commissioner Kessler's allegations regarding the use of
ammonia in the cigarette manufacturing process are scientifically unsound, lack
merit, and do not support the FDA's illegal assertion of jurisdiction over the
cigarette industry. Contrary to the assertions in the FDA report, Philip Morris
does not use ammonia in the cigarette manufacturing process to increase the
amount of nicotine inhaled by the smoker or to "affect the rate of absorption of
nicotine into the bloodstream of the smoker."
pgNbr=1
</ot>
</LTDLWOCR>
