<?xml version="1.0" encoding="ISO-8859-1"?>
<LTDLWOCR>
<tid>aah12c00</tid>
<bt>2085136876C/6877</bt>
<!-- Note:br t="m":2085136876B/6877A-->
<dd>20010723</dd>
<dt>EMAI, E-MAIL</dt>
<au>HADELHOPKINS,L; OSHEA,L</au>
<rc>HADEL,LL</rc>
<np>HADEL,LL; OSHEA,L</np>
<ca>PROZ</ca>
<cr>PMUSA, PHILIP MORRIS USA</cr>
<no>MARRIOTT MARQUIS</no>
<!-- Note:si:N346-->
<!-- Note:s:CHAIKIN,KAREN/OFFICE-->
<ti>RE: HERE IT IS</ti>
<pg>2</pg>
<!-- Note:lu:FEDA/PRODUCED-->
<!-- Note:dl:20021230-->
<dl>20030115</dl>
<ot>-Original Message-
From: ostrea@proz.org [SMTP:oshea@proz.org]
Sent: Monday. July 23, 2001 10:47 AM
To: Linda.L.Hadel@pmusa.com
Subject: Re: Here it is
Let's plan for Thursday, August 2, for coffee. You'll need to tell me
where; I'm not familiar with NY at all. W e're staying at the Marriott Marquis
hotel on Broadway. 9am somewhere close? Thanks, Llnda.
&gt; Thanks for getting back to me Luanne. I apologize but I did not write
down
&gt; the week you were going to be here. How about coffee or lunch? Just
name a
&gt; specific date that works for you and I will get back to you. Thank.
12

pgNbr=1
&gt; 2085136877
&gt; Linda Hadel Hopkins
&gt; Youth Smoking Prevention
&gt;

pgNbr=2
</ot>
</LTDLWOCR>
