<?xml version="1.0" encoding="ISO-8859-1"?>
<LTDLWOCR>
<tid>aam17d00</tid>
<bt>2071862760B</bt>
<!-- Note:br t="m":2071862754A/2760B-->
<dd>19990630</dd>
<dt>EMAI, E-MAIL</dt>
<au>CHAIKIN,K</au>
<rc>CRABILL,JB; CUMMINGS,GA; DARDEN,BC; HANSON,TD</rc>
<np>DAVIS,M; PRESS,MJ</np>
<no>CR; NC EXTENSION STATE 4H</no>
<!-- Note:si:N346-->
<!-- Note:s:CHAIKIN,KAREN/STORED FILES-->
<ti>YSP / CR / NC 4-H MEETING</ti>
<pg>1</pg>
<!-- Note:lu:FEDA/PRODUCED-->
<!-- Note:dl:20020201-->
<dl>20020709</dl>
<ot>-Original Message-
From: Chaikin, Karen
Sent: Wednesday, June 30, 1999 8:58 AM
To: Darden, Bennie C.; Hanson, Terry D.; Cummings, Greg A.; Crabill, Jean B.
Subject: YSPICR/NC 4-H Meeting
Hi all,
As you know, we have been working to set a meeting with Mike Davis, Assistant Director,
NC Extension State 4-H Leader and some of his colleagues.
Mike has offered up either Sept 21 or 22 as good dates to meet in Cabarrus.
At that time, Mike will share with us the programs they have in place to promote positive
youth development and ysp as well as identify needs. This will be an opportunity for us to
update Mike on our own activities.
Please advise if either of these days works for you. 191 then touch base with Mike to firm
up who from 4-H will join with him, as well as the Agenda, and let you know. At that time,
we can decide if Mary Jo Press should also be invited.
Last - I assume that we can host this meeting at our plant?
KC
Youth Smoking Prevention
57

pgNbr=1
</ot>
</LTDLWOCR>
