<?xml version="1.0" encoding="ISO-8859-1"?>
<LTDLWOCR>
<!-- forcebtag -->
<tid>aaf80d00</tid>
<bt>517610910/0912</bt>
<rc>NATL SMOKER SERVICES</rc>
<au>WILLIAMS DC; NC ROCKY MOUNT</au>
<bx>RJR5310</bx>
<!-- Note:b:NON-RJR BRANDS-->
<dd>19960702</dd>
<dt>CONSUMER LETTER; HANDWRITTEN</dt>
<!-- Note:co:Y-->
<np>WILLIAMS D</np>
<!-- Note:dl:20020215-->
<pg>3</pg>
<!-- Note:rn t="m":US COMPREHENSIVE REQUEST 102; US COMPREHENSIVE REQUEST 140-->
<!-- Note:sh:20020111-->
<!-- Note:s:EXTERNAL RELATIONS; CONSUMER RELATIONS; RECORD CENTER; 45-04-03-09-->
<ti>I OBTAINED YOU MAILING ADDRESS FROM MY AUNT DOROTHY WILLIAMS.</ti>
<!-- Note:tp:YOUNG ADULT SMOKING-->
<dl>20021018</dl>
<ot>51761 0912

pgNbr=1
a63 U ::
Roe'.k,y

51761 0911
/V A1i oNA4' o&amp;vo,v�,e ar~ eUi~ ~s
~J D. fak ~.3 ~ioi/
0
II,i,IiI.J,II,,,I�I,,,I111JH111,,,,,,I1i,,II,,,111

pgNbr=2
,L~EfJ,e oS.p~~
~
iea.h
~ ai7d sff ,e ovF~ a~ 1/EA.e,S o~ ,9GE
,C~~r 602 ~~JVr~GS ~3~0/l~ G~aE,eiES
Xs.KE
t
.~~
av-, :5,~

pgNbr=3
</ot>
</LTDLWOCR>
