<?xml version="1.0" encoding="ISO-8859-1"?>
<LTDLWOCR>
<!-- forcebtag -->
<tid>aaz26d00</tid>
<bt>50715087/5088</bt>
<ti>BIOGRAPHICAL SKETCH  LINDA WORDEMAN</ti>
<dd>19950000</dd>
<dt>RESUME</dt>
<au>WORDEMAN LG</au>
<!-- Note:d:EDUCATION, RESEARCH AND PROFESSIONAL EXPERIENCE, PROFESSIONAL AFFILIATIONS, INVITED SPEAKER, HONORS AND AWARDS, PUBLICATIONS-->
<!-- Note:dl:20010130-->
<pg>2</pg>
<dl>20021115</dl>
<ot>FF _ Prindpat fnves6gator/Program Director (Last, first middfe): Wordeman. Linda G
Publications
*Wordeman. L, K.L. McDonald, and W.Z. Cande. 1986. The distribution of cytoplasmic microtubules
� throughout the cell cycle of the centric diatom Stephanopyxis utrris: Their role in nuclear migration and
positioning the mitotic spindle during cytokinesis. J. Cell Biol. 102:1688-1698.
McDonald, K.L., K. Pfister, H. Masuda, L. Wordeman. C. Staiger, and W.Z. Cande. 1986. Comparison of
spindle elongation in vivo and in vitro in Stephanopyxis turris. J. Cell Sci. Suppl. 5:205-227.
*Wordeman. L., and W.Z. Cande. 1987. Reactivation of spindle elongation in vitro is correlated with the
phosphorylation of a 205kD spindle-associated protein. Cell 50:535-543.
Wordeman. L., F.M. Davis, P.N. Rao, and W.Z. Cande. 1989. Distribution of phosphorylated spindle-
associated proteins in the diatom Stephanopyxis turris. Cell Motil. Cyt. 12:33-41.
Wordeman. L., H. Masuda, and W.Z. Cande. 1989. Distribution of a thiophosphorylated spindle midzone
antigen during spindle reactivation in vitro. J. Cell Sci. 93:279-285.
Wordeman. L., and W.Z. Cande. 1990. Cytokinesis by Furrowing in Diatoms. In: Cytokinesis: Mechanisms of
Furrow Formation During Cell Division. Eds. G. W. Conrad and T. E. Schrocder. Ann. N.Y. Acad. Sci.
vol. 582, pp. 252-259.
Steuer, E.R., L. Wordeman, T.A. Schrocr, and M.P. Sheetz. 1990. Localization of cytoplasmic dynein to mitotic
spindles and kinetochores. Nature 345:266-268.
*Wordernan. L., E.R. Steuer, M.P. Sheetz, and T. Mitchison. 1991. Chemical subdomains within the
kinetochore domain of isolated CHO mitotic chromosomes. J. Cell Biol. 114:285-294.
*Sawin, K.E., T.J. Mitchison, and L.G. Wordeman. 1992. Evidence for kinesin-related proteins in the mitotic
apparatus using peptide antibodies. J. Cell Sci. 101:303-313.
Wordeman. L. 1992. The cytoskeleton in the diatoms: the mitotic spindle and cell cycle dependenl organization.
In: The Cytoskeleton of the Algae. Ed. D. Menzel. CRC Press, Inc. Boca Raton, FL. pp. 39-57.
Hogan, C.J., H. Wein, L. Wordeman, J.M. Scholey, K.E. Sawin, and W.Z. Cande. 1993. Inhibition of
anaphase spindle elongation in vitro by a peptide antibody that recognizes kinesin motor domain. Proc. Nat.
Acad. Sci. USA 90:6611-6615.
Wordeman. L. The isolation of functional mitotic organelles from tissue culture cells. 1994. Ln: The Cell Cycle: A
Practical Approach. Eds. P. Fantes and R. Brooks. IRL Press, Oxford, England. pp. 114-125.
Wordeman. L., and T.J. Mitchison. Dynamics of Microlubule Assembly in vivo. 1994. In: Microtubules. Eds.
J.S. Hyams and C.W. Lloyd. Wiley-Liss, Inc., New York. pp. 287-301.
Rosenthal, E.T., and L. Wordeman. 1995. A protein homologous to the 67kD laminin binding protein and p40 is
a component of the translational machinery in Urechis caupo oocytes and embryos. J. Cell Sci. 108:245-256.
*Wordeman. L., and T. J. Mitchison. 1995. Identification and preliminary characterization of MCAK, a kinesin-
related protein that associates with centromeres during mitosis. J. Cell Biol. 128:95-106.
Wordeman. L. 1995. Mechanisms of chromosome segregation in metazoan cells. In: Progress in Cell Cycle
Research. Vol. 1. L. Meijer, S. Guidet and H.Y. Tung, eds. Plenum Press, New York, USA. pp. 319-325.
�
PHS 398 (Rev. 5555) (Form Page 6) Page 7
Number pages consecutively at the bottom throughout the application. Do p41 use suffixes such as 3a, 3b.
FF
50715088

pgNbr=1
FF PrirxApai Investigator/Program Director (Last, rirst, middle): Wordeman. Linda G.
BIOGRAPHICAL SKETCH
Provide the following Infonnation for the key personnel in trre order listed on Form Page 2.
Photocopy thfs page or follow thls format for each person.
AME

Linda Wordentan, Ph.D.
POSITION TITLE
Assistant Professor
EDUCATIONrrRAI NING (Begin with baccalaureate or otherlnitia/ pro7essional educab'on, such as nursing, and /ndude postdootoral training.)
INSTITUTION AND LOCATION	DEGREE
(it applicable)		YEAR(s)	FIELD OF STUDY
University of California, Berkeley, CA	B.A.		1982	Molecular Biology
University of California, Berkeley, CA	Ph.D.		1988	Zoology
University of California, San Francisco, CA	Postdoctoral		9/88-12/93	Pharmacology
RESEARCH AND PROFESSIONAL EXPERIENCE: Condutling with present position, list, in chronological order, previous employment, experience, and honors.
Include present membership on any Federal Government public advisory committee. Llst, in chronological order, the titles, all authors, arid
complete references to all publications during the past three years and to representative eadier publications pertinent to this application. If the list of
publicatrons in the last three years exceeds two pages, select the most pertinent publications. DO NOT EXCEED TWO PAGES.
Professional Experience
6/81 to 9/82: University of California, Berkeley Dept. Molecular Biology Supervisor: Dr. Gunther Stent.
Time lapse microcinematography, tracer dye injection. Electrophysiology.
9/82 to 9/83: University of California, Berkeley Dept. Zoology Supervisor: Dr. R.E. Keller. Neural crest
cell behavior in Xenopus laevis and Antby.ctnnta mexicnnn in the presence of adhesive
substrates and electric fields.
~~~fffJJJ8 ~2 to 12/87 Teaching Assistant; Vertebrate Embryology, Cell Biology, Cell Physiology. UC Berkeley.
3 to 5/88: University of California, Berkeley Dept. Botany Supervisor: Dr. W.Z. Cande. Functional
and biochemical characterization of phosphorylated niitotic spindle-associated proteins.
(Ph.D. thesis).
6/90 to 10/90: University of Hawaii. Supervisor: Dr. Eric Rosenthal, PBRC. Expression of laminin and
laminin receptors during development of the marine worm Urechis caupo.
6/88 to 12/93: University of California, San Francisco Dept. Pharmacology Supervisor: Dr. Tim
Mitchison. Identification, biochemical and functional characterization of kinetochore-
associated proteins.
1/94 to present University of Washington, Seattle, Dept. Physiology and Biophysics. Assistant Professor.
Professional Affiliations: American Society for Cell Biology
Microscopy Society of America
Invited Speaker: ASCB 1993
MSA 1993
Honors and Awards
1978: Prize in Freshman Chemistry (Cal Poly-SLO)
1978: Prize in Music Achievement (CSUN)
1982: Departmental Citation in Molecular Biology, Univ. of California, Berkeley
2: Phi Beta Kappa-Alpha Chapter
~ to 5/85: National Science Foundation Predoctoral Fellowship
6/88 to 5/91: Helen Hay Whitney Postdoctoral Fellowship
6/91 to 5/92: Bank of America Giannini Foundation Fellowship
PHS 398 (Rev. 5/95) (Form Page 6) Page 6
Number pages consecutively at the bottom throughout the application. Do oQt use suffixes such as 3a, 3b.
FF
50715087

pgNbr=2
</ot>
</LTDLWOCR>
