<?xml version="1.0" encoding="ISO-8859-1"?>
<LTDLWOCR>
<tid>aaj62c00</tid>
<bt>2077168355/8356</bt>
<dd>19950101/E</dd>
<dt>REPT, REPORT, OTHER</dt>
<np>CLINTON</np>
<no>AMED, AMERICAN MEDICAL ASSOCIATION; FDA, FOOD AND DRUG ADMINISTRATION; FEDERAL REGISTER; HHS, DEPT OF HEALTH AND HUMAN SERVICES; INST OF MEDICINE</no>
<!-- Note:si:W8-->
<!-- Note:s:MCKITTRICK,BEVERLY/STORED FILES-->
<ti>CLINTON ADMINISTRATION PROPOSAL TO REDUCE CHILDREN'S TOBACCO USE</ti>
<pg>2</pg>
<!-- Note:lu:FEDA/PRODUCED-->
<!-- Note:dl:20021202-->
<!-- Note:b:HARLEY-->
<dl>20030115</dl>
<ot>r
CLINTON ADMINISTRATION PROPOSAL
TO REDUCE CHILDREN'S TOBACCO USE
The Clinton Administration is proposing a comprehensive and
coordinated plan to reduce smoking by children and adolescents by
50 percent. It builds on previous actions such as the ban on
television advertising and state laws to prohibit the sale or use
of tobacco by children. It follows recommendations by the American
Medical Association and the Institute of Medicine. Experts have
consistently recommended that the keys to achieving the goal are:
reducing access and limiting the appeal for children. This
initiative accomplishes that objective while preserving the
availability of tobacco products for adults. �
The proposals announced today include:
Reducing Easy Access by Children
o Prohibit nationwide the sale of cigarettes and smokeless
tobacco products to anyone under age 18, as is already the law in
XX states.
o Require face-to-face sale and eliminate mail order sales,
vending machines, free samples, self-service displays, and sale of
single cigarettes ("loosies") and packages with fewer than 20
cigarettes ("kiddie packs").
o Require age verification with photo identification at point of
sale.
o Allow use of coupons only by persons 18 and older in face-to-
face transactions.
Reducing Appeal to Children
o Ban outdoor advertising within 1,000 feet of schools and
playgrounds.
o Black-and-white text only advertising for all other outdoor
advertising, including billboards, signs inside and outside of
buses, and all point-of-sale advertising.
o Black-and-white text only advertising in publications with
youth readership (under 18) of 15 percent or more than 2 million.
No restrictions on print advertising below these thresholds.
Black-and-white text only for all direct mail.
o Eliminate use of brand names, logos, symbols or colors on non-
tobacco items and services, such as t-shirts, caps and gym gear.
Prohibit exchange of non-tobacco products for proof of purchase of
tobacco products. Ban lotteries or contests where purchase of
cigarettes and smokeless tobacco are "entry fees."
pgNbr=1
o Allow sponsorship and advertising of events only in corporate
name and eliminate use of brand name, logo, symbols or colors in
the sponsorship and advertising of events. Corporate names used
must have been in existence as of January 1, 1995.
o Prohibit cigarette and smokeless tobacco products from using
brand names or trade names of non-tobacco products, such as Harley-
Davidson cigarettes. Existing products will be grandfathered.
o Establish and maintain an annual $150 million educational
campaign (including paid television advertising) funded and
implemented by industry but overseen by Department of Health and
Human Services to counter industry's $6 billidn annual promotion
and advertising efforts.
o Require all cigarette advertising on billboards and in print
advertising to carry label that cigarettes are "nicotine delivery.
devices," and a warning about the health risks of smoking.
Achieving Goal
o More restrictive state laws are not preempted.
o Manufacturers are required to inspect retailers during routine
visits to ensure proper labeling, advertising and distribution of
their products. Manufacturers will remove any violative material.
o General reporting of all advertising and labels to FDA is
required.
How Regulatory Process Works
o Food and Drug Administration publishes a public notice in the
Federal Register and proposes regulatory options.
o Public comment accepted for 90 days.
o Agency considers public comments and issues final regulatory
framework.
o Regulations become effective at date set forth in final
regulations.
###
pgNbr=2
</ot>
</LTDLWOCR>
