<?xml version="1.0" encoding="ISO-8859-1"?>
<LTDLWOCR>
<tid>aaa42d00</tid>
<bt>2063719791</bt>
<!-- Note:br t="m":2063719781/9807-->
<dd>19970328</dd>
<dt>TELE, TELEX</dt>
<dt>MEMO, MEMORANDUM</dt>
<au>CUMMINGS,J</au>
<rc>YATES,M</rc>
<pc>SHASSETZ,S; VANDERPUTTEN,J</pc>
<pc>LBC</pc>
<no>DONNELLEY SHAREFORCE</no>
<!-- Note:co:MDOC, MULTIPLE DOCUMENTS-->
<!-- Note:si:N592-->
<!-- Note:s:BONHOMME,JEANNE/CARLSTADT-->
<ti>DORAL 'PREMIUM GOODS' MAILING</ti>
<pg>1</pg>
<!-- Note:lu:REIL/PRODUCED-->
<!-- Note:dl:20000529-->
<!-- Note:b:DORAL;MISTY; VIRGINIA SLIMS-->
<dl>20020709</dl>
<ot>	Page 7
Comments: 4-page self-mailer with folds. Survey format follows 'Seal Saver Envelope' idea
used in '96 to allow consumer to save pack seals. Copy states that 'to take part in our free
carton offer, we need this...' (Visual of driver's license).	
	Note for Yates, Margaret 2063719789	
From:	Cununings, John	
N
0
Date:	Wed, Mar 26, 1997 5:45 PM	rn
~

Subject:	
Jeanne	V
t+
~

To:	
Lori; Yates
Margaret
Pesso	v
~
	,
,	0
	Any news on Jeanne Eibon? If so, let's hear'the stats!'
Note for Yates, Margaret	
From:
Date:	Cummings, John
Fri, Mar 28, 1997 12:23 PM	
Subject:
To:
Cc:	Doral'Premium Goods' Mailing
Yates, Margaret
Shassetz, Susan (LBC); Vander Putten, James
Competitor Alert #97-23
Brand: Doral
Date Received: 3/19/97
Theme: 'Lots of Free Stuff/Premium Goods'
Recipient: 27 year old female Misty/Virginia Slims smoker/Los Angeles in Doral &amp; Co.
program (6 mailings last five months, 5 Doral, 1 NSS)
Source: Donnelley Shareforce May 1996 survey
Coupons: Buy 2/Get I Free

2x$2.00 off 4 Packs or a Carton	





N



0
	10 Bonus Pack Seal certificate
Premiums: 5 items, short expiration 5/30/97, free carton offer to come later

Survey: No	w
J
N
~
	
Comments: Package features 'Doral &amp; Co. Premium Goods Premium Offer' theme and 'Seal	-4
~
	Saver' envelope. Same smoker received Doral Retail Partner postcard 2 weeks earlier. Heavy
frequency.	r
	Happy Easter!
Note for Yates, Margaret	
From:

Date:	Cummings, John

Mon
Mar 31, 1997 8:59 PM	
N
0


Subject:	,

RE: 1997 Contract	m
cu
~
		~
		10
To:	Yates, Margaret	J
~
		N

pgNbr=1
</ot>
</LTDLWOCR>
