<?xml version="1.0" encoding="ISO-8859-1"?>
<LTDLWOCR>
<tid>aao62c00</tid>
<bt>2077480203A</bt>
<dd>20000320</dd>
<dt>EMAI, E-MAIL</dt>
<au>DEBUTTS,R</au>
<rc>CHAIKIN,K</rc>
<np>HERGE,C</np>
<!-- Note:si:N346-->
<!-- Note:s:CHAIKIN,KAREN/CARLSTADT-->
<ti>TRADEMARK</ti>
<pg>1</pg>
<!-- Note:lu:FEDA/PRODUCED-->
<!-- Note:dl:20021205-->
<dl>20030115</dl>
<ot>-Original Message-----
From: Read deButts [SMTP:rdebutts@wkac.comj
Sent: Monday, March 20, 2000 1:35 PM
To: Karen Chaikin
Subject: Trademark
Karen-
According to Curtis Herge, the trademark "R" with a circle around it can
be placed anywhere outside the logo image. In other words, not within the
UNDER 18, NO TOBACCO, WE CARD logo borders. The size of the R isn't
important and can be driven by design interests. The R ought to be
readable. (There is no size requirement for the R.) I've asked Curtis to
send us a[etter outlining the details of where and when it should
appear. For the purposes of your request, I would proceed by placing a
trademark R on the materials outside the logo.
Please ca[I with questions. Thx.
Read

pgNbr=1
</ot>
</LTDLWOCR>
