<?xml version="1.0" encoding="ISO-8859-1"?>
<LTDLWOCR>
<!-- forcebtag -->
<tid>aaf89e00</tid>
<ti>FILE MEMORANDUM FINAL REPORT COPY OF ONE RALEIGH SUNDAY SUPPLEMENT AD "TRADE-IN" (PROJECT #77-233)</ti>
<dt>MRPT, MARKETING REPORT</dt>
<dt>REPORT</dt>
<dd>19780510</dd>
<au>SCHWAB,PA</au>
<np>X/BUFFALO COURIER EXPRESS;X/SPOKANE SPOKESMAN REVIEW</np>
<!-- Note:b:RALEIGH-->
<!-- Note:br t="o":MRD77233-->
<!-- Note:ci:10004026-->
<!-- Note:rn t="m":H83-->
<pg>2</pg>
<!-- Note:ag:107375-->
<!-- Note:dl:19990326-->
<bt>660104217/4218</bt>
<dl>20020201</dl>
<ot>May 10, 1978
FILE MEN.ORANDUM
'PINAL REPORT
COPY OF ONE RALEIGH
SUNDAY SUPPLEMENT AD
"TRADE-IN"
(PROJECT #{77-223)

SUMMARY AND RECOMMENDATION
The PM6 score for 'Trade-In" (1e4) was comparable to "Friendly
Grocer/2 Packs Free" (1,7) but somewhat Lower than "Good Taste/
Good deal" (4,2). The prnved Recall score for "Trade-In" (11)
was somewhat lower than "Good Taste/Good Deal" (14) and sig-
nificantly lower than "Friendly Grocer/2 Packs Free" (17). Additional research is be_ng conducted to determine the level of
conversion generated by this promotion. If the research proves
favorable, it will be recommended to run this ad. . '
AIGHLIGHTS OF FINDINGS	
Persuasionand Recall	
	.
'	PMG
"Trade-in"	1,4
"Fri.endly Gracer/2Packs Free"*	1.7
"Good Taste/Good Deal"**	4.2
*Ad featured double coupons and	offered
for two Ercc packs of RALE:GH	
Prcved Performance
Recall 'Index
a store redeemable~coupon
**Ad offered 250 off on 3 packs or 50C off on a carton,
4D
N
~
The PE6 score.for "Trade-In" (1,4) was comparable to "Friendly
. Grocer/2 Packs Free" (1,7) but somewhat lower than "Good Taste/
Good Deal" (4.2). The Proved Recall score for "Trade-In" (11)
was scmewhat lower than "Good Taote/Good Deal" (14) and significantly
lower than "Friendly Grocer/2 Packs Free" (17). Although-not shown, "`
there were no significant differences among subgroups, ..
11 ,0015
17 ,0029
14 .0059
pgNbr=1
-Z-
COMMJNICATION
Primary communication _`or "Trade-In" was related to the special
trade-in offer and/or double ccupons (73%).
BACROROLND
One full-page, four-color RaLEiG[3 Sunday Supplerzent Ad, "Trade-
In" was tested in the Buffalo Couricr Express and the Spokane
Spckesman 3eview on November 6, 1977.
This exchange ad consisted of an offer to Competitive smoker.s
of coupon brands to send their coupons to ByW in exchange for
twice as many RALEIGH coupons. In addition, rcapondcnts received
a bo-ms certificate worth 50 doubLe coupons and a store redeemable
coupon for $1.00 off on a carton of RALEIGH.
The aample for this test consisted of 179 smokecs of non-menthol
filter cigarettes, evenly divided by sex.
I P. Ae Schwab
/7J
pgNbr=2
</ot>
</LTDLWOCR>
