<?xml version="1.0" encoding="ISO-8859-1"?>
<LTDLWOCR>
<!-- forcebtag -->
<tid>aaz70d00</tid>
<bt>517754483/4484</bt>
<rc>SELECT PANEL</rc>
<au>NY MALONE; WALBRIDGE C SR</au>
<bx>RJR5315</bx>
<!-- Note:b:WINSTON-->
<dd>19951220</dd>
<dt>CONSUMER LETTER; HANDWRITTEN</dt>
<!-- Note:co:N-->
<!-- Note:dl:20020215-->
<pg>2</pg>
<!-- Note:rn t="m":US COMPREHENSIVE REQUEST 102-->
<!-- Note:sh:20020111-->
<!-- Note:s:EXTERNAL RELATIONS; CONSUMER RELATIONS; 45-04-02-01-->
<ti>I WOULD LIKE TO BE ON YOUR WINSTON SELECT PANEL.</ti>
<dl>20021018</dl>
<ot>51775 4483
.;4 c
.., ~y .~ ~ ,.~ ..
\
I

pgNbr=1
C WALBRIDGE
33 WEST ST
MALONE NY 12953-111J~),,c, r

9. 0. 4w $jilaa8


Q/uuw , ~~
~~,I'f'I' C?,Q~7 6
r
LsA20
~
J
J
Ln
A
P
co
.C~

pgNbr=2
</ot>
</LTDLWOCR>
