<?xml version="1.0" encoding="ISO-8859-1"?>
<LTDLWOCR>
<!-- forcebtag -->
<tid>aad53d00</tid>
<bt>511264095/4096</bt>
<rc>MERRICKS RA;RJR</rc>
<au>STEELE RH;RJR</au>
<bx>RJRC4092</bx>
<!-- Note:b:VANTAGE-->
<pc>REES DC;GREEN CR;PHILLIPS AB;RJR</pc>
<dd>19930122</dd>
<dt>LETTER</dt>
<!-- Note:co:N-->
<!-- Note:dl:19990107-->
<pg>2</pg>
<!-- Note:rn t="m":MINNESOTA 1RFP39;MINNESOTA 1RFP47;1RFP39;1RFP47-->
<!-- Note:sh:19970430-->
<!-- Note:s:R&amp;D;R&amp;D TECH SVCS;PHILLIPS A;ASST MGR-->
<ti>HRRC REVIEW OF DSDK PRODUCTS WITH INCREASED GLYCERIN.</ti>
<!-- Note:tp:BIOLOGICAL ACTIVITY OF CIGARETTES; IN-HOUSE RESEARCH ON SMOKING &amp; HEALTH-->
<dl>20031115</dl>
<ot>RJR
Scientiftc &amp; Regulatory Affairs Division
Interoffice Memorandum
TO: Mr. Robert A. Merricks
FROM: Rhenda H. Steele
DATE: January 22, 1993
SUBJECT: HRRC Review of DSDK Products with Increased Glycerin
DSKS prototypes containing increased concentrations of glycerin are approved
for review by the HRRC for QDA sensory analysis. The objective of the test is to
determine if the addition of glycerin improves the smoking quality (smoothness)
of DSKS material. The cigarettes are 85 mm, filtered products using the H199
Part lI blend with VANTAGE top dressing. DSKS material (30 percent)
containing 3-percent, 10-percent or 20-percent glycerin was added to the H 199
blend. Panelists will smoke four cigarettes per day over a three- or four-day
period, depending on the number of prototypes paneled. A maximum of 26
panelists will be used.
DSKS material is produced using the REST process. Pulp from washed burlcy
stems is reequilibrated with an aqueous extract from cut filler; the extract from
the burley stems is discarded. Scientific &amp; Regulatory Affairs and HRRC have
reviewed and approved cigarette materials prepared using the REST process in
the past.
A review of smoke chemistry data, including nitrosamine data, indicates no
areas of concern for the exposure of this test. Compound concentrations are
within those usually observed in commercial cigarettes, with the exception of
HCN. The range for HCN is approximately 50 to 295 pg per cigarette; the
values for these products, 309 to 320 pg per cigarette. Based on HCN
exposures required to produce symptoms in humans (-20 mg/m3 for several
hours), the HCN levels seen in these prototypes should not produce any
adverse effects in the panelists. The apparent increased HCN levels in DSKS

pgNbr=1
</ot>
</LTDLWOCR>
