<?xml version="1.0" encoding="ISO-8859-1"?>
<LTDLWOCR>
<tid>aam08d00</tid>
<bt>2071490823</bt>
<dd>19970508</dd>
<dt>MEMO, MEMORANDUM</dt>
<au>SULLIVAN,TC</au>
<np>DANGOOR,DER; NELSON,DH; RODRIGUEZ,C</np>
<ca>PHILIP MORRIS</ca>
<cr>PHILIP MORRIS</cr>
<no>PMI, PHILIP MORRIS INTERNATIONAL; PMUSA, PHILIP MORRIS USA</no>
<!-- Note:co:ILLE, ILLEGIBLE-->
<!-- Note:si:N895-->
<!-- Note:s:GREGORY,DEBRA/OFFICE-->
<ti>ORGANIZATION ANNOUNCEMENT NUMBER: PMI-012-97</ti>
<pg>1</pg>
<!-- Note:lu:FEDA/PRODUCED-->
<!-- Note:dl:20011015-->
<dl>20020709</dl>
<ot>FORN 93214 (Rone) � REV. 5/95. Aed Pomy
PHILIP MORRIS
ORGANIZATION
ANNOUNCEMENT
TO: ALL DEPARTMENT HEADS
FROM: TIMOTHY C. SULLIVAN
aA7E
May 8, 1997
ENmv: Philip Morris Intematianal
NUMBER: PMI-012-97
Mr. David E. R. Dangoor is pleased to welcome Mr. Douglas H. Nelson to
Philip Morris International and the Latin America Region today. Doug;
currently Vice President of Northeast Region Sales for Philip Morris USA,
has accepted an assignment with Philip Morris International, and will
assist the Latin American Region as Vice President, Sales Development and
Training reporting to Mr. Cesar Rodriguez, Vice President of. the Tobacco
Category for Latin America.
In this new role, Doug will work with Sales and Marketing executives
throughout the Region to share applicable sales development, promotion,
merchandising, trade programs, and sales training concepts from PM USA.
Doug is well qualified to contribute actively to the Region's sales success
with 13 years at senior levels in PM USA's field sales organization and 29
years with the company. Following an MBA at Dartmouth he joined PM
USA in finance and planning.
Please join us in welcoming Doug onboard, and wishing him all the best in
his new assignment in the Latin America Region.
V-11 E0 FUN"~ ~0
ray � b, 19971
F

pgNbr=1
</ot>
</LTDLWOCR>
