<?xml version="1.0" encoding="ISO-8859-1"?>
<LTDLWOCR>
<tid>aab74a00</tid>
<bt>2057848711/8712</bt>
<dd>19950403</dd>
<dt>LETT, LETTER</dt>
<au>OTERO,BV</au>
<rc>STRELAU,R</rc>
<np>BOGDANICH,W; MARKOW,TJ; MARTIN,J</np>
<ca>HUNTON + WILLIAMS</ca>
<cr>AFF</cr>
<no>AMERICAN BROADCASTING; CIRCUIT COURT RICHMOND</no>
<!-- Note:pa1:2057848709/2057848735&lt;/pa1-->
<fn>2057848690/2057848872/ABC</fn>
<!-- Note:si:R638-->
<!-- Note:s:WILLIAMS,DAVID/FILES-->
<ti>PHILIP MORRIS COMPANIES INC. AND PHILIP MORRIS INCORPORATED V. AMERICAN BROADCASTING COMPANIES, INC., JOHN MARTIN AND WALT BOGDANICH AT LAW NO. 760CL94X00816-00</ti>
<pg>2</pg>
<!-- Note:lu:FEDA/PRODUCED-->
<!-- Note:dl:20040610-->
<dl>20040615</dl>
<ot>ATLANTA, GEORGIA
6RUSSELS.BELGIUM
FAIRFAX, VIRGINIA
KNOXVILLE.TENNESSEE
NEW YORK, NEW YORK
BRIAN V. GTneo
I3.UNTON &amp; WILLIAMS
RlvEasaoxT PiezA,EAST TowEE
951 EAST BYRD STREET
r3ICHMOND, VIEGINIA 2 3 219-4074
TELEPHONE (804) 788-8200
FAC5IMILE (804) 788-8218
Apri13, 1995
BY FACSIMILE
Mr. Robert Strelau
AFF, Inc.
1265 Kennestone Circle
Marietta, GA 30066
Fax: 404-427-0964
Dear Dr. Strelau:
Philip Morris Companies Inc. and
Philip Morris Incorporated v.
American Broadcasting Companies, Inc.,
John Martin and Walt Bogdanich
At Law No. 760CL94X00816-00
NORFOLK, VIRGINIA
RALEIGH, NORTH CAROLINA
WARSAW,POIAND
WASNINGTON. D. C-
Fns No.: 48881.2
DmsUr Dul. No.: (804) 788-8683
I write as counsel for Philip Morris. As you may know, Philip Morris has sued ABC
for defamation, based on ABCs broadcast of allegations that Philip Morris "spikes" its
cigarettes with nicotine. The case was filed and is pending in the Circuit Court for the City
of Richmond, Virginia. Philip Morris has been ordered by the Judge presiding over the case
to produce to ABC documents containing information about any flavors supplied by your
company (and others) for use by Philip Morris in cigarettes sold in the United States
between January 1, 1962 and March 24, 1994. Although Philip Morris has objected to
ABCs discovery, we have no choice but to comply with the Order, which was entered by
Judge T. J. Markow on March 23, 1995. We intend to produce the flavor documents on
April 10, 1995.
Philip Morris is mindful of the competitive sensitivity of the flavor information it
must produce to ABC. Hence, documents describing your company's flavor or flavors will
be produced under a designation of "trade secret," pursuant to the terms of a Protective
Order entered by Judge Markow on December 1, 1994, a copy of which is enclosed. The
Protective Order substantially restricts the use of documents designated as'Itrade secret."
I

pgNbr=1
ULTNTON Se WILLIASSS
Dr. Robert Strelau - 2- April 3, 1995
We also intend to redact from the documents trade secret quantitative information regarding
the composition of the flavors, in order to protect your and our competitive interests. As
such, although ABC will be able to identify the ingredients in a flavor, we think the
redactions should prevent anyone viewing the documents from being able to reconstruct the
flavor "recipe," and hence the actual flavor.
I recognize that you have concerns for the secrecy of your flavors. We certainly
would like to avoid producing the flavor documents. However, having failed to prevail on
our objections, we must now comply with the Court's Order. I hope the protective measures
outlined above allay your concerns for the security of the information contained in the
responsive documents.
Please call me if you wish to discuss these matters.
Your s' er



Brian V. Otero
BVO/bbb
Enclosure

pgNbr=2
</ot>
</LTDLWOCR>
