<?xml version="1.0" encoding="ISO-8859-1"?>
<LTDLWOCR>
<!-- forcebtag -->
<tid>aan51a00</tid>
<ti>Rothmans - Stem Building</ti>
<dt>Letter</dt>
<dd>19820331</dd>
<au>Jackson-PA, Gill Jennings</au>
<rc>Edge-GD, Gallaher Limited</rc>
<!-- Note:co:Marginalia-->
<!-- Note:ci:10004026-->
<!-- Note:rn t="m":5-->
<pg>1</pg>
<!-- Note:od:Yes-->
<!-- Note:dl:19990524-->
<bt>950789195</bt>
<!-- Note:br t="a":ATX02 0249934/ATX02 0249934-->
<dl>20020201</dl>
<ot>!
i
Gill Jennings &amp; Every
Chartered Patent Agents
European Patent Attorneys
53 to 64 Chancery Lane . London - WC2A 1 HN
Tolox 22765 Gilpat G Fax Iniotec 6200 01 -405 0124
Telephone 01-405 7764 TaleOrams &amp; Cables Gillpatoco London
and ar
Saxonbury House . High St . Wanstead. London. Et 1 1 QQ
Z ex 22765 Gilpet G ' Fax In(otoc 6200 01 405 0124
aphons 01-888 0071 Telegrams &amp; Cablas GiLLpateca London
Please reply to Saxonbury House.
G. D. Edge, Esq.,
Recelva'd
.
Gallaher Limited,
65 Kingsway,	
- I AP?? 1987
London, WC2B 6TG.	F rU'k;e:n5 D'EYf:.
l:ant,b~~a:
Dear Geoff,
Rothmans - Stem Shredding
I enclose a copy of the report which I have received
from the European Patent Office on the search which they
carried out to test the novelty of the Rothmans 2,078,085.
You will see that the only document cited under category
X, that is as being particularly relevant, is U.S. 3,204,641,
about which we are already excited. I am glad that my con-
fidence in the EPO search has been justified:
The other cited documents are of less importance&gt; U.S.
4,094,323 is of course the ABI specification. U.S. 3,690,328
corresponds to British 1,284,795 and is the AMF specification
which we have previously considered.
I enclose copies of French 2,388,512 and 2,373,239,
together with a copy of British 1,601,920, which corresponds
to 2,388,512. The International Family Patent Indexes do not
indicate any English language equivalent of 2,373,239. Neither
of these French specifications appears to be of particular
relevance and this is consistent with their having been cited
under category A.
German 2,731,931 is presently out of the British Patent
Office Library away at the binders and the International Patent
Family Indexes do not list any equivalent in another country.
I have therefore ordered urgently a copy of the specification
from Germany, although I doubt whether it will be as relevant
as 3,204,641.
As I have to pay a significant disbursement to the EPO
for their search, I am taking the opportunity of enclosing a
debit note. -
Encs.
Also at:-
i v~-
P. A. Jackson
08000 MUNCHEN 2,-Isartorplatr 5 Talephona: 22 43 53.
and Sweelinckplein 1, DEN HAAG.
GUY K JENNINGS	J H DUNLOP L C ABBOTT
ROY A JENNINGS	P A JACKSON P R B LAWRENCE
S N RACKHAM	M J BRUNNER R E PERRY
SAGEORGE	MEGOODANEW	MVGORDON
Accounts L K DOLTON Patent Recards L J POORE
Trade Marks	S COHEN R A BLUM D W J CASTLE
Our Ref.	PAJ/JH
Your Ref.	GDE/DL
Date	31st March, 1982.
Telex: 528226 ASGJM D.
It
V
W
r
ATX02 0249934
pgNbr=1
</ot>
</LTDLWOCR>
