<?xml version="1.0" encoding="ISO-8859-1"?>
<LTDLWOCR>
<tid>aau66e00</tid>
<bt>2045982941</bt>
<dd>19950300/E</dd>
<dt>TABS, TAB PAGES, BLANK PAGE</dt>
<!-- Note:co: NAME, NAME;  -->
<fn>2045982668/2045983104/PHILIP MORRIS COMPANIES INC. MANAGEMENT BRIEFING BOOK ANNUAL SHAREHOLDERS MEETING 950427</fn>
<!-- Note:si:N352-->
<!-- Note:s:DEGYSSER,SIW/CARLSTADT-->
<ti>HUMAN RESOURCES</ti>
<pg>1</pg>
<!-- Note:rn t="m":STMN/R1-004; STMN/R1-020-->
<!-- Note:lu:STMN/PRODUCED-->
<!-- Note:dl:19980605-->
<dl>20020201</dl>
<ot>HUMAN RESOURCES
2045982941 1
pgNbr=1
</ot>
</LTDLWOCR>
