<?xml version="1.0" encoding="ISO-8859-1"?>
<LTDLWOCR>
<tid>aar38e00</tid>
<bt>1000855170/5171</bt>
<!-- Note:br t="o":CFNC6902460-->
<dd>19691017</dd>
<dt>MEMO, MEMORANDUM</dt>
<au>CHARLES,JL</au>
<rc>CLAFLIN,WE</rc>
<pc>KUHN,WF; OSMALOV,JS; WATSON,DC; WILL,F</pc>
<no>ECUSTA PAPER</no>
<!-- Note:si:R100-->
<!-- Note:s:CENTRAL FILES/DATABASE CORRESPONDENCE-->
<ti>ECUSTA AND PITTSBURGH HCN SELECTIVE FILTER MATERIALS</ti>
<pg>2</pg>
<!-- Note:rn t="m":STMN/R1-137-->
<!-- Note:lu:STMN/PRODUCED-->
<!-- Note:dl:19980605-->
<dl>20020201</dl>
<ot>Mr. Warren E. Claflin October 17, 1969
J. L. Charles
$
SUBJECT: Ecusta and Pittsb~urgh HCN Selective Filter Materials
submitted for identification of HCN seTective additive were
The samples of Ecusta paper filters and Pittsburgh carbon
analyzed in the following~ manner.
treated Pittsburgh carbon had copper present while the untreated
carbon1was negative for copper. Atomic absorption spectroscopy was
paper. The untreated Ecusta,paper was negative for sodium. The
r
Qualitative examinatilon of materials by emission spectroscopy
indicated the presence of sodium in treated Ecusta paper and carbon.4
'used to quantify these observations.

Qualitative infrared analyses of water, 2-propanol and n-hexane
extracts of all materials gave the following information. .
1. Ecusta paper fillter extract contained an organic sulfate which
3.
4.
was ultimately attributed to the paper making process.
chloride.
Ecusta carbon paper filter contained an inorganic carbonate.
Ecusta untreated carbon paper containe6an inorganic sulfate.
Treated Pittsburgh carbor was strongly suggestive of ammonium
. Untreated Pittsburgh carbon was suggestive of an inorganic
sulfate.
Quantitative analyses were indicated by the above conclusions
.and by your reference to HCN'selective additives in the patent
literature. The following results were obtained.	
Sam le	Code	% Na	%CO3	%HCO3
Treated Ecusta Paper	F9IC	0.92	1.7	0.40
Treated Ecusta Carbon Paper	F9ID	1.8	4.2	2.2
Untreated Ecusta Carbon Paper	F9IF	0.02	---	---
TreatediPittsburgh Carbon
Untreated Pittsburgh Carbon	F91E
F9IG			
C69-02460

% Cu %So,.
,
1.1 0.78
&lt; 0.01 0.15
pgNbr=1
Mr: W'arren C1aflin 2
October 17, 1969
The treated Ecusta paper and carbon paper appear to contain
sodium carbonate or bi~carbonate as the add'litive. This is compatible
with the patent literature. Calcium and potassium analyses on
these samples were not helpful in establishing a charge balance.
The proportions of Na, C03= and,MC03- are such that we cannot make
a more definitive statement regarding the composition of the .-
add'i ti ve.
,
The treated Pittsburgh carbon appears to contain copper sulfate as
the additive.
JLC:rab
cc:	Dr.	F.	Will
	Mr.
Mr.
Mr.	J.
W'.
D.	S.
F.
C.	Osmalov
Kuhn
Watson
pgNbr=2
</ot>
</LTDLWOCR>
