<?xml version="1.0" encoding="ISO-8859-1"?>
<LTDLWOCR>
<tid>aab97e00</tid>
<bt>1003202480</bt>
<!-- Note:br t="m":1003202479/2481-->
<dd>19820000/E</dd>
<dt>OUTL, OUTLINE</dt>
<!-- Note:co:MARG, MARGINALIA-->
<fn>1003202420/1003202586/OVERHEAD BUDGET ANALYSIS</fn>
<!-- Note:si:R6-->
<!-- Note:s:CHARLES,JIM/OLD OFFICE-->
<ti>FOUR PART OVERHEAD ANALYSIS</ti>
<pg>1</pg>
<!-- Note:rn t="m":STMN/R1-137-->
<!-- Note:lu:STMN/PRODUCED-->
<!-- Note:dl:19980605-->
<dl>20020201</dl>
<ot>C.
E.
r
PRIMARY OBJECTIVES WITHIN COST CENTER
ALLOCATED PERSONNEL
% ABLE TO ACCOMPLISH" ;
CURRENT BUDGETED POSITION SECTION'
# IN POSITION
MEASUREMENT
.w�
D. OBJECTIVE/TIME ALLOCATION
MAJOR TASK/RESPONSIBILITY
. CALCULATION OF ALLOCATED PERSONNEL
IV. . ORGANIZATIONAL CHART--1982
CONTROLLABLE EXPENSE ELEMENTS
FOUR PART'OVfRHEAD ANALYSIS
OBJECTIVES
.~ C.
Y ti i
II. " USER/'RISK
A. .'OBJECTIVE SECTION
. RECEIVER OF OBJECTIVE SECTION
RISK OF REDUCTION/DELETION
POSITION ANALYSIS
A.
RENTALS
SEMINAR EXPENSE (REGISTRATION FEES)
PROFESSIONAL/CONSULTANT SERVICES
PURCHASED SERVICES
. TEMPORARY HELP
a
pgNbr=1
</ot>
</LTDLWOCR>
