<?xml version="1.0" encoding="ISO-8859-1"?>
<LTDLWOCR>
<!-- forcebtag -->
<tid>aat86d00</tid>
<bt>TCAL0314917</bt>
<np>AGUIAR F # CA ASSEMBLY; ALLEN D # CA ASSEMBLY; ALPERT D # CA ASSEMBLY; ANDAL D # CA ASSEMBLY; ARCHIEHUDSON M # CA ASSEMBLY; AREIAS R # CA ASSEMBLY; BACA J # CA ASSEMBLY; BATES T # CA ASSEMBLY; BOLAND P # CA ASSEMBLY; BORNSTEIN J # CA ASSEMBLY; BOWEN D # CA ASSEMBLY; BOWLER L # CA ASSEMBLY; BRONSHVAG V # CA ASSEMBLY; BRONZAN B # CA ASSEMBLY; BROWN V # CA ASSEMBLY; BROWN W # CA ASSEMBLY; BRULTE J # CA ASSEMBLY; BURTON J # CA ASSEMBLY; CALDERA L # CA ASSEMBLY; CAMPBELL R # CA ASSEMBLY; CANNELLA S # CA ASSEMBLY; COLLINS B # CA ASSEMBLY; CONNOLLY T # CA ASSEMBLY; CONROY M # CA ASSEMBLY; CORTESE D # CA ASSEMBLY; COSTA J # CA ASSEMBLY; EASTIN D # CA ASSEMBLY; EPPLE B # CA ASSEMBLY; ESCUTIA M # CA ASSEMBLY; FARR S # CA ASSEMBLY; FERGUSON G # CA ASSEMBLY; FRAZEE R # CA ASSEMBLY; FRIEDMAN B # CA ASSEMBLY; FRIEDMAN T # CA ASSEMBLY; GOLDSMITH J # CA ASSEMBLY; GOTCH M # CA ASSEMBLY; HANNIGAN T # CA ASSEMBLY; HARVEY T # CA ASSEMBLY; HAUSER D # CA ASSEMBLY; HAYNES R # CA ASSEMBLY; HOGE B # CA ASSEMBLY; HONEYCUTT K # CA ASSEMBLY; HORCHER P # CA ASSEMBLY; ISENBERG P # CA ASSEMBLY; JOHNSON R # CA ASSEMBLY; JONES B # CA ASSEMBLY; KARNETTE B # CA ASSEMBLY; KATZ R # CA ASSEMBLY; KLEHS J # CA ASSEMBLY; KNIGHT W # CA ASSEMBLY; KNOWLES D # CA ASSEMBLY; LEE B # CA ASSEMBLY; MARGOLIN B # CA ASSEMBLY; MARTINEZ D # CA ASSEMBLY; MCDONALD J # CA ASSEMBLY; MOORE G # CA ASSEMBLY; MORROW B # CA ASSEMBLY; MOUNTJOY R # CA ASSEMBLY; MURRAY W # CA ASSEMBLY; NAPOLITANO G # CA ASSEMBLY; NOLAN P # CA ASSEMBLY; OCONNELL J # CA ASSEMBLY; PEACE S # CA ASSEMBLY; POLANCO R # CA ASSEMBLY; PRINGLE C # CA ASSEMBLY; QUACKENBUSH C # CA ASSEMBLY; RAINEY R # CA ASSEMBLY; RICHTER B # CA ASSEMBLY; SEASTRAND A # CA ASSEMBLY; SHER B # CA ASSEMBLY; SNYDER M # CA ASSEMBLY; SOLIS H # CA ASSEMBLY; SPEIER J # CA ASSEMBLY; STATHAM S # CA ASSEMBLY; TAKASUGI N # CA ASSEMBLY; TUCKER C # CA ASSEMBLY; UMBERG T # CA ASSEMBLY; VASCONCELLOS J # CA ASSEMBLY; WEGGELAND T # CA ASSEMBLY; WOODRUFF P # CA ASSEMBLY</np>
<dd>19940000</dd>
<dt>LIST</dt>
<ti>1993-94 ASSEMBLY MEMBERSHIP</ti>
<!-- Note:rn t="m":PECHANGA RFP-60-->
<bx>277</bx>
<!-- Note:dp:11/07/2000-->
<pg>1</pg>
<!-- Note:s:TI STORAGE BOX 7253-->
<!-- Note:cn:PECHANGA-->
<!-- Note:dl:20010124-->
<dl>20020925</dl>
<ot>1993-94 ASSEMBLY MEMBERSHIP
MEMBER
AGUIAR, FRED (R)	DIST.
61st	MEMBER
HOGE, BILL (R)	DIST.
44th
ALLEN, DORIS (R)	67th	HONEYCUTT, KATHLEEN M. (R)	34th
ALPERT, DEDE (D)	78th	HORCHER, PAUL V. (R)	60th
ANDAL, DEAN (R)	17th	ISENBERG, PHILLIP (D)	9th
ARCHIE-HUDSON, MARGUERITE (D)	48th	JOHNSON, ROSS (R)	72th
AREIAS, RUSTY (D)	28th	JONES, BILL (R)	29th
BACA, JOE (D)	62nd	KARNETTE, BETTY (D)	54th
BATES, TOM (D)	14th	KATZ, RICHARD (D)	39th
BOLAND, PAULA (R)	38th	KLEHS, JOHAN (D)	18th
BORNSTEIN, JULIE (D)	80th	KNIGHT,WILLIAM J.(PETE)(R)	36th
BOWEN, DEBRA (D)
BOWLER, LARRY (R)	53rd
10th	KNOWLES, DAVID (R)
LEE, BARBARA (D)	4th
16th
BRONSHVAG, VIVIEN (D)	6th	MARGOLIN, BURT (D)	42nd
BRONZAN, BRUCE (D)	31st	MARTINEZ, DIANE (D)	49th
BROWN, VALERIE (D)	7th	McDONALD, JUANITA M. (D)	55th
BROWN, WILLIE L., JR. (D)	13th	MOORE, GWEN (D)	47th
BRULTE, JAMES L. (R)	63rd	MORROW, BILL (R)	73rd
BURTON, JOHN L. (D)	12th	MOUNTJOY, RICHARD (R)	59th
CALDERA, LOUIS (D)	46th	MURRAY, WILLARD (D)	52nd
CAMPBELL, ROBERT (D)	llth	NAPOLITANO, GRACE M. (D)	58th
CANNELLA, SAL (D)	26th	NOLAN, PAT (R)	43rd
COLLINS, B.T. (R)	5th	O'CONNELL, JACK (D)	35th
CONNOLLY, TOM (D)	77th	PEACE, STEVE (D)	79th
CONROY, MICKEY (R)	71st	POLANCO, RICHARD (D)	45th
CORTESE, DOMINIC L. (D)	23rd	PRINGLE, CURT (R)	68th
COSTA, JIM (D)	30th	QUACKENBUSH, CHARLES W. (R)	24th
EASTIN, DELAINE (D)	20th	RAINEY, RICHARD K.(R )	15th
EPPLE, BOB (D)
ESCUTIA, MARTHA M. (D)	56th
50th	RICHTER, BERNIE (R)
SEASTRAND, ANDREA (R )	3rd
33rd
FARR,- SAM (D)	27th	SHER, BYRON D. (D)	21st
FERGUSON, GIL (R)	70th	SNYDER, MARGARET E. (D)	25th
FRAZEE, ROBERT C. (R)	74th	SOLIS, HILDA L. (D)	57th
FRIEDMAN, BARBARA (D)	40th	SPEIER, JACKIE (D)	19th
FRIEDMAN, TERRY B. (D)
GOLDSMITH, JAN (R)	41s'-~
75th	STATHAM, STAN (R)
TAKASUGI, NAO (R)	2nd
37th
GOTCH, MIKE (D)
HANNIGAN, TOM (D)	76th
Bth	TUCKER, CURTIS R., JR. (D) 51st
UMBERG, TOM (D) 69th
HARVEY, TRICE (R)	32nd	VASCONCELLOS, JOHN (D) 22nd
HAUSER, DAN (D)	Ist	WEGGELAND, TED (R) 64th
HAYNES, RAY (R)	66th	WOODRUFF, PAUL (R) 65th
TCAL0314917
pgNbr=1
</ot>
</LTDLWOCR>
