<?xml version="1.0" encoding="ISO-8859-1"?>
<LTDLWOCR>
<tid>aao14c00</tid>
<bt>2080605562</bt>
<!-- Note:br t="m":2080605562/5562B-->
<dd>19991006</dd>
<dt>EMAI, E-MAIL</dt>
<au>MANCUSO,MM</au>
<rc>GRAGG,RS; MULLIGAN,K</rc>
<pc>MATTERA,EA; SAULO,C; VICHICH,EJ</pc>
<np>MULLIGAN,K</np>
<no>BLAIR; DLB; PM</no>
<fn>2080605553/2080605567/RANCH 990000 CORRESPONDENCE</fn>
<!-- Note:si:N379-->
<!-- Note:s:MULLIGAN,KATHY/STORED FILES-->
<ti>RE: HUNGARIAN WITHHOLDING?</ti>
<pg>1</pg>
<!-- Note:lu:FEDA/PRODUCED-->
<!-- Note:dl:20021101-->
<dl>20021209</dl>
<ot>2080605562
Mulligan, KatMeen
From: Mancuso, Mike M.
Sent: Wednesday, October 06, 1999 2:31 PM
To: Gragg, Ron S.; Mulligan, Kathleen
Cc: Saulo, Cris; Mattera, Elisa A.; Vichich, Ed J.
Subject: RE: Hungarian Withholding ?
Kathy has the story straight .............the tax people from DLB brought the "treaty" scenario into play.
1. Payment has not yet been made to the winner
2. I just need some firm direction before we cut a check.
3. Can I have someone from Blair speak to someone from PM? If so who?
If there is anything else I can tell you let me know.
Mike

pgNbr=1
</ot>
</LTDLWOCR>
