<?xml version="1.0" encoding="ISO-8859-1"?>
<LTDLWOCR>
<tid>aae23e00</tid>
<bt>2058502872</bt>
<!-- Note:br t="o":AAVS847-B4-->
<dd>19920000/E</dd>
<dt>ADVE, ADVERTISEMENT</dt>
<dt>FORM, FORM</dt>
<np>CARL,T; FIZDALE,M; GRAF; NAVRATILOVA; NEWSOME,E; SABATINI; SELES; SURGEON GENERAL</np>
<no>FTC, FEDERAL TRADE COMMISSION; KONICA; LEO, LEO BURNETT AGENCY; PENSKE CADILLAC; RTL PLUS</no>
<!-- Note:co:BLAN, BLANK-->
<!-- Note:si:N1-->
<!-- Note:s:ADVERTISING ARCHIVE-->
<ti>VIRGINIA SLIMS THREE MILLION DOLLAR CHAMPIONSHIPS 001112 001118 GRAF NAVRATILOVA SELES SABATINI ALONG WITH THE OTHER TOP FEMALE SINGLES AND DOUBLES PLAYERS.</ti>
<pg>1</pg>
<!-- Note:lu:STMN/PRODUCED-->
<!-- Note:dl:19990311-->
<!-- Note:b:VIRGINIA SLIMS-->
<dl>20020201</dl>
<ot>VIR6INIA SLIMS
THREE MILLION DOLLAR
CHAMPiONSHiPS
NOVEMBER 12-18
GRAF
NAVRATILOVA
SELES
SABATINI
Along with the other top female singles and doubles players.
. madison square garden EOPTICNfTiNfORMATIOBCA,LL
. a Pa.amwn~ Ca,,,a,.,k ena Canp.nY
PRPTICIPATINGSPONSORS PENSKE CADILLAC
RTL PLUS-GERMAN TY
KONICA CAMERAS &amp; FILM
. 5P21WRF0�.
.' . VIRGINfA SUMS CIGARYlTES. -
(212) 465-6500
a.k.Aadl.. .
. f2t3T3o7~ritt
SURGEON GENERACS WARNING: Ouiniag SmoNuig
Now Gieady Raduces Setious Risks ta Your Realth.

. umi~..wt.~naas~'ivu.asa~narew.n.qrie.e.a.
LEb aepMllT
. Jd9INiOPAUTION
ntlNU.._..-._._Fel NO
aana
vm~k.s~iss,..

,+~ce.~~ AACo

2058502872
pgNbr=1
</ot>
</LTDLWOCR>
