<?xml version="1.0" encoding="ISO-8859-1"?>
<LTDLWOCR>
<tid>aad41c00</tid>
<bt>2085754049B</bt>
<!-- Note:br t="m":2085754049/4049C-->
<dd>20011112</dd>
<dt>EMAI, E-MAIL</dt>
<au>HOEL,J</au>
<rc>SUTTON,J; TURNER,H</rc>
<np>TURNER,H</np>
<no>PALM</no>
<!-- Note:si:W16-->
<!-- Note:s:HOEL,JOHN/OFFICE-->
<ti>RE: THE PALM ONLY TAKES RESERVATIONS FOR 4 PERSONS AND UP. IF YOU COME IN W/3, YOU'LL HAVE TO SIT AT BAR MAYBE 15 - 20 MINUTES???</ti>
<pg>1</pg>
<!-- Note:lu:FEDA/PRODUCED-->
<!-- Note:dl:20030107-->
<dl>20030215</dl>
<ot>	lJ
O
	00
~
J
-----Original Message-----	~
	~
From:	Hoel, John O
Sent:	2001 5:01 PM ~
Monday
November 12
	,
,
~
To:	Sutton, Joann (SGA); Turner, Henry
Subject:	RE: The Palm only takes reservadons for 4 persons and up. If you come in w/3, you'll have to sit at bar maybe 15-20 minutes??? ~
Make it for four. Henry, find a fourth.

pgNbr=1
</ot>
</LTDLWOCR>
