<?xml version="1.0" encoding="ISO-8859-1"?>
<LTDLWOCR>
<tid>aai71e00</tid>
<bt>03662679</bt>
<dd>19740213/E</dd>
<dt>LETT, LETTER</dt>
<!-- Note:si:N14-->
<!-- Note:s:LEGAL DEPT FILE ROOM-->
<ti>DUP OF ID 03662665</ti>
<pg>1</pg>
<!-- Note:rn t="m":R1-004; R1-057; R1-058; R1-129; R1-132-->
<!-- Note:lu:STMN/PRODUCED-->
<!-- Note:dl:19980605-->
<dl>20020201</dl>
<ot>r
BIO-13ESEAI3CH CONSULTANTS, nrrc.
- C O N S~ U iETA.T il O N
RESEARCH D.E~~VELOPMEN?
F. HOM.BURGER, M..D.,.Direetor 9 COMMERCIAL AVENUE'P. BERNFELD, Ph, D.,Direaonol.Resaaroh CAMBRIDGE, MASSACHUSETTS 0�Id.i
(617) 8 64-8735.
Mr. Curtis H. Judge, President
Lorillard Corporation
200 East 42nd Street'
New York, New York 10017,
Dear Mr. Judge:
The enclosed letter to Dr. William U. Gardner deals with a recent
decision of the Council for Tobacco Research, Ui. S. A. to discontinue
our studies on cancer of the larynx induced in hamsters by experi'-
mental reference cigarett'~e smoke rather than to carry on the studies:
to demonstrate the likely absence cf carcinogenic effects from modern
cigarettes. This decision taken at the time when a feasibility study
est'~ablished the validity of our method is incomprehensible to us.
You may be interested in the background of this matter, especially
since we are convinced that we have developed a new method which
could be helpful'l to the industry and the pot~ential of which escapes
the scientific board $f CTR. I am sending you a copy of my letter to
Dr. Gardner because I feel that those who have contributed the nearly
one million d'ollars which has been spent on the development of! our
inhalation method may wish to see this method used now that it has
shown the possibility of indlicing cancer of the airway in a small ex-
periment'~a1 animal.
As to the data, our complete report has been submitte&amp;to CTR and
we shall gladly send you a copy on request. Please do not hesitate
to callor visit us f'or any further information you may wish.
/~ddy Homburger, ." DL/
President and Direct'or	
	~
FH:jkk	~
	~
encl.	
~
	~ ~_
pgNbr=1
</ot>
</LTDLWOCR>
