<?xml version="1.0" encoding="ISO-8859-1"?>
<LTDLWOCR>
<tid>aam92e00</tid>
<bt>2048526021</bt>
<dd>19891200/E</dd>
<dt>ADCO, ADVERTISING COPY</dt>
<!-- Note:pa1:2048526021/2048526024&lt;/pa1-->
<!-- Note:si:N124-->
<!-- Note:s:MARKET RESEARCH/FTC COLLECTION 1990-91-->
<ti>ENTER THE VIRGINIA SLIMS DRIVES YOU WILD SWEEPSTAKES.</ti>
<pg>1</pg>
<!-- Note:rn t="m":STMN/R2-039-->
<!-- Note:lu:STMN/PRODUCED-->
<!-- Note:dl:19980605-->
<!-- Note:b:VIRGINIA SLIMS-->
<dl>20020201</dl>
<ot>ISD1V1JdAIA1S 41!M lH/AJAA1tlU
SWIlS VNI1IAaHu IIIMEI
20 4s5,~2i
pgNbr=1
</ot>
</LTDLWOCR>
