<?xml version="1.0" encoding="ISO-8859-1"?>
<LTDLWOCR>
<!-- forcebtag -->
<tid>aaf34f00</tid>
<ti>"Tar" And Carbon Monoxide In Smoke Of Competitive Brands</ti>
<dt>Memo</dt>
<dt>Correspondence</dt>
<dd>19791005</dd>
<au>Pinion-DO</au>
<rc>Schatzberg-MB</rc>
<pc>RSS;RMI;RDC;EPB;ECC;PRC;RBN;RCB</pc>
<np>ODL;RJ Reynolds;Brown &amp; Williamson;P Lorillard;Philip Morris;Liggett Group</np>
<!-- Note:b:Winston Lights 85 s;Winston Long Lights;Salem Lights;Vantage Ultra Lights;Camel Lights;Doral II;Now;Kool Super Lights 85 s;Viceroy Rich Lights;Raleigh Lights;Belair;Marlboro Lights 85 s;Benson &amp; Hedges Multi-Filter;Benson &amp; Hedges 100 s Lights;Benson &amp; Hedges 70 s;Merit 85 s;Merit 100 s;Virginia Slims;L&amp;M Lights;Lark II;Eve 100 s;Decade;Kent 85 s;Golden Lights 85 s;Golden Lights 100 s;True 85 s;True 100 s;Newport King;Kent III 85 s;Kent III 100 s;Triumph-->
<!-- Note:co:Marginalia-->
<!-- Note:ci:10004026-->
<!-- Note:rn t="m":130-->
<pg>1</pg>
<!-- Note:ag:60336184-->
<!-- Note:dl:19981123-->
<bt>962013886</bt>
<!-- Note:br t="a":MNAT00737715/MNAT00737715-->
<dl>20020201</dl>
<ot>C gt- - ATC 6 Comp
Smoke Analyses - Gen
October 5, 1979 .
. Mrs. Margaret B. Schatzberg Da11aeO. Pinion "Tar" and Carbon Monoxide in Smoke of Competitive Brands
"Tar" and carbon monoxide are to be determined on cigarettes
listed below according to manufacturer. Since separate carbon
monoxide and "tar" determinations are made on each sample of
cigarettes, 200 cigarettes of each brand are to be conditioned
and random cigarettes selected in the number required for each
analysis. Remaining cigarettes should be saved for any addi-
tional testing.
R. J. Reynolds
Winston Lights 85's
Winston Long Lights
Salem Lights
Vantage Ultra Lights
Camel.Lights .
Doral II
Now
Drown &amp; Williamson Kool Super Lights 85's
Viceroy Rich Lights
Raleigh Lights
Belair
_ Philip Morris Marlboro Lights 85's
Benson &amp; Hedges Multi-Filter Benson &amp; Hedges 100's Lights
Benson &amp; Hedges 70's -
Merit 85's Merit 100'e
Virginia Slims
Liqgett Group . Lorillard
L&amp;M Lights Kent 85's Lark II Golden Lights 85's
Eve 100's Golden Lights 100's
Decade True S5's
True 100's
Newport King
- . Kent III 85's
- Kent III 100's
Triumph
ODL
co: RSS, RMI, RDC/EPB, ECC,. PRC, RBN, RCB

pgNbr=1
</ot>
</LTDLWOCR>
