<?xml version="1.0" encoding="ISO-8859-1"?>
<LTDLWOCR>
<tid>aai81e00</tid>
<bt>03537722/7724</bt>
<dd>19780504</dd>
<dt>LETT, LETTER</dt>
<au>KORNEGAY,HR</au>
<rc>FLAVIN,JB</rc>
<np>CALIFANO,J; GORI,GB; RHOADES,J; WYNDER,E</np>
<cr>SINGER</cr>
<no>AHF, AMERICAN HEALTH FOUNDATION; FEDERAL AVIATION ADMINISTRATION; HARVARD; HEW, DEPT OF HEALTH EDUCATION AND WELFARE; NATL CANCER ADVISORY BOARD; NCI, NATL CANCER INST; TI, TOBACCO INST; UCLA; WA UNIV</no>
<fn>03537669/03537838/TOBACCO INSTITUTE 78.</fn>
<!-- Note:si:N13-->
<!-- Note:s:JUDGE/CONFERENCE ROOM CLOSET-->
<pg>3</pg>
<!-- Note:rn t="m":R1-004; R1-037; R1-042; R1-059-->
<!-- Note:lu:STMN/PRODUCED-->
<!-- Note:dl:19980605-->
<dl>20020201</dl>
<ot>Maly~ 4, 1'9,78'.
Mr. Joseph B. Flavin
Singer C'ompany
30 Rockefeller Plaza,
New York, NY 10IG20'
Dear Mr. Flavin:
As a leader of American industry, you may have received
recently a letter from Mr., Joseph Califano, Secretary of Health,
Education, and Welfare. Inihis letter, Mr. Cailifano discussed
his anti-smoking program and the internal restrictive guideliness
on smoking within HEW buildlings and facilities., The tobacco
industry is deeply concerned':by Secretary Calif'ano's proposed
anti-smoking, initiativeand~ believes, that his programi isun-
justifiedl, both scientifically and as public policy.
Since this is a very complex and significant topic, I feel
it appropriate to state the tobacco industry's position on these
matters.
The industry has been and remains concerned:labout the
critical questions relating to:smoking, and health.
During the past quarter century, the industry has supported~
independent scientific research with completely: non-restrictive
funding. The total has now reached more than,$7'0 million,
including 619 grants and contracts in 243 medi!cal schools,
hospitals and other institutions. The industry h~as funded muSti-
million-dollar projects at Washingiton University in St. Louis,,
the Harvard Medlical School andl the UCLA School of Med ic ine .
It is unfortunate that Secretary Califano has built hise initiative on alseries of factual inaccuracies and' scienitifi-
cally unsupportable figures and estimates,
.
He madle an unfounded~ claim, that last year smoking was a
ranging
"'major factor" in more than 300,000 deaths from diseasesg
from heart disease to cancer of the bladder. This 3,0'0,000
figure has been used so often during the past dozen years that
few people remember that it hado no scientific basis when first
made up in 1963' and still has no basis today.
In his letter, Secretary Califano also stated that smoking
adds between $5-7 billion annually to health care bills and
pgNbr=1
r
Page 2
costs between $'12-T8 billion in 1ost productivity, foregonee
wages and absenteeism. When statements such as these are
subjiected to close scrutiny, however, the factual bases become
as elusive as that for the "300,000 deaths" statement.
Responsible debate on the smoking and healthiissue is not
served by this careless misuse of unfounded and unsupportable
scare figures.,
Nevertheless, Secretary Califano is seeking anti-smoking
guidelines in 10,000 government buildings in order to protect
the health of Federal employees, and is asking private employers
to take similar steps..
It has not been shown that the health of'rederal employees,
or for that matter any other woraers, is being har:ned by their
associates" smoking. A recent symposium on the topic of smoking
in the workplace concluded that no healthihazard from second-hand'
smokehad~ been shoum.
Secretary Califano's coercive prog,ram,, which purportedly
protects non-smokers from exposure to tobaccols.:noke, theref'ore,,
cannot be justified on t.he premise that smoking is hazardous to
non-s:nokers. It has not been scientifically established that
smoking causes d isease in non-smokers. Even some of the mostt
outspoken opponents of smoking have said that smoking has not
been shown to be ai ha zard! to non-smokers.
Dr. Jonathan Rhoads, Chairman of the National-Cancer Advisory
Board, has noted that to his knowIedge public smoking is "not, in
fact,, actually harmful" to non-s:nokers. Among many others who
have taken, a similar position are Dr. Ernst L. Wynder of the
American Health Foundation and Dr. Gio Gori of the National Cancer.
Institute.
And, in 1971, Secretary Califano's own Department of Health,
Education, and Welfare, in conj,unctlon with the Federal Aviation
Administration, examined' the healthi aspects of smoking on aircraft!,,
where smokers and non- mokers are confined for espec iaily long
periods. This study concluded that "'smoking aboard commercial
aircraft does not represent a significant health hazard to non,-
smoking passengers."
We`in the tobacco industry have to, take a rational approach
toward the problem of smoking in a work envirozmen't : Weirecog,nize~e that in man~y industri es smoking is a serious safety hazard' . We ~
also recogni ze that in more confined env i ron:ments smoking can be tj
an annoyance to non- mokers . In most working environments, such ~
considerations do not apoly to decisions by individuals tolsmoice ty
or not to smoke. Here the solution lies in the exercise of commonCJ
courtesy on the part of all concerned'.,
pgNbr=2
Page 3
If a situation regarding smoking should~ develop in your
company, I would appreciate it if you would contact me by phone
at 8'00 424-987'6. We have substantial, useful information at The.
Tobacco Institute that can assist you in dealing witYiithis prob-
lem,. We want to help give you, every' opportunity to assure your
employees that your policies will provide maximum comfort for the
most employees .
I appreciate your taking the time to read my letter, andi
I will welcome your thoughts, opinions and inquiries onithis
important subject.
Sincerely,
Horace R. Kornegay
pgNbr=3
</ot>
</LTDLWOCR>
