<?xml version="1.0" encoding="ISO-8859-1"?>
<LTDLWOCR>
<!-- forcebtag -->
<tid>aah50c00</tid>
<bt>TI17530392</bt>
<au>CHILCOTE SD # TI</au>
<rc>AVE JR</rc>
<dd>19830721</dd>
<dt>MEMORANDUM</dt>
<ti>[FOLLOWING PAGES CONTAINS THE COSTS]</ti>
<!-- Note:rn t="m":DOJRFPIIIH2C-->
<bx>333</bx>
<!-- Note:dp:02/01/2002-->
<pg>1</pg>
<!-- Note:s:TI STORAGE BOX 0738-->
<!-- Note:cn:DOJ CIVIL-->
<!-- Note:dl:20020614-->
<dl>20030315</dl>
<ot>THE TOBACCO INSTITUTE
18751 STREET, NORTHWEST SAMDBL D. CHILCOTE. JR.
WASHINGTON. DC 20006 President
202/457-4800 � 800/424-8876
Page 1 of 2
TELECOPY July 21, 1983
To: J. Robert Ave, Lorillard
From: Samuel D. Chilcote
I asked Bill Kloepfer to work with the agency per our telephone
conversation. The following page contains the costs he developed.
Do you agree?
S. D. C.
yb
Attachment
T11753-0392
pgNbr=1
</ot>
</LTDLWOCR>
