<?xml version="1.0" encoding="ISO-8859-1"?>
<LTDLWOCR>
<tid>aaa48c00</tid>
<bt>2080465103</bt>
<dd>19990913</dd>
<dt>MEMO, MEMORANDUM</dt>
<au>HENNESSY,C; STOUFFER,P</au>
<rc>BALGLEY,M; HENNESSY,C</rc>
<!-- Note:co:DRFT, DRAFT; ILLE, ILLEGIBLE; MARG, MARGINALIA-->
<fn>2080464823/2080465111/MISSING</fn>
<!-- Note:si:N764-->
<!-- Note:s:MANCUSO,MICHAEL/OFFICE-->
<ti>HURRICANE HURRICANE SCRIPT - DRAFT</ti>
<pg>1</pg>
<!-- Note:lu:MILE/PRODUCED-->
<!-- Note:dl:20030312-->
<!-- Note:b:MARLBORO-->
<dl>20030415</dl>
<ot>Sep 13 99 10:26a Marlboro Racing
SEP-13-99 MON 09:34 AM KORi1AN MARKETING GROUP FAX NO, 3035710301 P, 01
~~x~ 1 1~~-~~3-5~~~
1~
-TZ � Wle Wq ILI
q-W Ciaig 1lennossy
FROM: Puul Stoufter
DATE: Septembcr 13, 1999
RLi: liurricnne
30s
23�- l4'sOy
FIURRICANE SCRiPT - DLL_AFT
.
At this time Marlboro is monitoring the hurricane off the coast of
Florida. Our first priority is to attend to the guests currently at the
track and in the Miami area. As soon as we have additional
inf'ormation regarding the Racing School Trip departing September
15, we will be contacting you with additional information.
p.1

pgNbr=1
</ot>
</LTDLWOCR>
