<?xml version="1.0" encoding="ISO-8859-1"?>
<LTDLWOCR>
<tid>aar20c00</tid>
<bt>2080829010/9017</bt>
<dd>20000600/E</dd>
<dt>MAGA, MAGAZINE ARTICLE</dt>
<ca>MAXIMUM GOLF</ca>
<no>COUNTRY CLUB; GOLF MAGAZINE; GQ; MAXIMUM GOLF; MRI; ROLLING STONE</no>
<fn>2080828880/2080829231/MARLBORO MAINLINE; 2080828906/2080829074/MARLBORO MAINLINE 20000000</fn>
<!-- Note:si:N724-->
<!-- Note:s:MARRYSHOW,KAREN/OFFICE-->
<pg>8</pg>
<!-- Note:lu:MILE/PRODUCED-->
<!-- Note:dl:20030225-->
<dl>20030315</dl>
<ot>M A X 1 M U M
THE MAXIMUM GOLF READER IS AN
AVID Music FAN.
HEAVY BUYERS OF PRE-'RECORDED MUSIC
(LAST 12 MONTHS)
MAXI M U M L~' O L F .............. .................... ................... _......... .................. ......... ......... ............. .... 204
ROLLING STONE ....................................... ..................................................................................... ...................._ 176
G Q ........................................................................................................................................................................................................ 134
GOLF MAGAZINE ...... ..... ...................................... ............. .................. .......................... .............. . 139
Source,: 1999 MRI Fall

pgNbr=1
M A X 1 M U M
MAXIMUM GOLF READERS
ARE AVID TRAVELERS
PLAY GOLF ON DOMESTIC
VACATI O N
SPENT $3,00O-f ON DOMESTIC
VACATION PAST YEAR
ANY DOMESTIC BUSINESS
TRIP PAST YEAR
STAYED A HOTEL/MOTEL 5+
NIGHTS FOR PERSONAL/VACATION
PAST YEAR
(INDEX)
595
18O
175
765
Source: 1999 MRl fall

pgNbr=2
M A XI M U M
MAXIMUM GOLF AGE BREAK
U N D E R 21 ............................................................... 4%
21-24 ..................................................................................................................................................................... 4%
Source: Maximum Golf Subscriber Study June/July 00

pgNbr=3
MAXiMUM
THE MAXIMUM GOLF READER
LOVES THE NIGHTLIFE
GO TO NIGHT CLUBS/BARS
1+ PER MONTH
M AX I M U M G O L F ...................................................................................................... ...._......._ 241
ROLLING STONE .......... ......................................................... .................... ............. ....................... ._ 178
GQ ..... ................................. _........................... ............... ---- ............................ ......... .................................................... ................... ..... 161
GOLF MAGAZINE ........................................................................................................................... 175
Source: 1999 MRl Fall

pgNbr=4
M A X I M U:M
As OUR READER SURVEY SHOWS...
THE MAXIMUM GOLF READER
HAS A BUSY SOCIAL LIFE
HOW OFTEN DO YOU GO TO
BARS/NIGHTCLUB PER MONTHP
How OFTEN DID YOU HAVE DRINKS
CONTAINING ALCOHOL IN THE PAST
SEVEN DAYSP
HOW OFTEN DO YOU DINE OUT
PER MONTHP
3..5 X PER MONTH
2r$ X PER WEEK
S7 X PER MONTH
Source: Maximum Golf Reader Survey, June 2000

pgNbr=5
M AX 1 M U M
THE MAXIMUM GOLF READER IS AN
AVID Music FAN.
CLASSIC ROCK MUSIC LISTENERS
POPULATION: '12,759,000
MAXIMUM GOLF ........................................................................................................................254
ROLLI NG STON E ............... ..................................................................................................... ............................................. 1 66
G Q ................................... .................... ............................. ..................... ..... .... ............. ........ .........__ .... __ .. ......................... 102
GOLF MAGAZINE........................................................................................................................... 160
N
0
00
0
00
N
co
0
i
~
Source: 1999 MRI Fall

pgNbr=6
THE MAXIMUM GOLF READER IS AN
AviD Music FAN.
ATTENDED MUSIC PERFORMANCES
PAST YEAR
MAXIMUM GOLF ....................................................................................................................... 150
ROLL1 NG STON E ............................................................................................................................. 142
G Q ............................................................................................................... .......................................................................................... 129
G O L F M AGAZ I N E ............._..._......---....._....._._........._....._.........._........_....................._....._..... 124
r)
Source: 1999 MR1 Fall

pgNbr=7
M AX 1 M U M
MAXIMUM GOLF READER SURVEY
TOP LINE
WHAT IS YOU AGE?
Median Age:
36
WHICH OF THE FOLLOWING BEST DESCRIBES YOUR TOTAL HHI?
Average HHI:
$78,774
HOW MANY TIMES DO YOU PLAY GOLF EACH YEAR?
PLAY 24+ TIMES PAST YEAR 69%
PLAY 12+ TIMES PAST YEAR 88%
WHAT IS YOU HANDICAP?
HAVE A HANDICAP UNDER y'rJ
HAVE A HANDICAP UNDER 9
53%
21%
How MANY YEARS HAVE YOU BEEN PLAYING GOLF?		IV
		O
00
HAVE BEEN PLAYING S+ YEARS	56%	O
HAVE BEEN PLAYING 4+ YEARS	81%	N
		t0
		O
i
i
ARE YOU A MEMBER OF A COUNTRY CLUBP
YES 28%
Source: In book survey conducted 5-6/00

pgNbr=8
</ot>
</LTDLWOCR>
