<?xml version="1.0" encoding="ISO-8859-1"?>
<LTDLWOCR>
<tid>aaj74a00</tid>
<bt>2047900235D</bt>
<!-- Note:br t="m":2047900234/0235E-->
<dd>19951219</dd>
<dt>TELE, TELEX</dt>
<dt>MEMO, MEMORANDUM</dt>
<au>BODINE,M</au>
<rc>DUDINE,M</rc>
<no>DECHERT PRICE; NATL COUNSEL</no>
<fn>2047900159/2047900789/MISSING</fn>
<!-- Note:si:N498-->
<!-- Note:s:BODINE,MARGOT/ELECTRONIC FILES-->
<ti>RE: CONTRACTS</ti>
<pg>1</pg>
<!-- Note:lu:FEDA/PRODUCED-->
<!-- Note:dl:20040610-->
<dl>20040615</dl>
<ot>I
From: Bodine, Margot on Tue, Dec 19, 1995 12:53 PM
Subject: RE: contracts
To: Dudine, Mary
Mary-
ao y79ooa 3s 7~
Are v e doing a conh�act with Dechett Ptice? Thaes a law firm that is naHonal counsel to PM USA in
tobacco litigation - typically we do not contract with our firms.

pgNbr=1
</ot>
</LTDLWOCR>
