<?xml version="1.0" encoding="ISO-8859-1"?>
<LTDLWOCR>
<!-- forcebtag -->
<tid>aae80d00</tid>
<bt>517615369/5372</bt>
<rc>RJR</rc>
<au>MILLER T; NY BEAVER DAMS</au>
<bx>RJR5311</bx>
<!-- Note:b:SALEM; WINSTON-->
<dd>19970414</dd>
<dt>CONSUMER LETTER; GRAPHICS; HANDWRITTEN</dt>
<!-- Note:co:Y-->
<np>MILLER T; RJR</np>
<!-- Note:dl:20020215-->
<pg>4</pg>
<!-- Note:rn t="m":US COMPREHENSIVE REQUEST 102; US COMPREHENSIVE REQUEST 140-->
<!-- Note:sh:20020111-->
<!-- Note:s:EXTERNAL RELATIONS; CONSUMER RELATIONS; RECORD CENTER; 45-04-04-09-->
<ti>I WOULD APPRECIATE WINSTON COUPONS INSTEAD OF SALEM.</ti>
<!-- Note:tp:YOUNG ADULT SMOKING-->
<dl>20021018</dl>
<ot>s~o~! 4packs
ii carton
72835
;r~ smram.,,
ABU any style, any Length

MANUFACTURER COUPON EXP~S V613U/9'!
MANUFACTURER COUPON . F](pIRES pq/3ury~
$ Of f 4 packs ~ $~w~ 4 p~acks
~ or a _
carton ~ .i"" V~~ tt~rtan
W
J - Ir
anystyle.anylength anystyle.anylength

72837 151573424 72838
151573424

pgNbr=1
. 118 5t~ RaKa dld . ]SenuDembNY14812-9121 . .
/
l1 yO
Co ios-~-n - c5 fi i~ - C - c-;-' 7 i o Z-
,A G i4 C?a
V O U c "
1
ZLES T9LTS
.2?iG=/'9S'33 05 711iilI111IitElil7111f1111~iF1111~1/Et13lil/i11717111t11t1~il1

pgNbr=2
0
M
! Me. T4nye Mlllq', ....
~ IIBSta{eAoute`414 '~Benver bamI, NY .l4812�9121 "
,
A _GVou
CD vff n SC.?, A-a. ~= Sck 0 -_ 14) cj-l\y~~ I

M.. Ton)'s Mnler
218 Btete floute 414
Beeser Dams, NY 14812-9121
i

pgNbr=3
</ot>
</LTDLWOCR>
