<?xml version="1.0" encoding="ISO-8859-1"?>
<LTDLWOCR>
<tid>aau08e00</tid>
<bt>1002465390</bt>
<!-- Note:br t="m":1002465390/5391-->
<dd>19790320</dd>
<dt>NOTE, NOTE</dt>
<au>KEIM,T</au>
<rc>HICKEY,W; KORNBLUTH,P; LANGWORTH,F; SAVAGE,F</rc>
<!-- Note:co:MARG, MARGINALIA-->
<fn>1002465333/1002465441/WELLS RICH GREENE INC 32B 13 282X FROM E MERLO MERCHANDISING</fn>
<!-- Note:si:N123-->
<!-- Note:s:MERCHANDISING USA/CARLSTADT-->
<pg>1</pg>
<!-- Note:rn t="m":STMN/R1-004; STMN/R1-133; STMN/R1-134; STMN/R1-135; STMN/R1-148-->
<!-- Note:lu:STMN/PRODUCED-->
<!-- Note:dl:19980605-->
<dl>20020201</dl>
<ot>OR
L
,. .n..... _._ , _a ,
Date: 40
Please route and return:
W. Hickey
P. Kornbluth
11
pgNbr=1
</ot>
</LTDLWOCR>
