<?xml version="1.0" encoding="ISO-8859-1"?>
<LTDLWOCR>
<tid>aaa91a00</tid>
<bt>1003287829/7830</bt>
<!-- Note:br t="m":1003287827/7835-->
<dd>19720116/E</dd>
<dt>LETT, LETTER</dt>
<rc>SMITH</rc>
<np>JARVIK,M; LAZARSFELD,P; SELYE,H; STEIN,L</np>
<no>ALBERT EINSTEIN SCHOOL OF MEDICINE; COLUMBIA UNIV; CTR, COUNCIL FOR TOBACCO RESEARCH; LA BELLE CREOLE HOTEL; UNIV OF MONTREAL; WYETH LAB</no>
<!-- Note:co:EXTR, EXTRA-->
<fn>1003287827/1003287873/MISSING.</fn>
<!-- Note:si:R10-->
<!-- Note:s:DUNN,WILLIAM/SEC'Y FILES-->
<pg>2</pg>
<!-- Note:rn t="m":STMN/R1-089; STMN/R1-141-->
<!-- Note:lu:STMN/PRODUCED-->
<!-- Note:dl:19990524-->
<dl>20020201</dl>
<ot>P~~ROP~~O'~S~E�~~ LETTER O~F~ INVITATION
I
I
I
I
I
I
I
I-
I-
1
I-
I 'am plleased to announce that the Council for Tobacco.
Research is sponsoring al scientific conference on the topic,
"Motiivati'onal Miechani sms of Ci'garette Simoki ng ."'
It iis a truismithat cigarette smoking is a gratifyiing,
act, but the nature of'the reward alssociated with the act is
by no means clear. The aim of the conference is to stimulate
fresh, multiidiscipllinary thought on a question which over the
years has generated a 1ot of heat aind data but not much light.
The plan is to bring together prominent minds from the life,
behavioral andisociial sciences with the following objectives:
1) To propose and dliiscuss hypotheses and
theoretical modells pertinent to the topic
2) Toltest the f'i t of these conceptual i'zati onis
tolthe emipi ri call data i n the 1 i terature
To consider the results of recent
unpubl!i shed studliies.
To give impetus and direction tolfolilow-up
research.
We halve gotten a strong endorsement of the topic and
agreement to participate iin the conference from a number of
key researchers, including Paul Lazarsfelid of'Columbli'a
University, Hans Selye from the University of Montreal,
Larry Stein from Wyeth Laboratories, and'Murray Jarvik from
the Albert Einstein SchooT of' Medicine and Surgery. Con -
vincedlfrom thiis response that the idea iis sound, we have
proceeded to d'raw,up a list of an additional twenty investi-
gators whom we feel could make a genuine contribution blecaiuse
of the relevance of their expertfse to the probl!em and/or
because their publlished work has revealed competent interest
inithe subject.
pgNbr=1
I
I
I
I
I
I
I
I
I
I
I
Page 2
This letter, then, is an invitation to you to attend
the conference. We have tentativeTy reserved accommodations
at La Bel l e Creol'e Hlotell on Sai nt M'arti n Isl and of the
French Anti 11'es for January 12'-16, 1972. Phi 1 i p Miorri s wiiTl
pay all of your expenses. I'nformati'on about the island and
the hotel is enclosed.
Sponsorship by the Council' for Tobacco Research rests
uporr the convi ctiiorr tha't the i ndustry wi'l l benefi t more
from whatever may be the results of a free, concertedl,
scholarly attack upon the qluestiion than from allowing a
continuation of the present state of'inadequate knowledge.
A tentative conference program and some of our thoug,htss
on the methodological aspects of the problem are enclosed.
More detailed information wiill be made availablie as plans
crystallize.
We are looking forward to a stiimuiTating and provocative
conference. We hope you can jo'iin us.
Siincerely yo'urs,
E'nclosures
I
pgNbr=2
</ot>
</LTDLWOCR>
