<?xml version="1.0" encoding="ISO-8859-1"?>
<LTDLWOCR>
<!-- forcebtag -->
<tid>aaz05d00</tid>
<bt>505688979</bt>
<rc>CHRISTOPHER FH JR;DIMARCO GR;EMKEN RA;JOHNSTON JW</rc>
<au>I GHL</au>
<bx>RJRC3224</bx>
<pc>GUNZENHAUSER G;KEISER KJ;GANGLOFF JJ</pc>
<dd>19830506</dd>
<dt>LETTER</dt>
<!-- Note:co:Y-->
<np>GUNZENHAUSER G;KEISER KJ;RJR</np>
<!-- Note:dl:19990107-->
<pg>1</pg>
<!-- Note:rn t="m":MINNESOTA 1RFP4-->
<!-- Note:sh:19961231-->
<!-- Note:s:MARKETING;PROMOTION;DEHAAN GL;MGR-->
<ti>RESOURCE MANAGEMENT. EXHIBIT I.</ti>
<dl>20020201</dl>
<ot>RECEIVED
MAY 6 1983
John J. Gangloff
May 6, 1983
Mr. R. A. Emken
Mr. F. H. Christopher
Dr. G. R. DiMarco
Mr. J. W. Johnston
SUBJECT: Resource Management
You will recall that Gerry Gunzenhauser provided the RJRT Executive
Conference attendees with a comprehensive update of our recent cost
management efforts and the changes that will be required in 1983 if we
are to achieve the maximum possible benefits from our efforts in the
current year.
This letter is to inform you that the Resource Management Committee
outlined by Gerry at West Palm Beach will hold its initial meeting on
Friday, May 13, at 2:30 in the 20th floor conference room. I have
asked Gerry to chair this committee, with Kim Keiser acting as
vice-chairman and have indicated the individuals to represent your
respective areas on Exhibit A attached.
This committee assignment is not to be taken lightly. Therefore,
these proposed members must be key, individuals reporting directly to
you who can devote quality time to the committee and, more
importantly, to the effective management of resources within your
functional area. An outline of the committee purpose and
responsibilities is also attached for your review.
Please inform your representatives of their assignment to this
committee and the need for their attendance on the 13th. I plan to
attend this initial meeting and subsequent ones as my schedule permits
and I encourage you to do the same.
Please contact me if you feel a need to discuss this request further.
G. H. L.
GHL/bb
Attachments
cc: Mr. G. R. Gunzenhauser
Mr. K. J. Keiser
pgNbr=1
</ot>
</LTDLWOCR>
