<?xml version="1.0" encoding="ISO-8859-1"?>
<LTDLWOCR>
<tid>aav00c00</tid>
<bt>2085124806</bt>
<dd>20010823</dd>
<dt>EMAI, E-MAIL</dt>
<au>CHAIKIN,K</au>
<rc>HOPKINS,LLH</rc>
<np>DIGGS,R; RIGGLE,R</np>
<no>PMUSA, PHILIP MORRIS USA</no>
<!-- Note:si:N346-->
<!-- Note:s:CHAIKIN,KAREN/OFFICE-->
<ti>PROMOTING PARENT BROCHURE - CONSUMER AFFAIRS</ti>
<pg>1</pg>
<!-- Note:lu:FEDA/PRODUCED-->
<!-- Note:dl:20030121-->
<dl>20030215</dl>
<ot>2085124806
Chaikin, Karen
From: Chaikin, Karen
Sent: Thursday, August 23, 2001 6:16 PM
To: Hopkins Hadel, Linda L.
Subject: Promoting Parent Brochure-Consumer Affairs
Linda,
I wanted to get back to you about what we've already done to plan for the likelihood that the general
public will call the YSP 800# with questions that do not pertain to requesting a copy of the Parent
Brochure.
I spoke with Randy Diggs awhile ago and here's what we decided:
When a YSP operator receives a call that they can not answer, and is not from a member of the
media, they will explain to the caller that PM USA Consumer Affairs can help them and:
a) during work hours, transfer the caller to Consumer Affairs, announcing the call to the rep before
actually transferring the caller. (Warm transfer)
b) after work hours, advise the caller that it's after hours and provide the PM USA consumer affairs
number so that the caller can call them directly the next day.
I have left a message for Randy offering to set time to walk him and anyone else he identifies
through our entire plan to promote the brochure.
FYI- I have also worked out a process with Rob Riggle should the media call the YSP 800# as such
calls will go to media affairs.
KC
Youth Smoking Prevention

pgNbr=1
</ot>
</LTDLWOCR>
