<?xml version="1.0" encoding="ISO-8859-1"?>
<LTDLWOCR>
<!-- forcebtag -->
<tid>aat80f00</tid>
<ti>-- No Title --</ti>
<dt>Memo</dt>
<dt>Correspondence</dt>
<dd>19900702</dd>
<au>Leisure-R</au>
<rc>Brickey-D</rc>
<!-- Note:ci:10004026-->
<!-- Note:rn t="m":E37-->
<pg>4</pg>
<!-- Note:ag:11910237-->
<!-- Note:dl:19981123-->
<bt>634072185/2188</bt>
<dl>20020201</dl>
<ot>J,&gt;
TO: Darryl Brickey . 7/2/90
FROM: Ron Leisure
~
Please update specification files as indicated below:
BRAND: CARLTON 83's Box-lmg.- TAR- Kuwait
CODE: 012601325
Delete: 20/200/5M- 25 cartons/case
Red, yellow and black on natural kraft liner board
17 5/8" x 9 3/4" x11 3/16" I.D.- 275 lb.test- single wall
CONTAINER UPC No. 43300-02901 . . Printed on three sides and marked according to order on 4th side-. MC 2873 .
Add: 20/200/5M-25 cartons/case - Red, yellow and black on natural kraft liner board 175/8" x 9 3/4" x 11 3/16" I.D.- 275 lb.test- single.wall
CONTAINER UPC No. 43300-02901-11 .
Printed onn three sidesand.marked according to order
on 4th side-. MC 4198
BRAND: CARLTON 83's Box- 4mg.- TAR Kuwait
CODE: 033601325 .
Delete: 20/200/5M- 25cartons/case
Red and black on natural kraft liner board
17 1/4" x 9.3/8" x 21 3/8"I.D.- 275 lb.test- single wall
CONTAINER UPC No. 43300-020952 Printed on three sides and marked according to order
on 4th side- MC 2538
Add: 20/200/5M- 25 cartons/case
- Red and black on natural kraft liner board
17 5/8" x 9 3/4" x 11 3/16" I.D.- 275 lb.test- single wall
CONTAINER UPC No. 43300-02901-09
Printed on three sides and marked according to order
on 4th side- MC 4200 .
BRAND: CARLTON 83's Box- 4mg.- TAR Gulf States
CODE: 038601325 .
Delete: , 20/200/5M-.25 cartons/case
Red and black on natural kraft liner board
. 17 1/4" x 9.3/8'! X 21 3/8" I.D.- 275 lb.test- single wall
CONTAINER UPC No. 43300-020952
Printed on three sides and marked according to order
on 4th side- MC 2538
Add: 20/200/5M- 25 cartons/case
. Red and black on natural kraft liner board
17 5/8" x 9 3/4"x 11 3/161' I.D.- 275 lb.test- single wall
CONTAINER . UPC No. 43300-02901-22
Printed on three sides and marked according to order
on 4th ~ side- MC~. 3710
634072185
pgNbr=1
E~)
BRAND: CARLTON 100's Box- 1mg.- TAR- UAE
CODE: 082601325
\
Delete: 20/200/5M- 25 cartons/case Red, yellow and black on natural kraft liner board
20 1/2" x 9 5/8" x 11 3/16" I.D.- 275 lb.test- single wall
CONTAINER UPC No. 43300-020342 Printed on three sides and marked according to order
on 4th side- MC 2536
Add: 20/200/5M- 25 cartons/case . Red, yellow and black on natural kraft liner board
20 1/2" x 9 5/8" x 11 3/16" I.D.- 275 lb.test- single wall
. CONTAINER UPC No. 43300-02030-01 . Printed on three sides and marked according to order
on 4th side- MC 3648 .
BRAND: CARLTON 100's Box- lmg.- TAR- Ruwait
CODE: 067 6 013 2 5
Delete: . 20/200/SM- 25.cartons/case Red, yellow and black on natural kraft liner board
20 1/2" x 9 5/8" x.11 3/16" I.D.- 275 lb.test- single wall
CONTAINER UPC No. 43300-02030-0010 ... Printed on three sides and marked according to order on 4th side- MC.3648
Add: 20/200/5M- 25 cartons/case
. Red, yellow and black on natural kraft linerr board
20 1/2" x 9 5/8" x 11 3/16" I.D.- 275 lb.test- single wall
CONTAINER UPC No. 43300-02030-09 Printed on three sides and marked according to order
Red and black on mottled white liner board
20 1/2-- x 10 7/8" x 21 3/8" I.D.- 200 lb.test
CONTAINER UPC No. 43300-05553 MC 3028
	on 4th side-	MC 4196
BRAND:
CODE:	CARLTON 100's Box- 1mg.- TAR- Saudi Arabia
CRUSH	Delete: MC 4124	
PROOF
BOX	
Add: MC 4302	
Note:	Descriptions are okay.
BRAND:	MONTCLAIR 100's	
CODE:	266501118	
Delete:	20/200/12M-	60 cartons/case
634072186
pgNbr=2
55
Add: 20/200/12M- 60 cartons/case
Red and black on natural kraft liner board 20 1/2" x 10 7/8" x 21 5/16" I.D.- 200 lb.test
CONTAINER UPC No. 43300-05553-00 MC 4189
BRAND: MISTY SLIMS Lights 100's Box 1/1 UP
CODE: 430701118
CONTAINER
20 1/2" X 10 7/8" x 21 5/16" I.D.- 175lb.test
UPCNo. 43300-05100 "HOLD FOR ATCO. REP." and "B1G1F" copy MC 3486
Add; Blue and black on natural kraft liner board
20 1/2" x 10.7/8" x 21.1/8" I.D.- 175 lb.test
CONTAINER UPC No. 43300-05102-00 "HOLD FOR ATCO. REP." and "B1G1F" copy
MC.4342
Delete: 15/16" x 1 1/2"- mauve with "FREEPACK" U.P. imprinted in white and "WITH PURCHASE OF ONE PACK"
STICKER printed in black- one sticker to be affixed to the front
(Front of of each 2-pack (U.P.) unit just above the "LIGHTS" copy
Pack) MC 3506
Add: 1 3/16" x 1 1/2"- mauve and blue with ^FREE PACK"
U.P. imprinted in white, "WITH PURCHASE OF ONE PACK"
STICKER printed in black and "LIGHTS" imprinted in white- one
(Front of sticker to be affixed to the front of each 2-pack (U.P.)
Pack) unit in the bottom right corner
MC 3986
BRAND: MISTY SLIMS Lights 100's Menthol Box 1/1 UP
CODE; 431701118
Delete:
CONTAINER
20/200/12M- 60 cartons/case
Green and black on natural kraft liner board
20 1/2" x 10 7/e" x 21 5/16" I.D.- 175lb.test
UPC No. 43300-05202 "HOLD FOR ATCO. REP." and "B1G1F" copy
MC 3487
Add: 20/200/12M- 60 cartons/case Green and black on natural kraft liner board 20 1/211 x 10 7/8" x 21 1/8" I.D.- 175 lb:test
CONTAINER UPC No. 43300-05202-00 "HOLD FOR ATCO. REP." and "BiGiF" copy MC 4343
634072187
pgNbr=3
Delete: 15/16" x 1 1/2"- mauve with "FREE PACK"
U.P. imprinted in white and "WITH PURCHASE OF ONE PACK"
STICKER� printed in black- one sticker to be affixed to the front
(Front of of each 2-pack (U.P.) unit just above the "MENTHOL" copy
Pack) MC 3506
Add: 1 3/16" x 1 1/2"- mauve and green with "FREE PACK"
U.P. imprinted in white, "WITH PURCHASE OF ONE PACK"
STICKER printed in black and "MENTHOL LIGHTS" imprinted in white-
(Front of one sticker to be affixed to the front of each 2-pack
Pack) (U.P.) unit in the bottom right corner
- MC 3987
-0arryl- .
As discussed,, please delete the specifications for the following
variations of MISTY .. .
(1) Brand: MISTY Slims Lights 100's Box-"NE
Code: 430501118 -- . :
'(~2) Brand: MIBTYSlims Lights 100's Menthol Box- "NEW"
. Code: 431501118
634072188
pgNbr=4
</ot>
</LTDLWOCR>
