<?xml version="1.0" encoding="ISO-8859-1"?>
<LTDLWOCR>
<!-- forcebtag -->
<tid>aab59d00</tid>
<bt>501136138</bt>
<rc>KARNBACH WF;UNK</rc>
<au>OTTAVIANI J;MARKET RESEARCH DEPT</au>
<bx>RJR3036</bx>
<!-- Note:b:VANTAGE-->
<pc>HALLER TP;GRAY FC;SIMMS RE;ROBINSON G;LEBER KATZ;I RF;BLEVINS R;SHERRILL JH</pc>
<dd>19710630</dd>
<dt>LETTER</dt>
<!-- Note:co:Y-->
<np>NATL FAMILY OPINION</np>
<!-- Note:dl:19980227-->
<pg>1</pg>
<!-- Note:rn t="m":MINNESOTA 1RFP4-->
<!-- Note:sh:19961231-->
<!-- Note:s:MARKETING-->
<ti>VANTAGE PROFILE DATA.</ti>
<dl>20020201</dl>
<ot>June 30, 1971
Mr. W. F. Karnbach
Re: VANTAGE PROFILE DATA
It is MRD's understanding that the Brand Group
needs VANTAGE Filter profile data - specifically
age, sex, and income breakouts - for their 1972
Marketing Plan.
Topline results for the NFO Spring smoker screen-
ing - from which profile and switching data are
generated - should be available for interpretation
no later than the end of July, perhaps earlier.
This study should provide the data you need.
If you have any questions, please call me.
v-~--
Jos ph Ottaviani
Marketing Research Department
JO:sp
cc: Mr. R. A. Blevins, Jr.
Mr. T. P. Haller.
tMr. J. H.. Sherrill, Jr.
Mr. F. C. Gray
Mr. R. E. Simms
Mr. Gardiner Robinson (Leber Katz Partners)
pgNbr=1
</ot>
</LTDLWOCR>
