<?xml version="1.0" encoding="ISO-8859-1"?>
<LTDLWOCR>
<tid>aad74a00</tid>
<bt>2051800477D</bt>
<!-- Note:br t="m":2051800477/0477D-->
<dd>19950524</dd>
<dt>TELE, TELEX</dt>
<dt>MEMO, MEMORANDUM</dt>
<au>MAIT,B</au>
<rc>HARDIN,C</rc>
<np>BICKETT,J; MORRISON,R</np>
<!-- Note:si:R475-->
<!-- Note:s:SCHARDT,JIM/LATERAL FILES-->
<ti>CONFIDENTIALITY AGREEMENT</ti>
<pg>1</pg>
<!-- Note:lu:FEDA/PRODUCED-->
<!-- Note:dl:20040610-->
<dl>20040615</dl>
<ot>i
� 0 Page 1
Note for Hardir, Chris
From: Mait, Barbara
Date: Fri, Jun 2, 1995 1:00 PVI
Subject; RE: Conf~identiaLity Agreement
To: Hardin, Chris
Chris, To my knowledge, we will supplying info from past research. If this contains pictures
Lhen we will give them the pictures as part of the research. I do not anticipate giving the
company any patent drawings at this time;however, if the need arises, we would like to have
the option of sending drawings.
From: Hardin, Chris on Fri, Jun 2, 1995 12:23 PM
Subject: RE: Confidentiality Agreement
To: Mait, Barbara
I'm working on this now. Will we be giving them any drawings?
From: Mait, Barbara on Thu, May 25, 1995 10:15 AM
Subject: RE: Confidentiality Agreement
To: Hardin, Chris
aoSl6ou,~ 0V~7~
C'1o-~-iyvo~nB
We wil be giving them some previous consumer research on novel packaging. In addition to
this, I.D.B will be making samples for us to test in the field.
From: Hardin, Chris on Thu, May 25, 1995 9:11 AM
Subject: RE: Confidentiality Agreement
To: Mait, Barbara
aosls'4) oy9,7 (f
What type of information will we be disclosing to them--wi11 we be providing them with any
samples?
I
From: Mait, Barbara on Wed, May 24, 1995 1:39 PM
Subject: Confidentiali--:y Agreement
To: Hardin, Chris
Chris, Packaging Development would like to do some novel concept testing with the
following company LD.8 (there is a Trademark symbol after the 8). The company is in Los
Angeles and the company President is Roger Morrison, The Fax ftis (213) 525-3299: the
phone rr is (213) 525-3298. We will be asking this company to do concept creation and some
followup testing on the best concepts. The cost ctr. for packaging is 5R9 and our Director is
Joe Bickett. Hope this info enough to get something going. The name of the company is
pronounced "ideate".
Thanks for your help.
Barbara Mait
`/

pgNbr=1
</ot>
</LTDLWOCR>
