<?xml version="1.0" encoding="ISO-8859-1"?>
<LTDLWOCR>
<!-- forcebtag -->
<tid>aap34d00</tid>
<bt>507051677</bt>
<rc>TABATA A</rc>
<au>RJR;RJR INTL;MCCULLOCH KM;F LEE</au>
<bx>RJR4194</bx>
<pc>MARCOTULLIO RJ;I WSS</pc>
<dd>19871013</dd>
<dt>LETTER</dt>
<!-- Note:co:Y-->
<np>TALO;SIMMONS S;I LWP;I JTI;NAGAOKA;F RICH;TIOJ;IKEDA</np>
<!-- Note:dl:19980227-->
<pg>1</pg>
<!-- Note:rn t="m":MINNESOTA 1RFP5;TEXAS COURT ORDER 19970811;1RFP5-->
<!-- Note:sh:19970917-->
<!-- Note:s:R&amp;D;SIMMONS WS;DIR-->
<ti>MOHW WHITE PAPER ON S&amp;H.</ti>
<dl>20020201</dl>
<ot>IJ I-{ 1 Iul.a IIi-A l I
&lt;&lt;
P
�
.
ay,110
. J.
.~ ... .1:. L
f.: iMr. d, Tabsta I- X.x. fk+Cullorb ti~ tw.: Oot. 13, lpN
cot flr, R. J. 1Lrootu3lio (vith attaobaxat) ~~ iT-3!
..;...+.+~..
. Usva the snssary critically raviswed by w ai.aoae iu li-f ao qaickly as
poaoibls (is. vithia 2 to 3 dsya), vit% details atat to you as,d copied
to w.
I bsiieva tha lollovin= action program is aeessasryi
Cenl.raAcs to attack the Ukita Papar rary strongly !n ordar to =st a ruch bardar
003 policr torasda tig.
VaLn~'r` =Mg s'N ..SiR
i attack TAtA's translstion of tha likite Paper tuassrY. Could Poo plaase check
addsst the Japaaaas for the key vords -!or oxasplo co.neation' - to see i[
the ri=1t Waein$ is is place.
ia raadins this paper and in regard to its raleaa dat., to to bsoosip=
clear to .os that tha 10XH aay be playing $aaae, awd tqrinp to uu the ith Yorld
position on pri.ary nokir= vith Aieb bsier. yod leavs CM Y,d,
the iaaYSnca oi tba 1lhlta Papar. pl.aaa olaar sll tosnas, ioolud"y our
ospsotad advaras prass rsaotios in the sisda of ovr staff rasultiel fror
posdbia - ehasa s+ust ba ready !or issuance next veek to counter the
4 . mave our suploras sawlatter and position papar pasphlat ready aa soon se
3. Transmit onr detailed co.aents to TIOJ/nads to aoen as possible vitb
suitable aassasa regarding stratsgias.
yas know what alaa trot. Ths concept hsra is to gst ,fit to bold or
otraasthea tha tobacco lobby against the MON stratah oatlinea abova.
. ltava a lattar drafted fros Wp to ssad to ST1/Ita=aoha Sivin= his oesa.nts
on tha paper (ear.lal not to ahor that va had an adVaeaa copy - letter te
be dstad priday) and arstns bis to taka appropriats aation. This draft
ehould be based on fss's r.viev top.tbar with t&lt;teb'a sad yoor ooaaleata ~
Pleaaa call it you sad more input.
iast regards,

pgNbr=1
</ot>
</LTDLWOCR>
