<?xml version="1.0" encoding="ISO-8859-1"?>
<LTDLWOCR>
<tid>aam62e00</tid>
<bt>2048216624</bt>
<!-- Note:br t="m":2048216623/6624-->
<dd>19951121</dd>
<dt>FORM, FORM</dt>
<au>DWORKIN,DA</au>
<rc>KEANE,DF</rc>
<np>DWORKIN,DA</np>
<ca>APO, ARNOLD &amp; PORTER</ca>
<!-- Note:pa1:2048216623/2048216624&lt;/pa1-->
<!-- Note:s:KEANE,DENISE/OFFICE-->
<ti>TELEFAX TRANSMISSION SHEET</ti>
<pg>1</pg>
<!-- Note:lu:OKAG/PRODUCED-->
<!-- Note:dl:19990520-->
<dl>20020201</dl>
<ot>ISOV-21-95 13.5e FROM. IDs
r
ARNOLD &amp; PORTER
555 Twelfth Street, N.W.
Washington, D.C. 20004-1202
Telephone: (202) 942-5000
2ELEFAX: (202) 942-5999
PACE 1/2
RUSH
TELEFAb TRANSHISS ON SHEBT
We Are Sending ~ Pages
(2nc.luding This Cover Sheet)
DATE: November 21. 1995
TO: Denise F. Keane. Esg.
FRO*i: DouGtlas A. Dworkiri
,
PPLIVILEGED AND coNFIDENTIAL information intended jcnly for the use of
the addressee (s) naraed above. If the reader of t5is message is not
the intended recipient or the employee or,ageint responsible for
delivering the message to the intended recipient(s), please note that
any dissemination, distribution or copying~of this communication is
strictl.y prohibited. Anyo;ie who receives this communication in error
should notify us immediately by telephone and return the original
_message to us at.rhe above address via the II.S_ Ma3.1_
M�SSAGE:
[] IP ch7ecked; please confirm receipt wit.ti operator
at (202) 872-6898 or (202) 872-6894. If any
problems, contact operator at either number.
Recipfent's
Telefax No. :(212)	
90,7-5399	
'Retttrn To:	
DWORKIN
Alternate
TelefaX 14o.		
Room No.	
759
RA-cipi.ent's Voice		Client/	
Contact No. (212)	880-3197	Matter No.	12250_].77
Timekeeper No. 3274
pgNbr=1
</ot>
</LTDLWOCR>
