<?xml version="1.0" encoding="ISO-8859-1"?>
<LTDLWOCR>
<!-- forcebtag -->
<tid>aam54f00</tid>
<ti>Resample, Lucky Strike Lights Blend, New Products 5-7-84, (Original Report Dated 5-10-84 - PS (646-84)</ti>
<dt>Smoke/Tobacco Analysis</dt>
<dt>Science</dt>
<dd>19840618</dd>
<pc>RSS;BFP;RDC;EPB;ECC;PHL;JFA;PRC;DRB;WRT;JEM</pc>
<np>PRC;New Products</np>
<!-- Note:b:Lucky Strike Lights-->
<!-- Note:ci:10004026-->
<!-- Note:rn t="m":79-->
<pg>1</pg>
<!-- Note:ag:60367636-->
<!-- Note:dl:19981123-->
<bt>950155556</bt>
<!-- Note:br t="a":MNAT00791656/MNAT00791656-->
<dl>20020201</dl>
<ot>6-18-84
RESAMPLE
LUCKY STRIKE LIGHTS BLEND
New Products 5-7-84
(Original Report Dated 5-10-84 - PS 646-84)
3.3Y/42,000, 95-M2 Plug Wrap @
41 P.D., B-G Pz.
SMOKE ANALYSIS: (10 port "T_ar", 6 Nicotine)
Length Smoked (mm) 65
Puffs/Cigt. 9.8
"Tar" (mg/cigt) 9.8
(mg/puff) 1.0
Nicotine (mg/cigt) 0.87 GC
(mg/puff) 0.09
PRC/ro
Copies: RSS:BFP
RDC:EPB
ECC
PNL
JFA
PRC
DRB:WRT
JEM

pgNbr=1
</ot>
</LTDLWOCR>
