<?xml version="1.0" encoding="ISO-8859-1"?>
<LTDLWOCR>
<!-- forcebtag -->
<tid>aam04f00</tid>
<ti>-- No Title --</ti>
<dt>MEMO, MEMO</dt>
<dt>CORRESPONDENCE</dt>
<dd>19680715</dd>
<au>YEAMAN,A</au>
<rc>WHITAKER</rc>
<np>X/CIGARETTE ADVERTISING COD;X/AMERICAN TOBACCO CO., AMERICAN BRANDS</np>
<!-- Note:ci:10004026-->
<!-- Note:rn t="m":A4-->
<pg>1</pg>
<!-- Note:ag:294629-->
<fn>CIGARETTE ADVERTISING CODE INC 640000 - 700000</fn>
<!-- Note:dl:19981123-->
<bt>680273933</bt>
<dl>20020201</dl>
<ot>I am in receipt of a check in the amount of $2,269.06 from
the Cigarette Advertising Code, Inc. with the following
explanation: - '
"This represents your proportionate share of a payment .,
received from The American Tobacco Company during the
first half of the year. The agreement was that the existing members would for the first one-half year assume
one half the budget, and receive credit in the second half
for payments received from prior members."
Attachment:
Check
csa
~
~
~
N
~
~ ..�
W ~

_~
pgNbr=1
</ot>
</LTDLWOCR>
