<?xml version="1.0" encoding="ISO-8859-1"?>
<LTDLWOCR>
<!-- forcebtag -->
<tid>aaa50d00</tid>
<bt>524623015/3016</bt>
<rc>RJR</rc>
<au>GILES NR; TX HOUSTON</au>
<bx>RJR5531</bx>
<!-- Note:b:ECLIPSE-->
<dd>20000000</dd>
<dt>QUESTIONNAIRE; CONSUMER LETTER</dt>
<!-- Note:co:Y-->
<np>RJR</np>
<!-- Note:dl:20020305-->
<pg>2</pg>
<!-- Note:rn t="m":US COMPREHENSIVE REQUEST 102; US COMPREHENSIVE REQUEST 61; US COMPREHENSIVE REQUEST 38-->
<!-- Note:sh:20020214-->
<!-- Note:s:MARKETING; CONSUMER RELATIONS; HUNTER RS; MGR;-->
<ti>1. DID YOU READ ALL THE MATERIALS THAT WERE PROVIDED WITH YOUR CARTON OF ECLIPSE?</ti>
<!-- Note:tp:SAFER CIGARETTE; ECLIPSE; SMOKING BY-PRODUCTS-->
<dl>20021018</dl>
<ot>~ kPBa6 p.
~
Ms. Nella It. Giles -~
13037 ClrueWood Dr. :_ -
flouston, TX 77072-1713
G? i.02/000( . 'I//Ifll/t~lll'~~'I1111'1'II1/1'~/11/~//~111/'1'1/1'111f111//!

pgNbr=1
I. Did you read all the materials that
S. Did Eclipse ever go out
8. Did you ever get "used to" Eclipse
were provided with your carton
before R was fnished?
Cl YES
of Eclipse?
~ YES
C] A LIT1lE
t? YES
Cl NO
NI NOT REALLY
Cl NO
2. How did you usually light an Eclipse?
Ll MATCH
$,I CIGAREIIE LIGHTER
Cl-CAR LIGHTER
(We recommend that you use
a good flame, a lighter works best.)
3. Did you have trouble lighting Eclipse?
R.1 YES
[J NO
4. How many puffs did it take before
you could get Eclipse going?
[1 2
I\1 3- 4
CI OVER 4
6. Did you have a problem
with "scorching"?
Gt YES
11 NO
(Scorching turns the
paper brown and causes
an unpleasant taste.
ft comes from puffing too
hard or too fast.)
7. 1 low many cigarettes did
you smoke from your carton?
Cl UNDERA PACK
C1 2-4 PACKS
kP 5 - 7 PACKS
O 7+ PACKS
uses Lung Cancer, Heart Disease,

�2000(I)RJ.ReynoldsTobacco Co.
573983
9. Why were you interested in Eclipse?
(Please check any that apply.)
fXl HEALTH
C~ SEC:ONDHAND SMOKE
)kl ODORS
[7 UNHAPPY WITH YOUR
USUAL BRAND
10. Would you ever try Eclipse again?
LI PROBABLY , , /
F._I MAYBE -;
L I SLIGHT CHANCE
[I NEVER
RGEON GENERAL'S WARNING: Smoking
Emphysema, And May Complicate Pregnancy.

pgNbr=2
</ot>
</LTDLWOCR>
