<?xml version="1.0" encoding="ISO-8859-1"?>
<LTDLWOCR>
<!-- forcebtag -->
<tid>aaa82d00</tid>
<bt>518057260/7261</bt>
<bx>RJR4353</bx>
<dd>19960321</dd>
<dt>CONTRACT;FORM;PRINTOUT</dt>
<!-- Note:co:Y-->
<np>RJR;SOUTHLAND;7 ELEVEN;PETERSON TA;PECKHAM KL</np>
<!-- Note:dl:19990107-->
<pg>2</pg>
<!-- Note:rn t="m":CALIFORNIA 1RFP15-->
<!-- Note:sh:19981106-->
<!-- Note:s:MARKETING;SALES;ROU WAREHOUSE-->
<ti>RJ REYNOLDS PARTNERS PROGRAM - 1996 (19960000) CIGARETTE DISPLAY AND MERCHANDISING AGREEMENT FRANCHISE PARTICIPATION FORM.</ti>
<dl>20020201</dl>
<ot>51SM35UN - M35			ACCOUNT CONTRACT		UB/"l8/yb lU:lb AM
,						RJR VOLUME: 21
CCOUNfi: 934534			7 11	2175 #20248		WEEKLY VOLUME: 156
ERRITORY: 542608
ORP: C	ROUTE: 011 2705 HUNTINGTON DR DUARTE CA
TAX-ID: 000000000 CHAIN-ID: 0001-05-03 7-11 SOUTHWEST GROUP
CT
ODE TYPES &lt;?&gt;	
PLAN	ROWS/
UNITS	
RATE	
AMOUNT	EFF
DATE	END
DATE	CALL
DATE	NC
CODE
_ 1BASE2
L2C_ _1
_250.00 250.00 04/96
51.00 51.00 04/96 12/96
PK AC MAT
(A)dd CONTRACT (C)hange OR (D)elete CONTRACT (E)ndin,g DATE FOR CONTRACT
(X) view NON-COMPLIANCE INFO view (H)istory info
Last change on 05-24-1996 at 12:54 by PECKHAM, KAREN L next ACCOUNT
PF4 = REVIEW NON-COMPLIANCE CALL CODES NEXT FUNCTION&lt;?&gt;:
nter-PF1---PF2---PF3---PF4---PF5---PF6---PF7---PF8---PF9---PF10--PF11--PF12---
MENU HELP NEXT NCCC NOTES ZOOM CNTR- CNTR+ CHAIN M31 EXIT

pgNbr=1
RJ REYNOLDS PARTNERS PROGRAM - 1996
CIGARETTE DISPLAY.AND MERCHANDISING AGREEMENT
FRANCHISEE PARTICIPATION FORM
Terrie A.
Pe440n
1. R.J. Reynolds Tobacco Company ("RJRT") and the Southland Corporation
("Southland") have entered into an agreement wherein RJRT shall provide to
7-Eleven corporate owned and operated stores display and merchandising
payments of $250.00 per month if certain RJRT display and merchandising
requirements are met (the "Program").
2. You may also wish to participate in the Program. The general RJR.T requirements
include reserving one permanent full price wraparound counter display at the store;
and RJRT approved illuminated sign with clock; and certain other cigarette
merchandising requirements. The specific Program requirements are more fully
described in the Cigarette Display and Merchandising Agreement
(the "Agreement").
3. The display and merchandising payments for all participating 7-Eleven stores,
including any franchised stores, shall be paid to Southland on a quarterly basis. All
Program payments received by Southland from RJRT shall be distributed to all
qualifying 7-Eleven stores, including participating franchised stores.
4. By executing this Franchisee Participation Form, you hereby agree to the
applicable Program terms and conditions contained in the Agreement. RJRT shall
solely determine compliance under the Program, and shall be solely responsible for
disqualifying participating stores from the Program including your store. '
5. RJRT and Southland recognize that franchisees are independent contractor who
determine the manner and means of operating their 7-Eleven franchises pursuant to
the terms of the franchise agreement and, as such, solely determine whether to
participate in the Program.
IF YOU WISH TO PARTICIPATE IN THE PROGRAM, YOU MUST SIGN IN S~S 1/
THE SPACE PROVIDED BELOW AND RETURN THIS FORM TO YOUR
FIELD CONSVI.~ ANT.
Franchisee 7-Eleven Store No
Printed Name f C.
Date Store Address
drform.doc

pgNbr=2
</ot>
</LTDLWOCR>
