<?xml version="1.0" encoding="ISO-8859-1"?>
<LTDLWOCR>
<tid>aav48c00</tid>
<bt>2083786205</bt>
<dd>19930903</dd>
<dt>LETT, LETTER</dt>
<au>DOHERTY,M</au>
<rc>SUTHERLAND,G</rc>
<ca>DANIEL J EDELMAN; EDELMAN PUBLIC RELATIONS WORLDWIDE; EDELMAN SPORTS</ca>
<cr>WESTERN WA FAIR</cr>
<no>MARLBORO ADVENTURE TEAM THEATRE</no>
<!-- Note:co:ATCH, ATTACHMENTS MISSING-->
<fn>2083786152/2083786432/930000 MARLBORO - CORRESPONDENCE: MISC.</fn>
<!-- Note:si:N596-->
<!-- Note:s:SAMPSON,STEVE/CARLSTADT-->
<pg>1</pg>
<!-- Note:lu:MILE/PRODUCED-->
<!-- Note:dl:20030311-->
<!-- Note:b:MARLBORO-->
<dl>20030415</dl>
<ot>DANIEL J. EDELMAN, INC.
211 East Ontario Street
Chicaqo, Illinois 60611
Phone 312. 280-7000
Fax 312. 280-7054
Public Relations Worldwide
EDELMAN
Sports
September 3, 1993
Ms. Gwynneth Sutherland
Western Washington Fair
110 9th Avenue S.W.
Puyallup, Washington 98371
Dear Gwynneth:
Per our telephone conversation on Thursday, September 2, enclosed you will find 15 press
folders for the Marlboro Adventure Team Theater. As we discussed, please make them
available to the press by placing them in the media center at the fair. If you have any
questions please do not hesitate to call me at (312) 280-7086.
Thank you for your assistance!
Sincerely,
Mary Doherty
Account Executive
ChicBgo Da!!FS Houston Los Anqeles N3w Ic�i _.t. L.ows Syn F,Pnc!sco SI!icon V3:!r'y WflshinatoC
Buenos Aires buGhn Fr,&gt;nktun London 61arJr~o Meq .wne Mrn'co CfYi hlilan Fars '&gt;y7ney Monfrea: T.-r.,nro
N^..n ~ tiO::f7 k,.flid :-.r;'.Lur Sm4anC'3 TOkyG
pgNbr=1
</ot>
</LTDLWOCR>
