<?xml version="1.0" encoding="ISO-8859-1"?>
<LTDLWOCR>
<!-- forcebtag -->
<tid>aav21f00</tid>
<ti>B&amp;W Records Retention Program/001.</ti>
<dt>Memo</dt>
<dt>Correspondence</dt>
<dd>19890609</dd>
<au>Fridell-P;BW</au>
<!-- Note:ci:10004026-->
<!-- Note:rn t="m":C22 -->
<pg>1</pg>
<!-- Note:ag:0-->
<!-- Note:dl:19981123-->
<bt>620775418</bt>
<dl>20020201</dl>
<ot>BROWN &amp; WILLIAMSON TOBACCO CORPORATION
RESEARCH &amp; DEVELOPMENT
INTERNAL CORRESPONDENCE
TO:
FROM: P. H. Fridell
DATE: June 9, 1989
SUBJECT: B&amp;W RECORDS RETENTION PROGRAM/001
Two additional Records Retention Program Review Meetings are being
held for those of you who either were missed or were unable to attend
the first sessions.
These sessions will be held on June 13 and June 14 at 10:00 AM in the
Research Conference Room. You are scheduled to attend the June 14
meeting. Please call Diane Leasor if you can't make your scheduled
time.
PHF/ld1
2595a
620775418
pgNbr=1
</ot>
</LTDLWOCR>
