<?xml version="1.0" encoding="ISO-8859-1"?>
<LTDLWOCR>
<!-- forcebtag -->
<tid>aan73d00</tid>
<bt>509384343</bt>
<rc>LEARY N;RJR</rc>
<au>STEVENSON M;I BB;RJR</au>
<bx>RJR1581</bx>
<!-- Note:b:CAMEL-->
<pc>BURROWS D;PASTERCZYK R;SMITH KW;RJR</pc>
<dd>19930518</dd>
<dt>LETTER</dt>
<!-- Note:co:Y-->
<np>EHMANN;SMITH KW</np>
<!-- Note:dl:19980227-->
<pg>1</pg>
<!-- Note:rn t="m":MINNESOTA 1RFP124;MOORE 1RFP2-->
<!-- Note:sh:19960515-->
<!-- Note:s:R&amp;D;PRODUCT DEVELOPMENT;JAKOB SW;MGR-->
<ti>PRODUCT NEWS.</ti>
<dl>20020201</dl>
<ot>I
Interoffice Memorandum
Subject: PRODUCT NEWS Date: May 18, 1993
To: Mr. Ned Leary
From: Melanie Stevenson
Attached are the product daims and product news which have been screened
quantitatively by BIAD. Also attached is Dr. Ehmann's presentation. These are
considered "generic" statements which could be applied to any of our brands. I think
the next step for CAMEL is to generate news which may be unique to CAMEL. Ken
Smith and I plan to pull a group of people together within the next couple of weeks for a
session. We will be contacting you for participants.
Please call should you have questions or comments.
Melanie Stevenson
bb
Attachments
Copy: Ms. Diane Burrows
Ms. Reggie Pasterczyk
Mr. Ken Smith
pgNbr=1
</ot>
</LTDLWOCR>
