<?xml version="1.0" encoding="ISO-8859-1"?>
<LTDLWOCR>
<!-- forcebtag -->
<tid>aac95a00</tid>
<bt>500322894</bt>
<au>LIGGETT</au>
<bx>NA</bx>
<!-- Note:b:LIGGETT BRANDS-->
<dd>19750000</dd>
<dt>ADVERTISEMENT</dt>
<!-- Note:co:N-->
<!-- Note:dl:20050216-->
<pg>1</pg>
<!-- Note:rn t="m":US COMPREHENSIVE REQUEST 47; WALLACE 1RFP1; WALLACE 9RFP69-->
<!-- Note:sh:NA-->
<!-- Note:s:MDD; MDIC-->
<ti>NEW VELLO. ONLY 11MG. &amp;quot;TAR&amp;quot; 0.8 MG. NICOTINE.</ti>
<dl>20050225</dl>
<ot>5o33a age9v
F
Warning. The Surgeon General Has Oetermined I
That Cyarette Smolong Is Oangerous mYaur HeaHh.
x. c:,.srrs

pgNbr=1
</ot>
</LTDLWOCR>
