<?xml version="1.0" encoding="ISO-8859-1"?>
<LTDLWOCR>
<tid>aay55e00</tid>
<bt>2042812157</bt>
<!-- Note:br t="m":2042812136/2184-->
<dd>19840300/E</dd>
<dt>PACK, CIGARETTE PACKAGES, CARTONS</dt>
<!-- Note:pa1:2042812139/2042812161&lt;/pa1-->
<!-- Note:si:N515-->
<!-- Note:s:MILLER,KAREN/CARLSTADT-->
<ti>APPENDIX D</ti>
<pg>1</pg>
<!-- Note:rn t="m":STMN/R1-004-->
<!-- Note:lu:STMN/PRODUCED-->
<!-- Note:dl:19980605-->
<!-- Note:b:PLAYERS-->
<dl>20020201</dl>
<ot>2042812157
LO
F--
pgNbr=1
</ot>
</LTDLWOCR>
