<?xml version="1.0" encoding="ISO-8859-1"?>
<LTDLWOCR>
<tid>aam27e00</tid>
<bt>2028742198</bt>
<!-- Note:br t="m":2028742191/2199-->
<dd>19930505</dd>
<dt>CHAR, CHART, GRAPH, TABLE, MAPS</dt>
<dt>SCRT, REPORT, SCIENTIFIC</dt>
<ca>INBIFO, INSTITUT FUR BIOLOGISCHE FORSCHUNG</ca>
<!-- Note:co:DRFT, DRAFT-->
<!-- Note:si:I7-->
<!-- Note:s:INBIFO/CRC COMMUNICATIONS-->
<ti>TABLE ANALYIS OF VARIANCE FOR BODY WEIGHT FOLLOWED BY DUNCAN MALE RATS</ti>
<pg>1</pg>
<!-- Note:rn t="m":STMN/R2-038-->
<!-- Note:lu:STMN/PRODUCED-->
<!-- Note:dl:19980605-->
<!-- Note:b:1R4F-->
<dl>20020201</dl>
<ot>_, osr0a . � 9
R3;pORT P--/3197, Bqd-VAR2
'~ 9.30505

DATS.' , : BODY WEIGHT
13-APR--9:f
- 20�-APR--93
2 T-AP R-.9 3 -
0a--riAY-93'

,1R4t'
VS. vs. URSUS LOW. ~ URSUB HIGH
...
;:

TABLE ANALYSIS OF* VARIANCE lPOR BODY.WEI'GH.T FOLL.OWE.
MALE RATS' ,
URS 8`' LOW
VS.. '
UAS, 8 HIGH
BY DUNCAN'

pgNbr=1
</ot>
</LTDLWOCR>
