<?xml version="1.0" encoding="ISO-8859-1"?>
<LTDLWOCR>
<!-- forcebtag -->
<tid>aaf51c00</tid>
<bt>523170613</bt>
<bx>NA</bx>
<!-- Note:b:DORAL-->
<dd>19970831</dd>
<dt>PROMOTIONAL MATERIAL</dt>
<!-- Note:co:N-->
<np>HIXON D</np>
<!-- Note:dl:20021015-->
<pg>1</pg>
<!-- Note:rn t="m":US RESEARCH AND MANUFACTURING DOCUMENT PRODUCTION; WILLARD BROWN 1RFP27-->
<!-- Note:sh:NA-->
<!-- Note:s:OPERATIONS; QUALITY ASSURANCE; YOUNG TR; MGR-->
<ti>I WANT TO CELEBRATE WITH DORAL!&amp;quot; CONTEST. OFFICIAL ENTRY FORM.</ti>
<!-- Note:tp:YOUNG ADULT SMOKING-->
<dl>20030115</dl>
<ot>.~Nltocf�fi#arF
Wlifl UURALN
.
I CONTESt
offt c i4aa Entry rorm
OFFER RESTRICTED TO SMOKERS 21 YEARS OF AGE OR OLDER
029553067
DDRLENE NIXON
1161 LRKE DVE APT 121
METRIRIE,.LD 70005
I want the Aoral team to come
4,10/%. 1A . .
~~~~-'_
~
. o ~
..
I�

~,
~~
_
~
Send your pl to and completed z47
entry form to:
"9 Wanf To Celebrate With Doral" Contest
P.O. Itox 568S
Atfn: Dep17.47
Norwood, MN 55583-5685
Only this fomr will be accepted. lf necessary, attach
additional sheets for essay answer. No facsimiles or
copies will be accepted. Original addressee only.
Entries must be received by August 31, 1997.

pgNbr=1
</ot>
</LTDLWOCR>
