<?xml version="1.0" encoding="ISO-8859-1"?>
<LTDLWOCR>
<tid>aao94c00</tid>
<bt>2505508423A</bt>
<!-- Note:br t="m":2505508423/8423A-->
<dd>19991101</dd>
<dt>EMAI, E-MAIL</dt>
<au>DEMPSEY,R</au>
<rc>ASANTE,D; BERLIND,M; HURWITZ,E; LIPTROT,M; MURPHY,V; SANDERS,E; WINOKUR,M</rc>
<np>NELMES,A; SADLER,P; XX TED</np>
<no>GALLAHER; PM; TMA, TMA</no>
<fn>2505508000/2505508747/UK HSE ACOP 990000; 2505508421/2505508437/PM CORRESPONDENCE INTERNE.</fn>
<!-- Note:si:E12-->
<!-- Note:s:DEMPSEY,RUTH/OFFICE-->
<ti>TMA ACOP SUBMISSION</ti>
<pg>1</pg>
<!-- Note:lu:FEDA/PRODUCED-->
<!-- Note:dl:20020911-->
<dl>20021209</dl>
<ot>-----Original Message-----
From: Dempsey, Ruth
Sent: Monday, November 01, 1999 10:44 AM
To: Asante, Dominic; Berlind, Mark; Hurwitz, Even; Liptrot, Martin; Murphy, Virginia; Sanders, Edward; Winokur, Matt
Subject: TMA ACoP submission
Briefly - I have had a conversation with Andy Nelmes (Gallahers) about the latest draft. In essence he is in
agreement with the proposed changes by PM and has expressed this to Paul Sadler. (I think it is fair to say that
Andy's understanding of the points we raised has been largely helped by the numerous conversations he has had
with Ted on this subject.) He is waiting final comment from Gallahers legal advisor with the overall
recommendation that the version incorporating PM's comments is the better version and should be used unless
there is good argumentation against using it. According to Andy, Paul Sadler is thus reconsidering his position.
We will probably not hear any further news before tomorrow morning. I have expressed my availability to anyone
from the TMA who may seek clarification for any of the points we raised.
I sit and wait - I suggest we all do likewise!
with kind regards,
Ruth
WSA EU / EE / CEMA Regions
Tel:+41 32 888 5636
Fax: +41 32 888 5776
e-mail: dempsey.ruth@pmintl.ch

pgNbr=1
</ot>
</LTDLWOCR>
