<?xml version="1.0" encoding="ISO-8859-1"?>
<LTDLWOCR>
<!-- forcebtag -->
<tid>aag31d00</tid>
<bt>500255912</bt>
<rc>WINEBRENNER JT</rc>
<au>PIEHL DH; RJR</au>
<bx>RJR4891</bx>
<!-- Note:b:CAMEL; DORAL; VANTAGE; WINSTON-->
<pc>ESKEW TH; UNK; JOHNSON DP; UNK</pc>
<dd>19790201</dd>
<dt>LETTER</dt>
<!-- Note:co:Y-->
<np>ESKEW T</np>
<!-- Note:dl:20010419-->
<pg>1</pg>
<!-- Note:rn t="m":MITCHELL INT27-->
<!-- Note:sh:20010411-->
<!-- Note:s:R&amp;D; BRAND R&amp;D-->
<ti>VANTAGE AD COPY.</ti>
<!-- Note:tp:ETS IN-HOUSE RESEARCH; SMOKING BY-PRODUCTS-->
<dl>20021018</dl>
<ot>Subject: VANTAGE Ad Copy
Date: February 1, 1979
S E_ C `), tT
To: hir. J. T. Winebrenner From: D. H. Piehl
With reference to Tom Eskew's memo to you of January 29, and his request
for assistance on the concentrated taste theme for VANTAGE, here is my response.
The geometry of the VANTAGE filter causes the smoke stream exiting the
cigarette to be more concentrated in terms of the "tar" or total particulate
matter per unit area at the center of the filter than at the edge.
We have limited visual laboratory evidence to show that the smoke stream
of the original VANTAGE filter is more concentrated compared to WINSTON, CAMEL,
DDRAL and Menthol Lights. However, most air-diluted brands tend to show the
same phenomena to a lesser degree.
We recently made the same visual observations on current VANTAGE with the
SCS III filter, but have not tested the 9 mg VANTAGE with air dilution. We have
no evidence that this more concentrated smoke improves taste.
Please let me know if we can be of further assistance.
:ki
Xc: �ir. T. H. Eskew
~4r. D. P. Johnson

pgNbr=1
</ot>
</LTDLWOCR>
