<?xml version="1.0" encoding="ISO-8859-1"?>
<LTDLWOCR>
<tid>aaf53c00</tid>
<bt>92124450</bt>
<dd>19920123</dd>
<dt>MEMO, MEMORANDUM</dt>
<dt>BRPL, BRAND PLAN; CHAR, CHART/GRAPH/MAPS; PROM, PROMOTIONAL MATERIAL</dt>
<au>TSIGRIKES,P</au>
<rc>MAGID,B</rc>
<pc>AUGUSTYN,KP; HAMMER,R; LEONG,W; RYAN,B; SCIANNIMANICO,S; WERTHEIMER,S</pc>
<np>WERTHEIMER,S</np>
<ca>LOR, LORILLARD</ca>
<cr>LOR, LORILLARD</cr>
<no>ALL WAYS ADVERTISING; BRAND GROUP</no>
<fn>92124252/92124532/PETER TSIGRIKES CHRONO (NEWPORT)</fn>
<!-- Note:si:N89-->
<!-- Note:s:TSIGRIKES,PETER/OFFICE-->
<ti>NEWPORT FIELD PROMOTIONS BI-MONTHLY LORILLARD INFORMER ARTICLES</ti>
<pg>1</pg>
<!-- Note:rn t="m":R1-151-->
<!-- Note:lu:FEDA/PRODUCED-->
<!-- Note:dl:20020314-->
<!-- Note:b:NEWPORT-->
<dl>20030115</dl>
<ot>~jb/uC!///YIi
MEMORANDUM
January 23, 1992
TO: B. Magid
FROM: P. Tsigrikes ~r/
SUBJECT: Newport Field Promotions
Bi-Monthly Lorillard Informer Articles
----------------------------------------------------------------------
i
This requests that Sales Promotion ask Newport's field promotion
agency, Always Advertising, to prepare a bi-monthly article.for
submission to the Lorillard Informer. The article should aim to fill
two pages of the Informer and include photographs.
Each article can highlight a different area of the Brand's field
marketing efforts (van intercept sampling, club events, club sampling,
music van, racing car). The goal of the article should be to give a
brief description of what the program entails and the role it plays in
Newport's marketing efforts.
This will allow Always the opportunity to keep all Lorillard
employees appraised of the significant contributions that field
promotions make in building Newport's business. (similar to their
efforts to keep the Brand Group informed via quarterly audio/video
tapes)
Articles should be submitted to the Brand Group (c/o S. Wertheimer)
according to the following schedule.
Deadline Date	For Inclusion in issue
Feb.	28	March - April
Apr.	29.	May - June
Jun.	25	July - August
Aug.	27	September - October
Oct.	26	November - December
cc: K.P. Augutyn S. Sciannimanico
B. Ryan S. Wertheimer
R. Hammer W. Leong

pgNbr=1
</ot>
</LTDLWOCR>
