<?xml version="1.0" encoding="ISO-8859-1"?>
<LTDLWOCR>
<tid>aae06e00</tid>
<bt>2044688034</bt>
<dd>19840100/E</dd>
<dt>ADCO, ADVERTISING COPY</dt>
<!-- Note:pa1:2044688033/2044688034&lt;/pa1-->
<!-- Note:si:N420-->
<!-- Note:s:MARKETING PROMOTIONS USA/CARLSTADT-->
<pg>1</pg>
<!-- Note:rn t="m":STMN/R2-039-->
<!-- Note:lu:STMN/PRODUCED-->
<!-- Note:dl:19980605-->
<!-- Note:b:VIRGINIA SLIMS-->
<dl>20020201</dl>
<ot>hfEW
VIRGINIA
SLIMS
~201M

To attach the Virginia Slims
cutout, peel off the release
paper from the adhesive pad
on the back. Carefully place
cutout at top of the dispenser
so that it is centered left,
and right and its bottom
edge lines up along the line
shown on the illustrationB-~ left,
pgNbr=1
</ot>
</LTDLWOCR>
