<?xml version="1.0" encoding="ISO-8859-1"?>
<LTDLWOCR>
<tid>aad80e00</tid>
<bt>92096114</bt>
<dd>19930405/E</dd>
<dt>FORM, FORM</dt>
<dt>PROM, PROMOTIONAL MATERIAL</dt>
<!-- Note:co:BLAN, BLANK-->
<fn>92096051/92096230/MEMOS - LORILLARD;  92096052/92096229/GENERAL LORILLARD MEMOS; </fn>
<!-- Note:si:N42-->
<!-- Note:s:LINDSLEY,VICTOR/OFFICE-->
<ti>KENT SLIM LIGHTS BOX 100'S $4.00 OFF CARTON PROMOTION</ti>
<pg>1</pg>
<!-- Note:rn t="m":R1-004; R1-132-->
<!-- Note:lu:STMN/PRODUCED-->
<!-- Note:dl:19980605-->
<!-- Note:b:KENT-->
<dl>20020201</dl>
<ot>TO: DATE
FROM:
KENT SLIM LIGHTS BOX 100's
$4.00 OFF CARTON PROMOTION
CONSUMER OFFER: $4.00 off a carton of KENT Slim Lights Box 100's cigarettes.
DISPLAY PERIOD June-July-August 1993
DISPLAY BRANDS: KENT Slim Lights Box 100's
DISPLAY AGREEMENT: Lorillard Sales Representative will supply all display materials and assemble
display. Display containing couponed product will be placed on a self-service
basis for a two-week period.
AUTHORIZATION FOR PLACEMENT:
TYPE DISPLAY NO. CARTONS
COUNTER
FLOOR
DATE: FROM TO
STORES PARTICIPATING:
THE FOLLOWING QUANTITY OF KENT SLIM LIGHTS BOX 100'S CARTONS MUST BE AVAILABLE FOR THE
LORILLARD SALES REPRESENTATIVE TO ASSEMBLE THE DISPLAY ON THE DATE INDICATED ABOVE.
NO.
KENT SLIM LIGHTS CARTONS
Box 100's
MERCHANDISE:
WILL BE ARBITRARILY SHIPPED TO STORE.
ORDER THROUGH YOUR SUPPLIER.
Authorized by: Date:
pgNbr=1
</ot>
</LTDLWOCR>
