<?xml version="1.0" encoding="ISO-8859-1"?>
<LTDLWOCR>
<!-- forcebtag -->
<tid>aaq90c00</tid>
<ti>Report Of Meeting Of Research Directors Of Six Companies</ti>
<dt>MEMO</dt>
<dt>Memo</dt>
<dd>19680320</dd>
<au>Harlow-ES</au>
<np>Bates-WW; Griffith-RB; Harlow-ES; Markunas-PC; Wakeham-HR; Spears-AW; Topol-AJ; Endicott; Beck; Senkus-M; Stokes; University of Kentucky; Keller-NC; State University; Moore; USDA; Council For Tabacco Research; Ecusta; Schweitzer; Little-CC; Hoyt-T; Lynch; Jacobson; Bing; AMA; SAB; Loosli; Mason Laboratories; Lisanti; Reimann; Huebner; Massero; Myers; University Of Chicago</np>
<!-- Note:co:Confidential; Marginalia-->
<!-- Note:ci:20000178-->
<!-- Note:rn t="m":41-->
<!-- Note:rn t="o":20000178B179-->
<pg>5</pg>
<!-- Note:ag:12982818-->
<!-- Note:dl:20020712-->
<bt>955003778/3782</bt>
<!-- Note:br t="a":A-750-001; A0000750-001; ATX140000213/A-750-005; A0000750-005; ATX140000217-->
<dl>20030215</dl>
<ot>.,
Dr. Griffith reported discussions among Bill Bates, Murray Senkus,
Dr. Stokes, University of Kentucky, Dr. Keller, N. C. State University,
Dr. Moore, U.S.D.A., and himself. The results of these discussions as. .
reported by Dr. Bates, who served as chairman of the subcommittee of The Council for Tobacco Research Technical Committee, are as.follows: . 1. The University of Kentucky (Dr. Stokes) will assume responsibility
for delineating specifications for a!'reference".cigarette. The Univeisity
will submit requirements-for-the "reference" cigarettes together with specifications to various U. S. manufacturers. Bids from manufacturers will be requested and selection of manufacturer will be based on the lowest'bid, presumably.
- - The following general specifications have been more or less agreed upon among the discussants: . .
III. "REFER.ENCE" CIGARETTE.
Length - 85 mm . . . . ..
Type - non-filter . - Circumference- 25 mm . Paper - Originally cigarette paper in use generally about ten years ago (non-porous and non-
impregnated) was suggested, however, it was .
the consensus of our group that a cigarette ,
paper of current average specifications as suggested by the two major cigarette paper
suppliers, Ecusta and Schweitzer, would be
. more appropriate. Tobacco blend - The blend is to be made up of the four main types of tobacco, burley, flue-cured, Maryland,
and Turkish, and-should include a component
which incorporates the use of some stemmy ,
. . material. Ratherthan delineate the form, .
~
- this component would bemadefrom all ofthc ', bright'stems from'the bright leaf in theblend:.
.. The stem component could be rolled, cut or ..
in RC sheet form. . .
7i9
ED FROM B&amp;W WEB SITE

pgNbr=1
Tobacco blend - The proportions of the types used-in the blend
(continued) would be based upon the available disappearance
of the cigarette grades over the last five years from U.S.D.A. statistice.Dr. Bates'
indicated that he would ask his Turkish experts
to prepare a description of the Turkish blend..
. defined by countries of origin and districts-, .
and based upon disappearance figures.:: This
deseription would be submitted to each.of the directors for referral to each company's .
Turkish leaf people to assure that it adequately .
represented a reasonable facsimile of Turkish used in domestic cigarettes..' .
Nicotine content - A target nicotine content will be stated. . pressure drop - A target pressure drop for the cigarettes
will be given.
Casing and - The blend will be spray-cased with only sugar .
Flavor and glycerine. Suggestions as to amounts of '.
sugar and glycerine to be used may be solicited
from each director verbally by a Univ. of .
Kentucky representative, presumably Dr. Stokes.~
Packaging - Cigarettes will be packaged in soft packages,'cartoned and wrapped as if for shipment overseas.
2. General; It is�anticipated.that "reference" cigarettes may be made
up in this fashion in accordance with demand. The University of. Kentucky Research
Foundation will handle the entire project and will furnish users of the cigarettes
a brochure which will indicate the desirability for each user to obtain sufficient
cigarettes which may be kept in cold storage to complete his experimentation and ,
avoid the-necessity for obtaining "reference" cigarettes from another lot. Incidentally, information available indicates cigarettes may be kept in cold
storage for about, fiveyeara. It'is desirable to ascertainI iust exactly how lonu-
ciRarettes can be kept in cold storage without changing significantly.
C.T.R. endorses this program completely.
0, 0
_ FROM B&amp;W WEB SITE

pgNbr=2
Dr. Massero, epidemiologist for the Veterans' Administration in the Distr
of Columbia, and Dr.Myers from the University of Chicago. .
;4s
Some interest was expressed in obtaining more information concerning
the Gratz study of lung cancer in Austria. There was no enthusiasm for a study of the relation between body build and incidence of disease. Dr. Griffith reported that he also visited Dr. Loosli's laboratory and
spent considerable time in Dr. Loosli's company. He obtained the impression that Dr. Loosli might be interested in a CTR staff position.~.- V. HILTON HEAD REPERCUSSIONS.
Dr. Griffith inquired if.it wae appropriate too discuss generally any
outgrowth of the Hilton Head meeting. No one objected although Dr. Wakeham
remarked that he had nothing to contribute. Dr. Griffith then stated the .
attitude of his company was completely negative on the establishment of an ~
organization such as."The Cigarette Research Institute". His company does
accept the principle of attempting to obtain greater contributions from .
industry technical personnel and desires to provide an opportunity for increased participation by technical people in overall industry problems.
The undersigned stated that our reaction was, at present, negative to the .
formation of any such organization as-"The Cigarette Research Institute".
However, we would like to continue to participate in any deliberations involving this subject and its ramifications. -
After some discussion it was suggested that one area of joint effort
should be selected from those which were discussed at Hilton-Head Island;
plans should be made for implementing accumulation of information in the
one area by the scientific directors, after which the project could be
discussed in a joint meeting with legal representatives from the various
participating companies. A meeting of the scientists was scheduled for
April 2 at 9:30 A.M. at The Institute in Washington to discuss pooling of
information and reconrnendations for study on the broad subject of insecticides
on tobacco.
ESH�hc
3D FROM B&amp;W WEB SITE

pgNbr=3
IV. REPORT ON SCIENTIFIC ADVISORY BOARD MEETING HELD AT LeHOYA, CALIF
MARCH 2. 3, and 4.
Dr. Griffith highlighted the SAB meeting attended by him.
special program was held. Questions to be answered were:
On Mar
h 2
a
1. Where are we?
2. Where should we go?
Dr. C. C. Little reported on his attendance at the CTR meeting.. In..n
summary he said the CTR should not be considered to have unlimited funds;
that The Council desired a definite program; that a program similar to that
of Harrogate was not desired.
Tom Hoyt added that the present program should be reevaluated;,that no"longer was there a problem in finding receipients for grants (at present theree
are many more requests than available money); that definite programs should be considered to complete gaps in present knowledge. Drs. Lynch, Jacobsen, and Little spoke on the lack of ability to define productivity of basic research programs; Dr. Bing indicated that the AMA had the same problem. The SAB does not object to becoming involved in contract research. .
provided they are able to evaluate the scientific merits. It is notable -
that certain members of the Board, among them Dr..Bing, are.opposed to SAB .
participation in contract research. They would appreciate obtaining from ; .
the industry its attitude toward the grant-in-aid type program and extolled
the advantages provided by the presence of an industry scientist at SAB
meetings. The Board feels that grants can thus be discussed in true perspective.
Dr. Loosli opined that a more objective scientific evaluation was desirable.
SomeonewondVred if the Kurt Enslein multivariant analysis technique would be
useful in'the'grpnt-in-aidprogram provided one obtained grantee acceptance. Some of the other subjects discussed'were the Mason Laboratories
project which involves the exposure of 24,000 mice. This was presented by Dr. Lisanti. The SAB also asked Dr. Griffith to request the Technical.
Committee to consider the development of smoking.machinesfor biological .
research. (A meeting of the Technical,Committee was scheduled for Frida~y, ..
April 26 at ten o'clock at the CTR offices in New York to discuss the above
and other subjects pertinent to itsresponsibility)-.-,. Names of possible new members for the SAB to fill'thevacancy caused.'d
., .
by Dr. Reimann's recent death were: Dr. Huebner, eminent virologist,
1
E FROM B&amp;W WEB SITE

pgNbr=4
C 0 N F I D E N T I A L

REPORT OF MEETING OF RESEARCH DIRECTORS OF SIX COMPANIES
Washinfzton D. C., 19arch 15, 1968
Present were: Dr. W. W. Bates
. Dr. Robert B. Griffith - - Mr. Edward S. HarlowMr. Allan J. Topol
I. , LUNG CANCER TASK FORCE.

Dr. P. C. Markunas
Dr. H. R. Wakeham
Dr. A. W. Spears
Dr. Wakeham reported briefly on his and Dr. Senkus' attendance at:the
meeting of.the Endicott Committee. In summary, Dr. Endicott stated that.it
would be assumed by the committee that a causal relationship had been established
between smoking and lung cancer; that no consideration would be givento.this'
aspect. Since the meeting was recorded, Dr. Endicott made a statement off the
record - tape recorder unplugged - at which time he indicated that there really
was no need for a lung cancer task force, this work was already proceding under
other auspices. Also, of the money originally allocated only 1.4 million dollars remained. Incidentally, it is significant that of this 1.4 million
dollars remaining 1.1 million dollars deals with smoking research..
Dr. Wakeham stated that discussions were held among the committee
members present involving the comparative merits of bioassay techniques.
Industry representatives did not participate in this discussion. Apparently
there was evidence of disagreement concerning the importance of assaying the
effect of vapor and particulate phases. Skin painting, the injection techniques,
cilliary activity in trachea and inhalation studies were discussed.
No conclasions were reached and adjournment took place following.anannouncement that the committee would aieet again the first week'in May. At"' -
this meeting a further discussion of bioassay would take place as wellas
discussion of the complexity of smoke. No meetings following.the May meeting
are anticipated until the end of the summer. . . .
II. CHEMOSOL.
A reply:to Mr.Beck's letter, has been;made by our counsel;.our attitude-
regarding Chemosolis unchanged. No action is necessary until a response is
obtained from our counsel's letter. .
,7;8
3D FROM B&amp;W WEB SITE

pgNbr=5
</ot>
</LTDLWOCR>
