<?xml version="1.0" encoding="ISO-8859-1"?>
<LTDLWOCR>
<tid>aat41c00</tid>
<bt>2085772152C/2154</bt>
<dd>20020111</dd>
<dt>EMAI, E-MAIL</dt>
<au>PHILLIPS,MW</au>
<rc>VARGAS,C</rc>
<np>ALBRECHT,J; BLIXT,C; PAYNE,T; REMES,D; XX ALFREDO; XX HARVEY</np>
<no>RJR, R.J.REYNOLDS</no>
<!-- Note:co:ATTY, ATTORNEY WORK PRODUCT; CONF, CONFIDENTIAL-->
<!-- Note:si:W16-->
<!-- Note:s:HOEL,JOHN/OFFICE-->
<ti>NEVADA AG WORKSHOP - MODEL T LEGISLATION</ti>
<pg>3</pg>
<!-- Note:lu:FEDA/PRODUCED-->
<!-- Note:dl:20030110-->
<dl>20030215</dl>
<ot>2085772153
An RJR lawyer....... me......Harvey and/or Alfredo......or someone else.
~
After a week or so or wrangling about who it should be, I wanted to let you
know that we've asked David Remes to go and speak on our
behalf. Alfredo and/or Harvey will accompany him. Strengthening the NPM
provisions in Model T will he his focus. Remese will make
it clear that he's speaking on behalf ofRJR, and only RJR, still there's
still no consensus on the precise language that would
'fix" the NPM situation.
Just wanted to give you a heads up.
2

pgNbr=1
Interscan_Disclaimer.txt
CONFIDENTIALITY NOTE: This e-mail message, including any attachment(s), contains
information that may be confidential, protected by the attorney-client or other
legal privileges, and/or proprietary non-public information. if you are not an
intended recipient of this message or an authorized assistant to an intended
recipient, please notify the sender by replying to this message and then delete it
from your system. use, dissemination, distribution, or reproduction of this message
and/or any of its attachments (if any) by unintended recipients is not authorized
and may be unlawful.
Page 1

pgNbr=2
-----Original Message-----
From: Phillips, Mike W(Ext Rel) [mailto:PHILLIM~a~tJRT.com]
Sent: Friday, January 11, 2002 8:23 AM
To: Vargas Cesar (E-mail)
Subject: Nevada AG Workshop - Model T Legislation
As you probably know, John Albrecht is holding a workshop in Las Vegas on
1/15 on possible changes to Nevada's Model T Statute.
Albrechtfi7xed an invitation to Chuck Blixt, our Chief General Counsel,
inviting us to attend the workshop and provide input. The
invitation was addressed to "Interested Parties,"so I'm not sure who all
has been invited.
Blixt and Tommy Payne fairly quickly concluded that we should accept the
invitation, but it was unclear as to who should go do it.
i

pgNbr=3
</ot>
</LTDLWOCR>
