<?xml version="1.0" encoding="ISO-8859-1"?>
<LTDLWOCR>
<tid>aai76e00</tid>
<bt>2057065021</bt>
<!-- Note:br t="m":2057065020/5021-->
<dd>19930513/E</dd>
<dt>CHAR, CHART, GRAPH, TABLE, MAPS</dt>
<ca>PM, PHILIP MORRIS</ca>
<!-- Note:pa1:2057065020/2057065021&lt;/pa1-->
<fn>2057065010/2057065167/MISSING</fn>
<!-- Note:si:R461-->
<!-- Note:s:ELLIS,CATHY/OFFICE-->
<pg>1</pg>
<!-- Note:rn t="m":STMN/R1-143-->
<!-- Note:lu:STMN/PRODUCED-->
<!-- Note:dl:19980605-->
<!-- Note:b:BARCLAY; CARLTON; DORAL; KENT; MERIT; PYRAMID; SALEM; TRIUMPH; TRUE;  VANTAGE; WINSTON-->
<dl>20020201</dl>
<ot>SENT BY:Xerox Telecopier 7021 ; 5-13-93 ; 13:52 ~
7 . , - .
IAY 13 '9S 12-41 PM-R&amp;D, CIGT TESTIliG SERYICES
'rAR 1'PM NiC Cd
v=.jtiim , T6B m =
Na
IQ
-4
SARCLAY 1/00	4.7	5.0	0.43	3.2	0.06
CAR,LT4A1 120	5.4	7.1	0.53	3.9	0.10
cAxzrrvra rsEN 120	418	7.0	0.46	3.9	0.10
DORAL UL KS	5.4	6.5	0.52	6.7	8.15
DORhL UL 100	5.:�	6.4	0.52	6.8	0.17
K&amp;NT :tI VL 1007	4.9	1.0	0.51	5.9	0.12
F"T IIZ UL 100 (aOX)	4.9	6.2	0.46	6.0	0.12
			� _ .		
idEkIT UL KS	4.6	5,1	0.45	5.1	0.14
KERIT UL KS (B4X )	5.5	5,9	0.45	4.9	0.12
KERIT ZJL MEN KS	413	6.5	0.44	5.2	0.13
ldERIT UL 100	5.4	7.1	0.32	6.5	0.15
MERXT UL MEN 100	5.3	5.9	0.52	6.9	0.16
tYRAruD UL 100	5.4	7.0	0.54	4.3	0.09
SALrJd UL FS	5.5	6.1	0.50	6.6	0.17
SALIM uL 300	5.5	6.2	0.54	7.5	0.14
TRYUMPH 100	4.a	6.6	0.45	6.0	0.11
fiRIuMBH M9N 300	5.1	6.7	0.45	6.7	0.11
TRUE MEN KS	4.?	5.7	0.47	4.8	0.12
VANTAGE UL KS ~	5.3	6.4	0.50	6.6	0.16
VANTR43r UL 100	4.8	6.3	0.49	6.6	0.17
WSNSTON UL 1a0	4.7	6.0	0.49	6.7.	0.14
		- -1

t -1C~J
A=	P.2
RCKo
Z=
	
0.01	0.14
0104	0.24
0.04	0.21
0.04	0.37
0.04	0.35
0.04	0.35
0.04	0.33
0.04	0.35
0.04	0.36
0.04	0.38
0.05	0.40
0.04	0.39
0.04	0,33
0.04	0.47
0.05	0.47
0.02	0.22
0.02	0.20
0.04	0.33 N
	0
0.,05	0.47 ~
0.04	0.47 G~
O
0.04	0.44~

pgNbr=1
</ot>
</LTDLWOCR>
