<?xml version="1.0" encoding="ISO-8859-1"?>
<LTDLWOCR>
<tid>aai64a00</tid>
<bt>88958402</bt>
<dd>19840423</dd>
<dt>LETT, LETTER</dt>
<au>AMBROSE,S</au>
<rc>STONE,CJ</rc>
<ca>BORR, BORRISTON LABS</ca>
<cr>LOR, LORILLARD</cr>
<no>BORR, BORRISTON LABS</no>
<!-- Note:co:ATCH, ATTACHMENTS MISSING-->
<fn>88958307/88958509/NO. 463</fn>
<!-- Note:si:G41-->
<!-- Note:s:LIFE SCIENCE LAB 20/BASEMENT GMP-->
<pg>1</pg>
<!-- Note:rn t="m":R1-037-->
<!-- Note:lu:FEDA/PRODUCED-->
<!-- Note:dl:20010914-->
<dl>20040515</dl>
<ot>IDi01RIRllIlfi[A
IABORATORIES, INC.
Borriston L'aboratories, Inc:.
5050 &amp;rch Place
Temple HiIIS, Maryland 20748
Telephone~301-8993536
Telex: 248838
April 23, 1984
Dr. Connie J. Stone
LORILLARD, INC.
420 English Street
Greensboro, NC 27405
Dear Dr. Stone:
We are enclosing herewith two copies (1 white, L yellow) of our
Project Sheets for the following Borriston Project Numbers:
Project Sheet No. 2 - 1556(1-3) "INDUCTION OF HEPATIC MICROSOMAL ENZYMES"
Project Sheet No. 2 - 1557(1-3) "EVALUATION OF IMMUNOSUPPRESSIVE ACTIVITY
IN B6C3F1 MICE WITH B-165, A-64 AND A-36"
Project Sheet No. 4 - 1546(1-2) "INDUCTION OF HEPATIC MICROSOMAL ENZYMES"
We ask that you please review, date, sign, and RETURN THE WHITE COPY TO
US as Official Protocol, retaining the yellow copy for your files and
information.
If you should have any questions/comments concerning these Project Sheets,
please feel free to contact me.
Sincerely,

Sharon Ambrose
Study Director
SA:mpp
Enclosures
A Subsidiary of Dynamac International,. Inc.

pgNbr=1
</ot>
</LTDLWOCR>
