<?xml version="1.0" encoding="ISO-8859-1"?>
<LTDLWOCR>
<tid>aaj19e00</tid>
<bt>2500051662</bt>
<!-- Note:br t="m":2500051661/1667-->
<dd>19920624</dd>
<dt>REPT, REPORT, OTHER</dt>
<np>CIPOLLONE; OCONNOR; REHNQUIST; STEVENS; WHITE</np>
<no>3RD CIRCUIT APPEALS COURT; LIG, LIGGETT; PM COS</no>
<!-- Note:pa1:2500051661/2500051667&lt;/pa1-->
<!-- Note:s:POLLAK,LEE/OFFICE-->
<ti>FEDERAL FILINGS CRT SAYS TOBACCO COS CAN BE LIABLE IN STATE CRT - 3</ti>
<pg>1</pg>
<!-- Note:rn t="m":STMN/R1-104-->
<!-- Note:lu:STMN/PRODUCED-->
<!-- Note:dl:19980605-->
<dl>20020201</dl>
<ot>10:50 AM
FEDERAL FILINGS
10:45 Crt Says Tobacco Cos Can Be Liable In State Crt -3
FORM TYPE: LEGAL
ISSUER: PHILIP MORRIS COS.
SYMBOL: MO
As reported, the Supreme Court reversed in part
and affirmed in part the ruling of the Third Circuit Court
of Appeals in litigation involving Cipollone v. Liggett
Group. Liggett is owned by Philip Morris. The case is
remanded to a lower court.
Justice Stevens jointed by Chief Justice
Rehnquist, Justice White and Justice O'Connor said in the
opinion that the 1969 Act-(a corollary law to the 1965 law)
preempts certain of the petitioners failure to warn and
fraudulent misrepresentation claims but does preempt other
such claims or the claims based on express warranty or
conspiracy.
In the opinion the court ruled the following:
-- that the act as amended in 1970 "clearly
contemplates common law as well as statutes and regulations"
preempting Cipollone's claims for damages under failure to
warn;
-- Cipollone's claim for breach of express warranty
is not preempted;
-- Cipollone's first claim of fraudulent
misrepresentation which "alleges that respondents'
advertising neutralized the effect of the federally mandated
warning labels" is preempted;
claim alleging intentional fraud both by false
representation and concealment of material facts is not
preempted;
-- Cipollone's claim alleging conspiracy by Liggett
to misrepresent or conceal material facts concerning the
hazards of smoking is not preempted. 06/24/92 10:45
-- Cipollone's second fraudulent-misrepresentation
pgNbr=1
</ot>
</LTDLWOCR>
