<?xml version="1.0" encoding="ISO-8859-1"?>
<LTDLWOCR>
<tid>aah01e00</tid>
<bt>88062630</bt>
<dd>19791004</dd>
<dt>INVO, INVOICE</dt>
<ca>LOR, LORILLARD</ca>
<cr>LOR, LORILLARD</cr>
<no>HIGH POINT POLICE + VOLUNTEER PATROL</no>
<fn>88062616/88062932A/GREENSBORO COMMUNITY RELATIONS BUDGET -;  810000 - MISCELLANEOUS ITEMS - FILE NUMBER 2; </fn>
<!-- Note:si:G65-->
<!-- Note:s:SPEARS,ALEXANDER/BASEMENT GMP-->
<pg>1</pg>
<!-- Note:rn t="m":R1-004; R1-132-->
<!-- Note:lu:STMN/PRODUCED-->
<!-- Note:dl:19980605-->
<dl>20020201</dl>
<ot>I011M MO. P.O. 10t1
LT-J-70
NEW YORK 10017, October 4, 1979
LORILLARD
TO
A Division of Loe.v's 2beatees, lnc.
200 EAST 42nd STREET
Lorillard
G. A. D.
DM # 1
New York, N. Y.
10019
Greensboro Branch
		For Community Relations Expense per				
		attached. (Crime Prevention &amp; S afety				
		Manual - Hi h Point Police &amp; Volunteer				
		Patrol			125	00
						
						
						
						
						
						
						
						
						
f
pgNbr=1
</ot>
</LTDLWOCR>
