<?xml version="1.0" encoding="ISO-8859-1"?>
<LTDLWOCR>
<tid>aas48e00</tid>
<bt>1000750312</bt>
<!-- Note:br t="o":CFNC7702544-->
<dd>19771219</dd>
<dt>MEMO, MEMORANDUM</dt>
<dt>CHAR, CHART/GRAPH</dt>
<au>GRIZZEL,RE</au>
<rc>RUSAK,MJ</rc>
<pc>EICHORN,PA; LONGEST,WG</pc>
<!-- Note:co:MARG, MARGINALIA-->
<fn>1000750131/1000751456/6 82 065 1977 CORRESPONDENCE C77-02308 C77-03515 MISSING</fn>
<!-- Note:si:R100-->
<!-- Note:s:CENTRAL FILES/DATABASE CORRESPONDENCE-->
<ti>CHEMICAL COMPOSITION OF ORIENTAL LEAF TOBACCO (L7AQL)</ti>
<pg>1</pg>
<!-- Note:rn t="m":STMN/R3-012-->
<!-- Note:lu:STMN/PRODUCED-->
<!-- Note:dl:19980605-->
<dl>20020201</dl>
<ot>PHILIPMORRIS U. S. A.
INTER - OFFICEC O RRESPON'DENCE
RICHMUN'q, VIRGINIA
To:
Mr. M. J. Rusak
Date: December 19, 1977
From: . . R. E. Grizzel
Subject: . Chemical Composition
Description
of Oriental Leaf Tobacco (L7AQL)
		% Total	% Total	%	%
Grade	Marks	.Alkaloids	Nitrogen	TVB	PEE
TCB	77/AIiL-753	1.09	1.3	0.1	3.9
LSK	77/AI'L-7'54	1.32	2.0	0.3	5.1
TIU	75/PM-805	0.66	1.9.	0.2	4.4
TIB	75/PM-807	0.54	1.9	0.2	4.1
TIB	75/PM-810	0.61	1.9	0.2	4.3
TIB'	75/PM-811	0.62'	2.0	0.2	4.0
TIK	75/PM-814	0.67	2.2	0.2	4.2
TIK	75/PM-818	0.71	2.2	0.2	4.3
Results reported on 12% moisture basis.
REG:gmm
cc: Mr. W. G. Longest
Dr. P. A. Eichorn
Analytical File
%
Sugars	%
Ash
15.4	15.7
8.0	18.3
11.4	14.0
13.0	16.8
11.7	16.0
10.7	16.6
9.3	19~.6
8'.6	20.0
v0
I
pgNbr=1
</ot>
</LTDLWOCR>
