<?xml version="1.0" encoding="ISO-8859-1"?>
<LTDLWOCR>
<!-- forcebtag -->
<tid>aar83d00</tid>
<bt>508904762</bt>
<rc>DUBE MF;RJR</rc>
<au>PERFETTI TA;I TBG;RJR</au>
<bx>RJRC2267</bx>
<!-- Note:b:WINSTON-->
<pc>SAVOCA MR;RYAN GA;PERFETTI TA;RJR</pc>
<dd>19840813</dd>
<dt>LETTER</dt>
<!-- Note:co:Y-->
<np>TI;SAVOCA MR;DUBE MF;GORI</np>
<!-- Note:dl:19980227-->
<pg>1</pg>
<!-- Note:rn t="m":MINNESOTA 1RFP59-->
<!-- Note:sh:19961031-->
<!-- Note:s:R&amp;D;PRODUCT DEVELOPMENT;PERFETTI TA;SR R&amp;D CHEMIST;20-02-05-05-->
<ti>SA STATUS.</ti>
<!-- Note:tp:CTR/TIRC/TI; SMOKING BY-PRODUCTS-->
<dl>20020201</dl>
<ot>R. J. REYNOLDS TOBACCO COMPANY
INTEROFFICE MEMORANDUM SENSORY EVALUATION DIVISION
SUBJECT: SA STATUS DATE: August 13, 1984
TO: M. F. DUBE FROM: T. A. PERFETTI
Activities on Project SA for the month of July were as follows:
o Attended Thirteenth Tobacco Institute College of Tobacco Knowledge in
Washington, D.C. A full report has been issued on this conference along
with tape recordings of the relevant presentations. (See I.O.M. dated July
23, 1984 to M. R. Savoca and M. F. Dube - Trip Report)
o A review of Project SA activities on malodor has been issued (July 25,
1984). The report deals with our present activities and includes
recommendations. The memo has been sent to M. F. Dube.
o PD 00211 and PD 00212 have been made in Research Plant. These eight (8)
products are Gori-type prototypes. They have a unique configuration, being
85mm and 22.5mm circumference. All prototypes have a visibly reduced
sidestream. Four of the prototypes contain G-26 (Propane puffed tobacco)
and have a significantly reduced visible sidestream compared to SAI
prototypes. The prototypes were prepared to examine the effects of ESP-CC
paper vs. 719, effects of G-26 vs. Winston Blend and the effects of
carbonized filler in Winston and G-26 blends.
Presently, the prototypes are non-air diluted. Plans are being made to air dilute
the products to - 8mg "tar". Initial smoking of the non-air diluted prototypes
indicate that all eight had acceptable burning properties and delivered a reasonably
good tobacco taste. Further work is planned during August on these prototypes.
cc: M. R. Savoca
G. A. Ryan
T. A Perfetti
77,
G
pgNbr=1
</ot>
</LTDLWOCR>
