<?xml version="1.0" encoding="ISO-8859-1"?>
<LTDLWOCR>
<tid>aai20c00</tid>
<bt>2085787651</bt>
<!-- Note:br t="m":2085787651/7653-->
<dd>20020118</dd>
<dt>EMAI, E-MAIL</dt>
<au>TOWNSEND,SV</au>
<rc>ALONSO,H; CUMMINGS,G; DESEL,P; DRIVER,RE; GREENBERG,P; HOPKINS,RL; JOHNSON,EJ; KOLLER,D; LEWIS,J; LILLY,A; LIPOWICZ,PJ; MCKINNEY,WJ; MILBY,DL; NEWMAN,KA; OSBORNE,K; PATSKAN,GJ; RIEGEL,D; SANDERS,E; SOLANA,R; VONHOLT,K</rc>
<pc>BAIRD,AM; BUGG,J; CANNON,EH; CONDREY,S; DIERKES,JS; GUNN,B; LOBOSCO,E; MARDOCK,MS; MILBY,C; RUSS,JW; SHADE,CR; TOWNSEND,S; TOWNSEND,SV; WASHINGTON,P; WHETZAL,M</pc>
<cr>PMMC, PHILIP MORRIS MANAGEMENT CORP</cr>
<no>OBT</no>
<!-- Note:si:R728-->
<!-- Note:s:LEWIS,JANE/SEC'Y FILES-->
<ti>RD&amp;E STAFF MEETING - FRIDAY, 000125</ti>
<pg>1</pg>
<!-- Note:lu:FEDA/PRODUCED-->
<!-- Note:dl:20030114-->
<dl>20030215</dl>
<ot>2085787651
Dierkes, Jo S.
From: Townsend, Sue V.
Sent: Friday, January 18, 2002 10:30 AM
To: Koller, Debbie; McKinney, W illie J; Holt, Klaus von; Hopkins, Roger L.; Desel, Paula; Driver,
Rob E.; Greenberg, Pete (MDF); Johnson, Earl J.; Lipowicz, Peter J.; Milby, David L.;
Osborne, Kevin (PMMC Legal); Patskan, George J.; Riegel, Dan; Sanders, Edward; A.Lilly;
GregoryCummings; HectorAlonso; JaneLewis; Newman, Ken A.; RickSolana
Cc: Cannon, Eleanor H.; ColleenMilby; Dierkes, Jo S.; JoyBugg; MaryWhetzal; SueTownsend;
Baird, Annette M.; Condrey, Sharon; Gunn, Betsy; Lobosco, Enza; Mardock, Marta S.;
PamelaWashington; Russ, Janice W.; Shade, Charlene R.
Subject: RD&amp;E Staff Meeting - Friday, January 25
Please find attached the RD&amp;E Staff Meeting agenda for Friday, January 25. The portion after lunch
will be for RD&amp;E Staff only.
 i
RDE Agenda
Jan2502.doc
The meeting will be held in the OBT Conference Room.
Thanks,
Sue

pgNbr=1
</ot>
</LTDLWOCR>
