<?xml version="1.0" encoding="ISO-8859-1"?>
<LTDLWOCR>
<tid>aau13c00</tid>
<bt>92160946/0949</bt>
<dd>19940600/E</dd>
<dt>MEPL, MEDIA PLAN</dt>
<dt>CHAR, CHART/GRAPH/MAPS</dt>
<ca>GATEWAY</ca>
<fn>92160925/92161033/RESEARCH - R&amp;F'S ETC.;</fn>
<!-- Note:si:N86-->
<!-- Note:s:NICOLAISEN,PAT/OFFICE-->
<ti>EIGHT SHEET REACH AND FREQUENCY ESTIMATOR CHICAGO NUMBER 100 BLACK ETHNIC SHOWING</ti>
<pg>4</pg>
<!-- Note:rn t="m":RS-002-->
<!-- Note:lu:THOM/PRODUCED-->
<!-- Note:dl:20000530-->
<dl>20030115</dl>
<ot>EIGHT-SHEET REACH AND FREQUENCY ESTIMATOR / CHICAGO / r'1100 BLACK ETHNIC SHOWING
Population of Coverage Area
Average DEC
Number of Panels in Showing
Total Circulation
Gross Rating Points (GRP)	1,107,100
5,536
200
1,107,200
100.00903					
ADULTS			MEN			WOMEN	
Total	Reach	87,03	Tolal	Reach	93.17	Toial	Reach
	Frequency	29.30		Frequency	29.30		Frequency
18-34	Reach	93,75	18-34	Reach	94.29	18-34	Reach
	Frequency	32.00		Frequency	35.00		Frequency
18-49	Reach	93.24	18-49	Reach	93.75	10-49	Reach
	Frequency	29.60		Frequency	32.00		Frequency
25-49	Reach	93.10	25-49	Reach	93.63	25-49	Reach
	Frequency	29.00		Frequency	31.40		Frequency
25-54	Reach	92.88	25-54	Reach	93.51	25-54	Reach
	Frequency	20.10		Frequeney	30.80		Frequency
13-18	Reach	88.4-0					
	Frequency	17.30					
INCOME LEVELS						
Low	Reach	90.29	Low	Reach	91.31	Low	Reach
	Frequency	20.60		Frequency	23.00		Frequency
Medium	Reach	92.22	Medium	Reach	92.65	Medium	Reach
	Frequency	25,70		Frequency	27.20		Frequency
Upper	Reach	93,63	Upper	Reach	94.38	Upper	Reach
	Frequency	31.40		Frequency	35.60		Frequency
9trb09TZb
91.53
23.60
93.17
29.30
92.73
27.50
92.48
26.60
92.22
25.70
88.24
17.00
91.84
24.50
92.40
26.30

pgNbr=1
EIGHT-SHEET REACH AND FREQUENCY ESTIMATOR / CHICAGO /#200 BLACK ETHNIC SHOWING
Population of Coverage Area
Average DEC
Number of Panels in Showing
Total Circulation
Gross Rating Points (GRP)	1,107,100
5,536
400
2,214,400
200.01807						
ADULTS			MEN			WOMEN		
Total	Reach	90.11	Total	Reach	96,47	Total	Reach	95.58
	Frequency	56.60		Frequency	56.60		Frequency	45.20
18-34	Reach	96.77	18-34	Reach	97.06	18-34	Reach	96.47
	Frequency	62.01		Frequency	68.01		Frequency	56.60
18-49	Reach	96.50	18-49	Reach	96.77	18-49	Reach	96,23
	Frequency	57.20		Frequency	62,01		Frequency	53.00
25-49	Reach	96.43	25-49	Reach	96.71	25-49	Reach	96 09
	Frequency	56.00		Frequency	60.81		Frequency	51.20
25-54	Reach	96.31	25-54	Reach	96,64	25-54	Reach	95,95
	Frequency	54.20		Frequency	59.61		Frequency	49.40
13-18	Reach	93.87						
	Frequency	32.60						
INCOME LEVELS							
Low	Reach	94.90	Low	Reach	95.45	Low	Reach	93.75
	Frequency	39.20		Frequency	44.00		Frequency	32.00
Medium	Reach	95.95	Medium	Reach	96.18	Medium	Reach	95.75
	Frequency	49.40		Frequency	52.40		Frequency	47.00
Upper	Reach	96.71	Upper	Reach	97.11	Upper	Reach	96.05
	Frequency	60.81		Frequency	69,21		Frequency	50.60
6b609IZ6

pgNbr=2
EIGHT-SHEET REACH AND FREQUENCY ESTIMATOR I CHICAGO I ft 150 SLACK ETHNIC SHOWING
Population ol Coverage Area
Average DEC
Number of Panels in Showing
Total Circulatior.
Gross Rating Points (GRP)	1,107,100
5,536
300
1,660,800
150.01355					
AOU LTS			MEN			WOMEN	
To1al	Reach	89.06	Total	Reach	95.34	Total	Reach
	Frequency	42.95		Frequency	42.95		Frequency
16-34	Reach	95,75	18-34	Reach	96.12	18-34	Reach
	Frequency	47.00		Frequency	51.50		Frequency
18-49	Rrach	95.39	18-49	Reach	95.75	18-49	Reach
	Frequency	43.40		Frequency	47.00		Frequency
25-49	Reach	95.29	25-49	Reach	95.66	25-49	Reach
	Frequency	42.50		Frequency	46.10		Frequency
25-54	Reach	95.14	25-54	Reach	95.58	25-54	Reach
	Frequency	41.15		Frequency	45.20		Frequency
13 .-18	Reach	91.98					
	Frequency	24.95					
INCOME LEVCLS						
Low	Reach	93.31	Low	Reach	94.03	Low	Reach
	Frequency	29.90		Frequency	33.50		Frequency
Medium	Reach	94.67	Medium	Reach	94.98	Medium	Reach
	Frequency	37.55		Frequency	39,80		Frequency
Upper	Reach	95.66	Upper	Reach	96.18	Upper	Reach
	Frequency	46.10		Frequency	52.40		Frequency
94.19
34.40
95.34
42.95
95.03
40,25
94.86
38.90
94.67
37.55
91.84
24.50
94.41
35.75
94.00
38.45
9t,609iZ6

pgNbr=3
EIGHT- SHEET REACH AND FREQUENCY ESTIMATOR / CHICAGO / #125 BLACK ETHNIC SHOWING
Population of Coverage Area
Average DEC
Number of Panels in Showing
Total Circulation
Gross Rating Points (GRP)	1,107,100
5,536
250
1,384,000
125.01129						
ADU LTS			M EN			WOMEN		
Total	Reach	88.24	Total	Reach	94.46	Total	Reach	93.10
	Frequency	36.13		Frequency	36.13		Frequency	29.00
18-34	Reach	94.94	18-34	Reach	95.30	18-34	Reach	94.46
	Frequency	39.50		Frequency	43.25		Frequency	36.13
18-49	Reach	94.52	18-49	Reach	94.94	18-49	Reach	94.10
	Frequency	36.50		Frequency	39.50		Frequency	33.88
25-49	Reach	94.41	25-49	Reach	94.84	25-49	Reaeh	93.89
	Frequency	35.75		Frequency	38."75		Frequency	32.75
25-54	Reach	.14.22	25-54	Reach	94.74	25-54	Reach	93.68
	Frequency	34.63		Frequency	38.00		Frequency	31.63
13-18	Reach	90.53						
	Frequency	21.13						
INCOME LEVELS							
Low	Reach	92.08	Low	Reach	92.92	Low	Reach	90.36
	Frequency	25.25		Frequency	20.25		Frequency	20.75
Medium	Reach	93.60	Medium	Reach	94.03	Medium	Reach	93.36
	Frequency	31.63		Frequency	33.50		Frequency	30.13
Upper	Reach	94.84	Upper	Reach	95.45	Upper	Reach	93.82
	Frequency	38.75		Frequency	44.00		Frequency	32.38
Lb609TZ6

pgNbr=4
</ot>
</LTDLWOCR>
