<?xml version="1.0" encoding="ISO-8859-1"?>
<LTDLWOCR>
<tid>aam94a00</tid>
<bt>2069751487</bt>
<!-- Note:br t="m":2069751487/1488-->
<dd>19991217</dd>
<dt>EMAI, E-MAIL</dt>
<au>LIPOWICZ,PJ</au>
<rc>LAU,R; RAYMOND</rc>
<np>XX MATTHIAS; XX ROGER</np>
<ca>PHILIP MORRIS</ca>
<no>TI HONG KONG</no>
<!-- Note:si:R483-->
<!-- Note:s:LIPOWICZ,PETER-->
<ti>RE: DRAFT SUBMISSION BY HONG KONG TOBACCO INSTITUTE ON HONG KONG IAQ GUIDANCE NOTES</ti>
<pg>1</pg>
<!-- Note:lu:FEDA/PRODUCED-->
<!-- Note:dl:20040610-->
<dl>20040615</dl>
<ot>Iipowicz1 @comcast.net
From: Lipowicz, Peter J. 2069751487
Sent: Friday, December 17, 1999 4:48 PM
To: To, Debra; Lau, Raymond
Subject: RE: Draft submission by Hong Kong Tobacco Institute on Hong Kong IAQ Guidance Notes
I s ave read the HKTI dralt, and I have discussed with Matthlas. I feel that our comments should reflect a much more
constructive tone
Have you discussed any of this with Roger? Please show him the HKTI draft.
I will be out until the 22 nd I planned to be out the week after Christmas, but I can come in to help work out a response.
Pcrer Lrpmvei, I'Ir, l).
I'hilip Alurnc
P() Box 26iS\
Ri,'hinnnJ V'.A 22h1 t'S.A
Phnna, ~ill ~,-! I"Ui
Ig/l{.' 7 39ti2
c nred I'~ i&lt;r./.4 :pu�.ucila lam~s.r.cnm

pgNbr=1
</ot>
</LTDLWOCR>
