<?xml version="1.0" encoding="ISO-8859-1"?>
<LTDLWOCR>
<tid>aay20c00</tid>
<bt>2080960195B</bt>
<!-- Note:br t="m":2080960195/0195D-->
<dd>20000118</dd>
<dt>EMAI, E-MAIL</dt>
<au>ROTHMAN,A</au>
<rc>BARRETTO,ML; MARCISAK,MM; RUSH,SC; SAVEDGE,HK; SPANN,WA; THOOHO,F; TUCKLER,V</rc>
<!-- Note:si:N1018-->
<!-- Note:s:ROTHMAN,ALINA/OFFICE-->
<ti>RE: VS 990000 AND 200 VERTICALS</ti>
<pg>1</pg>
<!-- Note:lu:MILE/PRODUCED-->
<!-- Note:dl:20030225-->
<!-- Note:b:VIRGINIA SLIMS-->
<dl>20030315</dl>
<ot>-Original Message-----
From: Rothman, Alina
Sent: Tuesday, January 18, 2000 11:49 AM
To: Tuckler, Vanessa; Spann, Warren A.; Savedge, N. Kent; Thooho, Fred; Rush, Sonya C.; Marcisak, Michelle M,; Barretto, Maria
Luiza
Subject: RE: VS 1999 and 200 verticals
Please let me know your availability for 99 budget and profitability review meeting on Tuesday, 2/1, for an hour.
Vanessa,
Also, let's discuss the 2000 budget at the meeting.
Thanks,
Alina Rothman
(917) 663-2962

pgNbr=1
</ot>
</LTDLWOCR>
