<?xml version="1.0" encoding="ISO-8859-1"?>
<LTDLWOCR>
<tid>aaj34c00</tid>
<bt>96377242</bt>
<dd>19890410</dd>
<dt>LETT, LETTER</dt>
<dt>CHAR, CHART/GRAPH/MAPS</dt>
<au>DESMOND,DR</au>
<ca>LOR, LORILLARD</ca>
<cr>HI; TOB TAX UNIT</cr>
<!-- Note:co:ATCH, ATTACHMENTS MISSING-->
<fn>96377231/96377249/HAWAII CIGARETTE 890000</fn>
<!-- Note:si:G115-->
<!-- Note:s:TAX DEPARTMENT/BASEMENT GMP-->
<pg>1</pg>
<!-- Note:rn t="m":R1-056-->
<!-- Note:lu:FEDA/PRODUCED-->
<!-- Note:dl:20020107-->
<dl>20030115</dl>
<ot>L.URILL..ARD.Inc.
One Pcr{:: Avenue
New York. N.Y. 1nO1.6-58r6
Tax Depe:irtment.
1 O-Apr--84
STATE TAX COLLECTOR - HI
TCII:'z TAX LJNIT, P.O. BOX 259
HONGLUL-lJ. HI 96809
GEN"(LEMCN:
Listed below is a summary q+ our sample cigarettes
and to6acco products. f~~nclosed is our payment of your State
cigarette tax,if applic:xhle,for the followinqa	
MONTH ENDING	67uantity	tiate	Tax Due
Vu--:?1-89				
	Samp1 es	0	15. 00	0.00
	Consumers	14Uu	1;=i.9G	21.UCJ
	Research/Branch
Uisc.	O	15. r_iq
O	"J. n0
0.00
	Total	1100		a;21 . 00
Very truly yours
Lorillard, Inc.
Denis R. Desmond
!`tFC:rfc Attorney-In-Fact_
enc.

pgNbr=1
</ot>
</LTDLWOCR>
