<?xml version="1.0" encoding="ISO-8859-1"?>
<LTDLWOCR>
<tid>aae12a00</tid>
<bt>2046960364</bt>
<!-- Note:br t="m":2046960364/0374-->
<dd>19951204</dd>
<dt>TELE, TELEX</dt>
<dt>MEMO, MEMORANDUM</dt>
<au>KNOX,G</au>
<rc>COLLAMORE,T; DURKIN,D; HOLT,B; LIEBENGOOD,H; PARRISH,S; WHIST,A</rc>
<pc>DURKIN,D; HAVILAND,I</pc>
<no>FYP</no>
<!-- Note:pa1:2046960364/2046960374&lt;/pa1-->
<!-- Note:si:W11-->
<!-- Note:s:LIEBENGOOD,HOWARD/OFFICE-->
<ti>FIVE YEAR PLAN</ti>
<pg>1</pg>
<!-- Note:rn t="m":STMN/R1-099-->
<!-- Note:lu:STMN/PRODUCED-->
<!-- Note:dl:19990524-->
<dl>20020201</dl>
<ot>1
f
Page 1
Note for Durkin, Deborah
From: Knox, George
Date: Mon, Dec 4, 1995 3:19 PM
Subject: Five Year Plan
To: Collamore, Thomas; Holt, Barry; Liebengood, Howard; Parrish, Steve; Whist, Andrew
Cc: Durkin, Deborah; Haviland, Ingrid
File(s): FYP-95 2nd Draft
Attached is what I consider submission copy for the FYP. I await your reactions.
pgNbr=1
</ot>
</LTDLWOCR>
