<?xml version="1.0" encoding="ISO-8859-1"?>
<LTDLWOCR>
<tid>aai97e00</tid>
<bt>1000038685/8686</bt>
<!-- Note:br t="m":1000038683/8686-->
<dd>19740220</dd>
<dt>CONT, CONTRACT/AGREEMENT</dt>
<au>WEAVER,JB</au>
<ca>ICI AMERICA</ca>
<no>ICI AMERICA; IMPERIAL DEVELOPMENTS</no>
<fn>1000038624/1000038756/MISSING. ICI NSM MISSING</fn>
<!-- Note:si:R2-->
<!-- Note:s:OSDENE,THOMAS/BLUE LATERAL-->
<ti>SUPPLEMENTAL CONFIDENTIALITY AGREEMENT</ti>
<pg>2</pg>
<!-- Note:rn t="m":STMN/R1-147-->
<!-- Note:lu:STMN/PRODUCED-->
<!-- Note:dl:19980605-->
<dl>20020201</dl>
<ot>ICI America Inc.
Wilmington, Delaware 1ge99
(302) 656�9311.
Supplemental Confidentiality Agreement
Agreement between ICI America Inc. ("ICIA"), Wilmington,
Delaware, and Philip Morris Incorporated ("Philip Morris"), New York,
New York.
ICIA and Philip Morris entered into a confidentiality
agreement on September 29, 19'71 (the "First Agreement"), provid-
ing for the disclosure by ICIA to Philip Morris of certain
information relating to a new substitute smoking material ('NSM')
�and a smoking demonstration of 'NSM', as more fully defined in
the First Agreement.
ICIA and Philip Morris entered into a second confiden-
tiality agreement on July 14, 1972 (the "Second Agreement"),
providing for the disclosure by IGIA to Philip Morris of addi-
tional information regarding 'NSM' and access to samples of 'NSM"
for testing purposes, as more fully defined in the Second Agreement~
Philip Morris desires permissi.on to transmit information
relating to 'NSM' and the results of its evaluation of 'NSM' to
European subsidiaries of Philip Morris in which Philip Morris owns
the controlling interest.
ICIA and Philip Morris now therefore agree as follows:
1. Philip Morris may transmit information received
from ICIA r.elating to 'NSM' and information acquired by Philip
Morris in evaluation and testing of 'NSM' to European subsidiaries
of'Philip Morris in which Philip Morris owns the controlling
interest, provided the European subsidiary receiving the informa-
tion has previously agreed in writing to keep confidential such
information and not to use or disclose such information to a
third party prior to July 14, 1977, except that these obligations
of non-use andnon-disclosure shall not apply to any information:
a. which was known to Philip Morris or said
subsidiary prior to September 29, 1971, as evidenced
by pertinent documents in the files of
Philip Morris or said subsidiary;
b. which is or becomes generally known to	C
the public, if Philip Morris or said'subsidiary	~.
establishes to the reasonable satisfaction of	C.;
	~
.. .:r-.
CA
pgNbr=1
Supplemental Confidentiality Agreement cont'd.

ICIA that such public knowledge occurred through
no wrongful act of Philip Morris or said
subsidiary; or
c. which is acquired in good faith from a
party who is under no obligation of confidence
to Philip Morris, ICIA, Imperial Development Ltd.,
or said subsidiary regarding such information.
2'. Philip Morris guarantees to ICIA that the European
subsidiary receiving information pursuant to paragraph 1 shall
fully comply with the obligations of non-use and non-disclosure
recited in paragraph 1.
3'. Philip Morris shall promptly notify ICIA in writing
of the name and address of any European subsidiary receiving
information pursuant to paragraph 1 of this agreement
PHILIP MORRIS INCORPORATED ICI AMERICA INC.
C-
pgNbr=2
</ot>
</LTDLWOCR>
