<?xml version="1.0" encoding="ISO-8859-1"?>
<LTDLWOCR>
<tid>aal31c00</tid>
<bt>2085696947E</bt>
<!-- Note:br t="m":2085696947/6949-->
<dd>20010110</dd>
<dt>EMAI, E-MAIL</dt>
<au>LEVY,CJ</au>
<rc>DARAGAN,KM; MERLO,E; PFEIL,ME</rc>
<np>DARAGAN,KM; PFEIL,ME</np>
<!-- Note:si:N344-->
<!-- Note:s:DARAGAN,KAREN/CARLSTADT-->
<ti>RE: PROPOSALS TO RAISE THE AGE OF PURCHASE</ti>
<pg>1</pg>
<!-- Note:lu:FEDA/PRODUCED-->
<!-- Note:dl:20030106-->
<dl>20030215</dl>
<ot>-Original Message--
From: Levy, Carolyn J.
Sent: Wednesday, January 10, 2001 9:23 AM
To: Merlo, Ellen; Daragan, Karen M.; Pfeil, Michael E.
Subject: RE: Proposals to raise the age of purchase
I'm around--why don't KID, MP and I have coffee and discuss? Thursday AM--say 10:00??
Caro7yn Lerry�
Youth Smoking Prevention
917-663-2253

pgNbr=1
</ot>
</LTDLWOCR>
