<?xml version="1.0" encoding="ISO-8859-1"?>
<LTDLWOCR>
<!-- forcebtag -->
<tid>aaz10d00</tid>
<bt>526280590/0591</bt>
<au>RJR</au>
<bx>RJR5865</bx>
<!-- Note:b:CAMEL; DORAL; SALEM; WINSTON-->
<dd>20010316</dd>
<dt>PUBLISHED DOC</dt>
<!-- Note:co:N-->
<np>JOHNSON R; RJR; POINT OF PURCHASE ADVERTISING INTL; ELLEGATE J; CREIGHTON F; RENEGAR J; MATTHEWS E</np>
<!-- Note:dl:20020516-->
<pg>2</pg>
<!-- Note:ag:100 BEST COMPANIES TO WORK FOR, BY FORTUNE MAGAZINE, 20001200.-->
<!-- Note:rn t="m":US FIRST SUPPLEMENTAL REQUEST 2-->
<!-- Note:sh:20020408-->
<!-- Note:s:EXTERNAL RELATIONS; COMMUNICATIONS-PUBLIC RELATIONS; SMITH JF; SR DIR-->
<ti>PRESS RELEASE. COMBINING TALENTS -- DISPLAY DESIGNER BRINGS CAMEL BRAND TO LIFE AT RETAIL.</ti>
<!-- Note:tp:MSA IMPACT; MSA COMPLIANCE; YOUNG ADULT SMOKING-->
<dl>20021018</dl>
<ot>P.O. Box 2959
Winston-Salem, NC 27102
Contact: Ellen Matthews RJRT 2001-07
(336) 741-6694
Combining Talents - Display Designer Brings Camel Brand to Life at Retail
WINSTON-SALEM, N.C. - March 16, 21101- Bob Johnson sometimes embarrasses his wife when they
stop by a convenience store. While his wife picks up supplies, Bob is drawn to the retail merchandise
displays. He plays with them to see how they are designed and constructed, much to his wife's dismay.
Johnson considers this part of his job at RJ. Reynolds Tobacco Company. "By studying all types of point-
of-purchase displays, I get new ideas. Often seeing a new display or technique will spark ideas for me which
I translate into point-of-sale displays for Camel."
And, in the tobacco category, point-of-purchase merchandising has grown in importance as a way to
familiarize adult smokers with a brand since stringent marketing restrictions were adopted by the signing of
the Master Settlement Agreement between the states and cigarette manufacturers in 1998.
Johnson is promotional materials manager in RJRT's purchasing department for the Camel brand. Johnson, �.
who has worked for R.J. Reynolds Tobacco Company for 30 years, has made the Camel marketing team's
concepts come alive at retail for about four years. Johnson is particularly suited for his job. He is a man of
many talents - part artist, part craftsman, part construction engineer and part concept developer and total
perfectionist.
"This is more than a job for me," he says. "It's more like a passion. I love creating Camel displays -
fmding new innovative ways to express what the Camel brand wants to tell adult smokers at retail about their
cigarette styles."
Johnson is successful at his craft. Reynolds Tobacco has been recognized by the Point of Purchase
Advertising International (POPAI) Awards nine times with awards ranging from gold to bronze for displays .
he has handled. These awards recognize only the most outstanding retail presence materials across the
country and across all retail categories. The awards are based on innovation of design, functionality for the
retailer, effectiveness in communicating product attributes, reinforcement of brand awareness and overall
display and marketing effectiveness.
"My goal," Johnson explains, "is to get the retailer excited about the point-of-sale displays that we're
creating. If they get excited, they'll put up your display, which draws attention to Camel and increases
sales."

pgNbr=1
6
John Ellegate, senior retail marketing manager - Camel, says, "Bob has a unique talent to take the image of
Camel, combine it with the current vision of the brand and bring it to reality. His input is highly regarded by
the marketing team on Camel, by our advertising agencies and suppliers. Bob has raised the quality bar for
us, and brings tremendous diversity to the point of sale pieces for Camel."
One of Johnson's most successful retail displays was used to launch the line extension Turkish Gold. The
display is a combination of cardboard and lightweight plastic. It is capped off with a gold plastic onion
dome, the focal point for the display. The onion dome draws the consumers' attention and highlights the
brand's point of difference - its smooth and mellow Turkish and domestic blend of tobaccos.
"The excitement of the display came from the combination of materials used, the rich colors we achieved,
and the effectiveness of translating the new news on this product," Johnson says. "Seeing the positive
reaction of the retail trade to the displa~ was very gratifying."
Johnson is putting the finishing touches on some new displays for the brand for 2001. He is linking Camel's
strong heritage of smooth and mellow Turkish and domestic tobaccos to an architectural theme of a Turkish
village that first appeared on the Camel pack in 1913.
Fran Creighton, vice president marketing - Camel says, 'Bob's talent gives us point-of-purchase pieces that
brings Camel's message to the store shelves.
"It's been a real team effort," Creighton says. "We're very pleased with the initial results of Turkish Gold.
Turkish Gold is reinforcing Camel's quality perceptions among adult smokers, and it's bolstering the image
of the entire Camel brand family."
Jackie Renegar, vice president of purchasing, says, "For Bob, his job is a 24/7 type of thing. He literally
takes displays home with him just to improve and refine the designs. He is proactive in making Camel come
alive at retail." Ellegate says, "Since the signing of the Master Settlement Agreement, point-of-sale
materials have become an even more important tool to reach adult smokers. Cigarettes are the most
restricted consumer products in terms of marketing. Therefore, the limited vehicles we have left to us need
to work extra hard to communicate our message to adult smokers of one of our competitors' brands. I feel
that working with Bob gives Camel an extra edge in the marketplace."
One recent example of Johnson's display talent, Ellegate says, is when he created a way to include product
into a three-dimensional counter display that mirrored a "Pleasure to Burn" advertisement for Camel. The
Camel ad focused on a 50's style carhop taking a cigarette break while sitting on a classic 50's car. Working
with creative people from several agencies, Johnson turned the well-recognized trunk wings of the car into
the display base - complete with working lights that have a long shelf-life needed for retail and imitation
chrome accents to draw attention. The "trunk " was used to hold display product. The rear window became
the backdrop for the display unit. The carhop was highlighted through the use of a lug-on (a three
dimensional treatment of a display piece made on thick poster board making the piece pop out).
Ellegate says, "This unique treatment and combination of materials and elements brought this ad to traffic-
stopping reality in retail situations. Now, that's competitive edge at retail!"
RJ. Reynolds Tobacco Company (RJR) is a wholly owned subsidiary ojR.J. Reynolds Tobacco Holdings, Inc. (NYSE: RJR).
RJ. Reynolds Tobacco Company is the second-largest tobacco company in the United States, manufacturing about one oJevery
fourctgarettessoldinthe UnitedStates. ReynoldsTobacco'sproductlineincludesjourojthenation's10best-sellingcigarette
brands: Camel, ii rnston, Salem and Doral. in December 2000, Reynolds Tobacco was recognized by Fortune magazine as one of
the "100 Best Companies to Work For. " For more information about RJRT, visit the company's web site at www.rjrt.com. N
#kN 01
N
co
0
~
f0
~

pgNbr=2
</ot>
</LTDLWOCR>
