<?xml version="1.0" encoding="ISO-8859-1"?>
<LTDLWOCR>
<!-- forcebtag -->
<tid>aau44f00</tid>
<ti>-- No Title --</ti>
<dt>Letter</dt>
<dt>Correspondence</dt>
<dd>19510710</dd>
<au>Negus-SS</au>
<rc>Steinmann-M, Life</rc>
<np>American Tobacco Company;Life;Freeman-DS</np>
<!-- Note:ci:10004026-->
<!-- Note:rn t="m":125-->
<pg>2</pg>
<!-- Note:ag:60335213-->
<!-- Note:dl:19981123-->
<bt>950210599/0600</bt>
<!-- Note:br t="a":MNAT00733190/MNAT00733191-->
<dl>20020201</dl>
<ot>JAr P, a95x
Hias }tarion 8te.icwanxi
W Rookefoller Center
SCOgKS NS% YOBR
W daar Ltiss Steinaeimt . . Fiease sxouse mo for being ouoha poor.oorraspoamiflent oonoernLng the siosy posslbill.tise of the
tobacco research program of the Asiorioen lbbaooo Company. .
I ehoulA have answered ;/our Yay 7 letter long sga,
It 7.s most oonsiderete of Fouio rsssuse lYwm
$uat .d4at I have euggested that this partiouW research laborer
tory does havo a story. It aHght be a good idsa for you or
eomerep resentative of LIFg to oheokoasmq."noso for nsso^ andvieit Wo Saboiratoryiu 8iohmord, Someono of you mtghtbe ooasing
this xay on vaoation. I am auiroe-.I could arrauge.ri.tA 6r.. Rumser
toobsmve the laborntory in opaamtion. I an enolosing 6-booklot
I picked up at the Amerioan lbbsooo-Compsay`s oxhibit at the
Federation tu+otieY:s in Cleveland last Spring. There say be Iin
idesoreoinitforyou,
hcat wintOrp thern night be-aripturestory .
(not soionea) in Dr. Douglas southalJ. Froeman s~urrant Rvent .
Clase, It hasmet every weefytsoCepting ouvaere+ for the la9t
37 Ysarat Dr. Freemm, is the moderator snd eaoh menAser of ,the
olaes Se toyw in one field. Noing eleoted a nember is on6of highest honors in this region. 1fie affair Se really a eaketoh"
and munt bo unique in this oountry.
Conoerning the tobacoo storq, there is no other oompanF srhioh goes into the science of tobaoco as does the AmeriAan
�. 2b9Laoq Cmqnny. You asked me in eour Nav 7tb letter Sf I knes
of save other cooy.azy with ef analegous research set-tV. You may be sure thatif you or another one of L7Fg44,
repreeentatives would like to previes anything havieg to do'sith r
tobaoao in this area, If11 be a better guide than a oorr0spon4ent.
i[ost e inosxrel,v qoure
Sidney 6, liagust Chaimwn
Dopartwnt of 8locheniatry .
pgNbr=1
�
0
~
a
JUL 111951 ~O)I
RESEARCN =
LABORATORY :vI
pgNbr=2
</ot>
</LTDLWOCR>
