<?xml version="1.0" encoding="ISO-8859-1"?>
<LTDLWOCR>
<tid>aai60e00</tid>
<bt>93451735/1736</bt>
<dd>19890531</dd>
<dt>MRRT, MARKET RESEARCH REPORT</dt>
<dt>BUDG, BUDGET/BUDGET REVIEW;  CHAR, CHART/GRAPH/MAPS</dt>
<ca>LOR, LORILLARD</ca>
<fn>93451662/93451977/MISSING@ 93451663/93451976/MANAGEMENT REPORT 870000 - 890000</fn>
<!-- Note:si:N99-->
<!-- Note:s:RAPISARLDI,SAL/OFFICE-->
<ti>BRAND PROFIT CONTRIBUTION AND TRENDS</ti>
<pg>2</pg>
<!-- Note:rn t="m":R1-126-->
<!-- Note:lu:STMN/PRODUCED-->
<!-- Note:dl:19980605-->
<!-- Note:b:BEECHNUT;  ERIK;  KENT;  LITTLE CIGARS;  MADISON;  MAX;  NEWPORT;  OLD GOLD;  OMEGA;  SATIN;  SPRING;  TRIUMPH;  TRUE-->
<dl>20020201</dl>
<ot>Page 1.		
LORILLARD, INC.					
		BRAND PROFIT CONTRIBUTION AND TRENDS				
Brand			MAY 31, 1989					
In Thousands								
I 1 I 1		( I	1	I I t I		I	I	
Ciparettea Jan 1 Feb _-J Mar	Aur	I May j Ju n)	Jul I Aua	I Sep f_Oct 1 LiQv I	pe-c	I	YTD 1	Cigarettes
Kent Family I t I I		1 i	I	1 I I I		1	1	Kent Family
A.tua1 1$ 6,162 1$ 6,425 I$23,246 1	$ 9,337	1$26,916 IS !$	IS	I$ 1 $ IS IS	1	$ 72,146 1	Actual
P an 1 8,368 ! 8,500 1 26,934	10,803	1 21,570 1 29,554 1	6,957 1 14,216	1 24,374 I 11,912 1 19,682 I 29,860	1	76,175 ;	Plan
; 12,807 1 19,000 ~
Frior Year 1 7,056 ~	17,449	1 33,030 1 31,1i49 '	7,263 1 14,680	1 15,481 1 20,635 1 25,635
1 36,839	
1	
89,342 1	
Prior Year
~ ~				~ ,	I f				
I ~ I
Newport I ~		~			1
i		
i	
1	
Newport
Actual 1 8,963 1 13,934 1 50,529 1	18,539	1 54,544 1	1	I 1	1 1		1	146,509 i	Actual
Plan 1 8,691 1 22,384 1 51,000 1	16,179	1 55,352 I 61,876	12,420 1 30,200 1	58,607 1	21,026 1 62,180 1	78,271	1	153,606 1	Plan
Prior Year I 7,517 I 12,578 1 30,510 1	33,966	1 40,495 1 52,444	9,760 1 28,913 1	30,678 1	48,323 1 43,076 I	63,849	1	125,066 1	Prior Year
1 I I !		i 1	t I	I	I 1		I	1	
True I f , ~ 1		I 1	1	1	i i		I		True
Actual ; 843 I 2,726 1 8,573 ;	863	1 8,389 1	1		, 1		1	21,394 1	Actual
Plan ; 3,248 3,186 1 7,092 1	3,583	1 10,815 1 10,917	648 ; 3,830	7,678 1	6,078 1 8,898 1	10,439	;	27,924 ;	Plan
Prior Year 1 3,621 1 3,451 1 5,930 1	4,456	1 11,201 I 11,283	1,029 1 3,665	4,205 1	6,109 1 8,376 1	12,813	1	28,659 1	Prior Year
I I 1		I ~	I		I	1 1		1	!	
			,							
Old Gold ; i						I		I		Old Gold
Actual i 535 1 839 1 2,369 I	1,093	I 2,363 1	1	I		~		1	7,199 1	Actual
Plan 1 1,047 1 1,331 1 2,293 1	1,264	1 2,648 1 2,823	1,005 1	1,617 1	2,402 1	1,308 1 2,310 1	2,734	i	8,583 ;	Plan
Prior Year I 805 1 1,200 1 1,541 ;	1,466	; 2,640 1 2,702	767 1	1,491 ;	1,752 1	2,107 1 2,429 I	3,221	;	~,652 ;	Prior Year
I I		I i			I	I I				
,
Spring ~ I I I
(21)
7
24
A	

192	I

1 (199) 1	

1	

I	I	I ~
~			
'	
Spring
)1 (1
ctual 1 (3
)i
1						)		i	(189) 1	Actual
Plan _ I 26 1 24 1	24	1 24 1 24	- 1	24 I	24 1	24 i 25		1	98 1	Plan
Prior Year 1 29 I 20 I 29 ;	24	1 41 I 39	22 I	20 I	25 1	28 1 37 1	35	1	143 1	Prior Year
I I ) {		1 I	1	1	I	1 1		,		
I I		~ I				{		~			
Max ; I
Actual i 419 1 428 1 1,028 ;	
572	
; 1,021 i			
I	
I !		
I	I
3,468 1	Max
Actual	
Plan 1 561 I 624 1 746 ;	884	1 1,159 i 1,331 ;	488 1	615 1	791 i	870 i 953 I	1,183	3,974 ;	Plan	
Prior Year 1 556 1 617 1 854 1	769	1 1,249 I 1,310 1	483 /	692 1	74_4_ 1	943 I 1,149 i	1,474 ~
1	4,045 1	Prior	Year
I I I I		1 I	I	I	I	I 1	I	1		
Triumph ! I I I		~ ~ )
~			I	I i		
i	
I	
Triumph	
Actual 1 234 1 188 ; 365 1	245	1 368 ;	' I	1	I	I I		1	1,400 1	Actual	
Plan 1 152 1 267 1 272 1	317	t 431 1 487 1	186 1	208 1	266 I	276 1 336 1	409	1	1,439 1	Plan	
Prior Year 1 309 1 308 I 358 1	326	1 508 1 53R 1	254 1	275 1	286 1	356 j 433 1	540	1	1,809 ;
-_	Prior	Year

1 I i 1		
i I i	
!	
I	
1	
1 t		I	!		

Satin I I I !		~
I ~ i			
!	
I I		
'	
I	
Satin	
Actual 1 389 1 340 1 725 1	446	1 729 I i			I	I !		1	2,629 1	Actual	
Plan 1 436 1 473 1 496 I	598	I 715 1 892 I	392 1	439 1	515 1	586 1 695 1	894	1	2,718 1	Plan	
Prior Year 1 488 1 498 1 646 1	594	1 1,044 I 1,054 1	412 1
-	484 1	587 1	734 ; 983 1	1,080	1	3,270 ;	Prior	Year
I I I i		I I	1	I		I					

Other I I I I	~
1 i ~	
I	
1	
!	
I 1		
I	
1	
Other	
Actual 1 (2,208) 1 (2,437)I (2,591)I	(2,707)I (2,660) 1 1	!	t	1	I I		;	(12,603) 1	Actual	
Plan 1 (1,897) 1 (1,970) 1 (2,124) 1	(2,136) 1 (2,174) 1 (2,094)I	(2,256) 1	(2,036) 1	(2,032) 1	(1,855)1 (1,837)1	(1,768)	1	(10,301)1	Plan
Prior Year 1 (1,750)1 (2,397)I (3,068))	(2,.530)1 (2,138) 1 (1,690) 1	(1,918) 1	(2,742)1	(1,.593)1	(2,002) 1 (1,569) 1	(1,221)	1	(11,883)1	Prior Year
I 1	I I I	I	I	I	1				

Total I I I I	~ t I
,	1	1	
I	
1 1		
;	
I	
Total	
Actual 1 15,300 1 22,319 I 84,223 1	28,580 1 91,531 1 i	f	I	I	1 I		1	241,953 1	Actual	
Plan 1 20,606 1 34,821 I 86,733 1	31,516 I 90,540 1105,810 ; 1	9,840 1	49,113 I	92,625 1	40,225 1 93,242 1122,022	1	264,216 1	Plan
Prior Year 1 18,631 1 29,082 1 55,800 I	56,520 I 88,070 1 99,229 1 1	8,072 1	47,478 1	52,165 1	77,233 1 80,466 1118,630	1	248,103 1	Prior Year
I . : I	I 1 '	'	I	!	1 I	I	,	-
S~LISbEb 14
pgNbr=1
Page
LORILLARD, INC.
BRAND PROFIT CONTRIBUTIQN AND TRENDS
							
Brand In Thousands							
I	I I	I	- ) I	I I I	i I I	I		I
Chewing 1 Jan	I Fe I	Mar I	Aar- I Mav I	Jun I Jul I Aua I	Sep I Oct ; Nov I	Dec I
-	YTD
-	IChewinq
Beechnut T	I I	I	I I	f I I	) ! 1	(		{ Beechnut
Actual 1	$ -	I $ - 1	$ - 1	$ - I $ - I	$ 1$ I $ i	$ 1$ I $ 1	$ I	$ -	; Actual
Plan I	-	I - i	- !	- I - ;	- I - ! - I	- 1 - I - i	- !	-	1 Plan
Prior Year 1	983	1 1,172 1	1,327 1	610 1 20 ;	(10) I 13 1 (6)I	26 1 - (7):	4;	4,112	; Prior Year
Other		1 I	!	I	i I I	1 ;	I		1 Other
Actual !	-	I							-	; Actual
Plan I	-	I -!	- 1	- I - 1	- f - I - I	-	- 1 - '	- ~	-	; Plan
Prior Year 1	4	1 21 1	4 1	(20)1 (96)1	(64) 1 (72) 1 (81)1	2 i	(130)i (48);	(47);	(87)	1 Prior Year
I		I I	I	I !	t I ;	;	i I	I		
Total I		I I	i	; I	I I !	I				; 'rotal
Actual I	-	I - I	- i	-! - 1	I I I	I			-	I Actual
Plan I	-	I - }	- I	- } - I	- ! - ! - i	- !	-I -I	-;	-	1 Plan
Prior Year 1	987	1 1,193 1	1,331 1	590 1 (76);	(74) 1 (59)1 (87)1	28 1	(130): (55);	(43);	4,025	1 Prior Year-


I		

1 I	

1	

) I	

I i I	

!	,
~ ,
~	

!		

;

Little Cigars {		
I ;	
I	
I I	
; I 1	
)	~
~	
~
i		;Little Cigars


Between the Actsl		

1 I	

I	

! I	
I I
1	
!	~
, ~
~	

~		

I B	

etween the Acts
Actual I					1		f	;		;	Actual
Plan I	-	I - I	- ~	- f - I	- i - I - I	- ;	- ; - ;	- 1	-	1	Plan
Prior Year f	6	1 9 I	6 1		(2) I (2) ! (3) !	- ;	(2); (2)I	(2)!	21	;	Prior Year

1		
1 I	!	; ;	1 ;		!	
~
i		;	
Madison I		I I			{					; M	adison

Actual I			- I	- I - I	1
I		~ ~
i	;	-	I	Actual
Plan I	-	I - i	- I	- I - I	- 1 -1 - {	- ;	- ! - ;	- f	-	I	Plan
Prior Year I	4	1 3
I	2 1	2 1 (1) 1	(1) 1 (2) I (1) 1	- I	(1); (2);	(1);	10	1	Prior Year
)		_
I )	I	I !	1 I		~			I	
Omega I		I I	I	I 1	! 1 I	I				1 O	mega
Actual I	-	I - I	- 1	- I - I	I I I	{	I {	{	-	;	Actual
Plan I	-	I - 1	- I	- I - 1	- I -f - I	- ;	- ; - ;	- (	-	I	Plan
Prior Year I	7	I 9 I	10 1	(4)1 (_2)1	(3) 1 (4)I (3) {	(1);	(3) ; (5) !	(2) 1	20	1	Prior Year
- ;		I 1	i	I 1	1 I		) I	I		I	
Erik I		I I	I	I I	I 1 I	1	~ I	I		/ E	rik
Actual I	-	I - I	- I	- I - I	I ( I	f	I !	I		I	Actual
Plan !	-	1 - I	- I	- 1 - I	- I - I	- ;				1	Plan
Prior Year I	22	I 22 I	17 1	8 1 (4) 1	(7) 1 (10) 1 (7) 1	3 !	; (13);	(5);	65	I	Prior Year

- - - )		
1 1	
I	
I I	
I I	
I				'	-
Total I		I I	1	I I	1 I I	{				I T	otal
Actual I	-	I - 1			I		I 1	I		1	Actual
Plan ;	-	I - I	I	- I - 1	-
- I - I	- I	- ' - '	- I		I	Plan
Prior Year I	39	1 43 I	35 1	7 I (8)1	(13) I (18) 1 (14)1	2 I	(6)1 (22)I	(10)I	116	I	Prior Year
1		1 1	L	I I	1 I 1	;	' I	l	-1	
										
)		1at Quarter	I	2nd Quarter 3rd Quarter		--4-tIC-0-uarter	I			
I	-( 1	1	~ I 1 I I	I	i ~	!			
I	Cart I Chwa I	L Car I	Cart. I Chwa. I L. Car.f Cart. I Chwa. I	L. Car.l	Cart. : Chwa. I	L. Car.f			
I	1 1	I	I 1 ( I i	I	1 I	1			
Actual 1	121,8421 - 1	- I	I 1 I I I	i	; I	S			

Plan 1	--
1601 - I
142	
- I	
227,8661 - I	
- I 161,5781 - I	
- I	
255,489; -!	
- I			
Prior Year I	,
103,5131 3,511 I	117 !	243,8191 440 I	(14) I 117,7151 (118)1	(30) :	276,329: (228)I	(38) 1			
~	I I	I	I I.	1 I 1	)	) I	I			
9ELTSbE6 15
pgNbr=2
</ot>
</LTDLWOCR>
