<?xml version="1.0" encoding="ISO-8859-1"?>
<LTDLWOCR>
<tid>aaj71c00</tid>
<bt>2084195549</bt>
<!-- Note:br t="m":2084195548/5551-->
<dd>20000516</dd>
<dt>EMAI, E-MAIL</dt>
<au>ROBINSON,YJ</au>
<rc>ZXCHRIS@SOUNDSCAN.COM</rc>
<ca>PMUSA, PHILIP MORRIS USA</ca>
<fn>2084195546/2084196296/MARLBORO BAR PROGRAM - TEAM</fn>
<!-- Note:si:N682-->
<!-- Note:s:ROBINSON,YVETTE/CARLSTADT-->
<ti>ADDITIONAL 22 ARTISTS FOR "CUSTOMIZED TELEPHONE SURVEY"</ti>
<pg>1</pg>
<!-- Note:lu:MILE/PRODUCED-->
<!-- Note:dl:20030313-->
<dl>20030415</dl>
<ot>2084195549
Robinson, Yvette J.
From: Robinson, Yvette J.
Sent: Tuesday, May 16, 2000 4:31 PM
To: 'chris@soundscan.corii'
Subject: Additional 22 Artists foF "Customized Telephone Survey"
Chris:
Enclosed is the list of additional 22 artists that needto be included in the "Customized Telephone Surveys". (replacing
artists on the original lists)
If you have a color printer, the new artists are listed~in green. If not, the artists have been bolded and italicized. If you
have any questions, please give me a call. Thanks!
~y G
. ,, T~sHJ !
AB Sumbissions#1 AB Sumbissions#2
5-15.x1s 5-15.xls
J. Yvette Rob/nson
PMUSA
120/12
Ext. 32360

pgNbr=1
</ot>
</LTDLWOCR>
