<?xml version="1.0" encoding="ISO-8859-1"?>
<LTDLWOCR>
<tid>aae66c00</tid>
<bt>2074977951</bt>
<!-- Note:br t="m":2074977951/7966-->
<dd>19990928</dd>
<dt>FORM, FORM</dt>
<dt>MEMO, MEMORANDUM</dt>
<au>MCNASBY,J; MULDERIG,J; MURPHY,DM</au>
<np>F,D; M,JJ; M,JM; R,J</np>
<cr>PHILIP MORRIS COMPANIES INC</cr>
<!-- Note:co:ILLE, ILLEGIBLE; MARG, MARGINALIA-->
<fn>2074977760/2074978187/MISSING</fn>
<!-- Note:si:N630-->
<!-- Note:s:MULDERIG,JOHN/CARLSTADT-->
<ti>FACSIMILE TRANSMITTAL</ti>
<pg>1</pg>
<!-- Note:lu:FEDA/PRODUCED-->
<!-- Note:dl:20020815-->
<dl>20021209</dl>
<ot>~FROM WACI~TEL?, LIPTON ROSEN &amp; KATZ ~T_UE9. 28'.99 18:00/ST. 17:58/NO. 4861318716 P 1
ii r. n.e.JL~ 11-+11 1 Vl~j ,RVaGl~) QC 1 Telephone: (212) 403-1000
~ 51 West 52"" Street, New York, New York 10019 Facsimile: (212) 403-2000
r
	FACSIMILE TRANSMITTAL
TO:	John Mulderig
/ 'J'1,.. Me Nas Gr	FROM:	David M. Murphy
COMPANY:	Philip Moais Companies, Inc.	PHONE:	212-403-1272
FAX NO.:	917-663-5796	DATE:	
MAIN NO.:
NO. OF PAGES:	917-663-3056
) k (including this page)	TIME:	
Ifyou do nnt&gt;�eceive all the pages, please telephone (212) 403-1520 imnrediately,
MESSAGE:
THE INFORMATION CONTAINED IN THIS FACSIMILE TRANSMITTAL IS INTENDED ONLY FOR THE PERSONAL
AND CONFIDENTIAL USE OF THE DESIGNATED RECIPIENT NAMED ABOVE.
This ennsmittal may be a confidential attorney~client eommunication or may otherwise be pr'nrlleged and confidential. If the reader of this
transmittal is not the Intended recipient or an agent responsible for delivering it to the interided recipient, you are hereby notified that you
have received this transmittal in error, and that any review, dissemination, distribution or copying of this transmittat is strictly prohibited. If
you have received this in en-or, please notify us immediately by telephone (call us collect at :?12-403-1520) and return the original transmittal
to us by mail. Thank you.
Oanl Nvnner ni8i:_45+S
W/354744v1 0926199 10:16 AM

pgNbr=1
</ot>
</LTDLWOCR>
