<?xml version="1.0" encoding="ISO-8859-1"?>
<LTDLWOCR>
<tid>aae63c00</tid>
<bt>2064865518</bt>
<!-- Note:br t="m":2064865428/5544-->
<dd>19950400/E</dd>
<dt>REPT, REPORT, OTHER</dt>
<np>COHEN,DA; RICE,JC</np>
<no>LA STATE UNIV MEDICAL CENTER</no>
<!-- Note:si:N346-->
<!-- Note:s:CHAIKIN,KAREN/OFFICE-->
<ti>"A PARENT-TARGETED INTERVENTION FOR ADOLESCENT SUBSTANCE USE PREVENTION: LESSONS LEARNED."</ti>
<pg>1</pg>
<!-- Note:lu:FEDA/PRODUCED-->
<!-- Note:dl:20021111-->
<dl>20030115</dl>
<ot>. "A parent-targeted intervention for adolescent substance use prevention: Lessons
learned."
Cohens, Deborah A.; Rice, Janet C. Louisiana State University Medical Center, Department of
Health Systems Research, New Orleans. Evaluation Review. April 1995. Vol. 19 (2) 159-180.
Method
This controlled parent-targeted drug prevention intervention followed 2 cohorts of elementary and
junior high school students to determine effects of encouraging parents to intervene in risk factors
for adolescent tobacco and alcohol use.
Results
Suggestions included limiting association with substance-using peers and asking parents to limit
adolescent access to alcohol. Although student participation and retention was good, parent
participation was poor. Parents were unlikely to know if their children had substance-using
friends, and there was no impact on adolescent substance use.
Conclusions
However, parent monitoring of children's whereabouts, maintaining high rapport, and a respectful
parent-child relationship did protect against adolescent substance use.

pgNbr=1
</ot>
</LTDLWOCR>
