<?xml version="1.0" encoding="ISO-8859-1"?>
<LTDLWOCR>
<tid>aat54a00</tid>
<bt>91710378</bt>
<dd>19940526</dd>
<dt>MEMO, MEMORANDUM</dt>
<dt>BRRE, BRAND REVIEW</dt>
<au>ORLOWSKY,M</au>
<rc>SCHNEPF,JR</rc>
<pc>GOLDBRENNER,R</pc>
<ca>LOR, LORILLARD</ca>
<cr>LOR, LORILLARD</cr>
<!-- Note:co:MARG, MARGINALIA-->
<fn>91710292/91710710/HARLEY-DAVIDSON; 91710377/91710709/HARLEY-DAVIDSON</fn>
<!-- Note:si:N73-->
<!-- Note:s:ORLOWSKY,MARTIN/OFFICE-->
<ti>HARLEY KEY CHAINS - INVENTORY UPDATE</ti>
<pg>1</pg>
<!-- Note:rn t="m":R1-037-->
<!-- Note:lu:FEDA/PRODUCED-->
<!-- Note:dl:20010914-->
<!-- Note:b:HARLEY-->
<dl>20040515</dl>
<ot>MEMORANDUM
May 26, 1994
TO: Mr. M. Orlowsky
FROM: J. R. Schnepf
SUBJECT: HARLEY KEY CHAINS - INVENTORY UPDATE		
Original purchase quantity - 2,700,000
Actual quantity received - 2,706,000
Inventory recap		
Shipped to Harley test markets as -	101,000	
a one pack blister premium item		
-
/
(Pittsburgh, Chattanooga, Houston &amp; Minnesota)		/
Shipped to International division	25 000 ~	~~5~~
d F

Shipped to Field Sales (Area II)	
1,410,800	~~

Shipped to New York office -	
2,190	L~ _�--
for internal use
Physical inventory count performed	
1,167,010	
on 5/24/94		
Total	2,706,000	
/lc
cc: Mr. R. Goldbrenner

pgNbr=1
</ot>
</LTDLWOCR>
