<?xml version="1.0" encoding="ISO-8859-1"?>
<LTDLWOCR>
<tid>aau46c00</tid>
<bt>2505106229/6230</bt>
<dd>19951022</dd>
<dt>FORM, FORM</dt>
<au>ZZBGR</au>
<np>ZZHA; ZZPE; ZZSR</np>
<ca>INBIFO, INSTITUT FUR BIOLOGISCHE FORSCHUNG</ca>
<no>CRC; INBIFO, INSTITUT FUR BIOLOGISCHE FORSCHUNG; PM</no>
<!-- Note:co:ILLE, ILLEGIBLE; MARG, MARGINALIA-->
<fn>2505106214/2505106267/INBIFO P 0500-5307 DVE RKI</fn>
<!-- Note:si:I1-->
<!-- Note:s:INBIFO/ARCHIVE-->
<ti>REPORT P 0500/5307 B1046</ti>
<pg>2</pg>
<!-- Note:lu:FEDA/PRODUCED-->
<!-- Note:dl:20020905-->
<dl>20021209</dl>
<ot>i

pgNbr=1
INBIFO Institut filr biologische Forschung GmbH � Koln
I'D
!
Form 17. KW 95 BGRIURO
Ausgabe von Dokumenten
_-
Datum ;~)
Sprache
Copy
No.	Empfanger	Ausgegeben

Datum ZN	Bemerkung
1				
2				
3	~~	Ar. 9S	~	
4	yJ y	y		
5	C6 ~	4		
6				
7				
8				
9				
10				
I Ausgabe von Microfiches
Empfanger
CX C
X-v
Ausgegeben
Datum 1 ZN
l(`f (~y C- . ~J
x:\Ir\aus_dok.doc
P~
Bemerkung

pgNbr=2
</ot>
</LTDLWOCR>
