<?xml version="1.0" encoding="ISO-8859-1"?>
<LTDLWOCR>
<!-- forcebtag -->
<tid>aad83d00</tid>
<bt>509131203</bt>
<au>GLAMOUR;RJR</au>
<bx>RJR4103</bx>
<!-- Note:b:CAMEL-->
<dd>19930900</dd>
<dt>ADVERTISEMENT</dt>
<!-- Note:co:Y-->
<!-- Note:dl:19980227-->
<pg>1</pg>
<!-- Note:rn t="m":MINNESOTA 1RFP124;MANGINI COURT ORDER-->
<!-- Note:sh:19970430-->
<!-- Note:s:MARKETING;BUSINESS INFORMATION-MRIC;MILLER BK;MGR;AD NOTEBOOKS-->
<ti>NEW SPECIAL LIGHTS. THIS ONE'S SOMETHING SPECIAL.</ti>
<!-- Note:tp:ADVERTISEMENTS-->
<dl>20020201</dl>
<ot>This One's Something Special
SURGEON GENERAL'S WARNING: Smoking
Causes Lung Cancer, Heart Disease,
Emphysema, AnSJ May Complicate
Pregnancy.
L
Tf ;
s
�1993 R.J. REYNOLDS TOBACCO CO
11 mg. "tar", 0.8 mg nicotine av. per cigarette by FTC method

pgNbr=1
</ot>
</LTDLWOCR>
