<?xml version="1.0" encoding="ISO-8859-1"?>
<LTDLWOCR>
<tid>aaz52e00</tid>
<bt>2056599151</bt>
<dd>19810915</dd>
<dt>FORM, FORM</dt>
<np>ADDINGTON,D</np>
<ca>LEAF</ca>
<cr>RECORD STORAGE + RETRIEVAL ADMINISTRATIV</cr>
<!-- Note:si:M147-->
<!-- Note:s:PERMANENT FILES/CENTRAL-->
<ti>RECORDS CONTROL FORM</ti>
<pg>1</pg>
<!-- Note:rn t="m":STMN/R1-023-->
<!-- Note:lu:STMN/PRODUCED-->
<!-- Note:dl:19980605-->
<dl>20020201</dl>
<ot>�
R-4037 (8/77)
RECORDS CONTROL F(...nA
TO:
Records Storage &amp; Retrieval
Administrative Services-East Wing
From: (Department)
Leaf Department
Description of Records:
CORRESPONDENCE - INTEROFFICE
Administrative Services Dept.
THRU
Miscellaneous (Richmond)
Date: September 15, 1981
Cost Center #
073
Responsible Contact:
Carton #
164
Dee Addington
Record Date Span:
From 78 To 78
Retention Pe
2-M- 8-
Extension:
iod:
10
3942
From: File Cabinet # (s) Dra
N/A
TqTW9~0z
Location:
Remarks:
DISTRIBUTION:
FOR USE BY RECORDS STORAGE &amp; RETRIEVAL SYSTEM ONLY
wer # (s)
Disposal Date: 1988
White-Records Storage Blue-Department Pink-Attach to Carton
pgNbr=1
</ot>
</LTDLWOCR>
