<?xml version="1.0" encoding="ISO-8859-1"?>
<LTDLWOCR>
<!-- forcebtag -->
<tid>aal01f00</tid>
<ti>B&amp;W Response - Supreme Court Appeal Denial.</ti>
<dt>Report</dt>
<dt>Report</dt>
<dd>19840319</dd>
<!-- Note:b:Barclay-->
<!-- Note:co:MARG-->
<!-- Note:ci:10004026-->
<!-- Note:rn t="m":G61 - Development of a Safer Cigarette;H80 - Altering/Affecting the Delivery of Nicotine-->
<pg>1</pg>
<!-- Note:ag:11573805-->
<fn>Not Found in File.</fn>
<!-- Note:dl:19981123-->
<bt>690819774</bt>
<dl>20020201</dl>
<ot>B&amp;W RESPONSE - SUPREME COURT APPEAL DENIAL
The basis of appeal before the U.S. Supreme Court was that
the 6th Circuit Court of Appeals had exceeded the normal scope
of appellate review in its June 24, 1983 decision. We asked
that the Supreme Court review and refer the matter, which dealt
with what we regarded as procedural abuses by the FTC, back to
the Louisville District Court.
Of course, we are disappointed by the Supreme Court
decision not to hear the case, but it was only a remote
possibility that it would since the court Ss under no
obligation to hear such cases, receives a large number of
applications and hears very few.
Since that action, the battleground has largely shifted to
the District of Columbia courts, where Judge Gesell ruled in
favor of B&amp;W on the ultra-low "tar" and 99% "tar"-free
designations and against B&amp;W on the 1 mg. designation. B&amp;W has
appealed that decision, and thus the substantive case remains
active.
3/19/84
690819774
I
pgNbr=1
</ot>
</LTDLWOCR>
