<?xml version="1.0" encoding="ISO-8859-1"?>
<LTDLWOCR>
<!-- forcebtag -->
<tid>aaz46d00</tid>
<bt>50407738/7739</bt>
<ti>ROZMAN, DAMJANA</ti>
<dd>19950000</dd>
<dt>RESUME</dt>
<!-- Note:d:PROFESSIONAL EXPERIENCE, BIBLIOGRAPHY-->
<!-- Note:dl:20010130-->
<pg>2</pg>
<dl>20021115</dl>
<ot>13. D. Rozman, R. Komel, Transformation of Cochliobolus lunatus with pUT 720 changes the
steroid hydroxylating ability of the fungus. Current genetics 22, 123-127 (1992).
In correspondence with editors:
1. D. Rozman, K. Jezernik and R. Komel, A facile isolation of genomic DNA from filamentous
fungi with high glucan level, Biotechniques.
2. D. Rozman, K. Jezernik and R. Komel, Ultrastructure and genotypic characterization of
filamentous fungus lCochliobolus lunatus in comparison to the anamorphic strain lCurvularia
lunata, FEMS MicrobioL Lett.
3. M. Vitas, K. Smith, D. Rozman and R. Komel, Progesterone metabolism by the filamentous
fungus Cochliobolus lunatus. J. Steroid. Biochem. Molec. Biol.
4. R. Komel, D. Rozman, M. Vitas, K. Drobic and S. L. Kelly, Looking for the gene encoding the
fungal cytochrome P450 involved in 1 1ft-hydroxylation of steroids. Proceedings of the 8th
International Conference on Cytochrome P450.

pgNbr=1
Rozman, Damjana	Research Fellow		
Institute of Biochemistry, Med. Fac. Ljubljana	Ph.D.	1995	Biochemistry
Fac. Sci. &amp; Tech., Univ. Ljubljana	M.S.	1986	Biochemistry
Fac. Sci. &amp; Tech., Univ. Ljubljana	B.Sc.	1983	Org. Chem.
Professional Experience
1983 Inst. of Biochemistry, Med. Fac. of Ljubljana, Slovenia
1986 Teaching Asst. Biochem., Med. Fac. in Ljubljana
Bibliography
1. D. Rozman, E. Pertol, I. Belic, R. Komel, Soybean peptones as nutrients in the fermentative
production of clavine ergot alkaloids with Claviceps fusiformis Biotechnol. Let. 7, 563-566
(1985).
2. R. Komen, D. Rozman, A. Puc, H. Socic, Effect of immobilization on the stability of
Claviceps purpurea protoplasts, Appl. Microbiol. Biot�chnol. 23, 106-1 10 (1985).
3. D. Rozman, The effect of protein hydrolisates on the biosynthesis of alkaloids with free and
immobilized cells of the fungus Claviceps fusiformis, Vestn. Slov. Kem. Drus. 34, 147
(1986).
4. D. Rozman, R. Komel, E. Pertot, Soybean peptone and its fractions as nutrients in
fermentations with immobilized Claviceps fusiformis cells, Vestn. Slov. Kem. Drus. 34, 457-
463 (1987).
5. D. Rozman, I. Belic, E. Pertot, R. Komel, The effect of soybean peptone fractions on the
biosynthesis of clavine ergot alkaloids with Claviceps fusiformis, PTBREK26, 29-32 (1988).
6. E. Pertot, D. Rozman, S. Milicic, H. Socic, Morphological differentiation of immobilized
Clavlceps paspali mycelium during semi-continuous cultivation. Appl. Microbio% Biotechno%
28, 209-213 (1988).
7. M. Merslavic, A. Petric, D. Rozman, B. Stanovnik, M.. Tisler, Cycloaddition of diazomethane
to azolopyridazines. The synthesis of isomeric 7-mel:hyl-7H- and 8-methyl-8H-pyrazolo(4,3-
d)azolopyridazines, J. Heterocyclic Chem. 26, 445-449 (1989).
8. D. Rozman, E. Pertot, R. Komel, M. Prosek, Production of lysergic acid derivatives with
immobilized Claviceps paspali mycelium. Appl. Microbio% Biotechnol. 32, 5-10 (1989).
9. D. Rozman, M. Dermastia, R. Komel, Likely expression of silent steroid bioconverting genes
in Cochliobolus lunatus. Suppl. Minerva Biotechnologica 2, 343 (1990).
10. M. Dermastia, D. Rozman, R. Komel, Heterologous transformation of Cochliobolus lunatus,
FEMS Microbiology Letters 71, 145-150 (1991).
11. M. Dermastia, D. Rozman, R. Komel, Morphological changes and induced sporulation in HmB
transformants of C. lunatus. Current Microbiology 23, 303-306 (1991),
12. D. Rozman, R. Komel, Altered gene expression of steroid bioconverting pathway in pAN 7-1
transormants of Cochliobolus lunatus, Current Genetics 20, 309-314 (1991).

pgNbr=2
</ot>
</LTDLWOCR>
