<?xml version="1.0" encoding="ISO-8859-1"?>
<LTDLWOCR>
<tid>aad32d00</tid>
<bt>2501858708/8710</bt>
<!-- Note:br t="m":2501858707/8712-->
<dd>19971203</dd>
<dt>REPT, REPORT, OTHER</dt>
<au>ZZKHO</au>
<np>ENGLISH</np>
<no>NHMRC</no>
<!-- Note:si:I22-->
<!-- Note:s:VON HOLT,KLAUS/OFFICE-->
<ti>COMMENTS ON APPENDIX 1 OF AUSTRALIAN NHMRC'S REPORT 'THE HEALTH EFFECTS OF PASSIVE SMOKING'</ti>
<pg>3</pg>
<!-- Note:lu:PPLA/PRODUCED-->
<!-- Note:dl:20000128-->
<dl>20020709</dl>
<ot>3 Dec.97 KHO/MWO X:\MWO\KHO\NHMRC.DOC Page I
Comments on Appendix 1 of Australian NHMRC's Report "The hea[th effects of
passive smoking"
The following contains some quickly generated draft comments which were put together
without any additional information beyond that what is already given in the appendix .
In appendix 1 the applied methodology for estimations of contributions of passive smoking
to illness among Australian is explained. The following conditions were selected for an es-
timation: lung cancer, heart attack, and coronary death in adults and lower respiratory ill-
ness and asthma in children. It is stated that in order to include a specific health condition
in such a procedure the strength of the scientific evidence of the association with passive
smoking and the availability of relevant Australian data on the frequency of the condition
were considered.
In the appendix itself no further information is given with respect to the strength of scien-
tific evidence of an association of any of the selected conditions with passive smoking. In
particular, there is no information on primary data with respect to the cited strength of an
association and proper consideration of potential bias and confounding.
To summarize the accumulating evidence of relative risk, a median and "plausib�e range of
values" have been selected. The aim of this method apparently is to use a very robust
method sufficiently insensitive against the singular outcome of outliers. On various occa-
sions the authors emphasize that they did not conduct a"formal meta-analysis" and dis-
cuss potential weaknesses they tried to avoid by this approach. Their own approach,
however, as they themselves mention, has the weakness, that it does not take into ac-
count the sizes of studies. The authors concede that criteria for quality are more diffcult to
define and determine for the type of studies they used than for randomized controlled tri-
als, and so they made no assessment and weighing for quality of studies. They also did
riot take into account the widths of the confidence intervals which, as they themselves
mention, give a measure of the reliability of the risk estimates from individual studies. The
authors used the same risks for males and females and did not differentiate between ex-
posure at home and at work.
2501858708

pgNbr=1
3 Deo.97 KHO/MWO X:\MWOIKHO\NHMRC.DOC Page 2
tn view of all the applied oversimplifications and without the primary information, it cannot
be reproduced to what extent the presented summarized results ae supported by the
original data,
With respect to prevalence of exposure the data base seems to be ex;remely poor. The
authors themselves consider that "there are no widely app[icable quantitative data for
Australia on exposure to tobacco smoke in the workplace or in enclosed pubfic environ-
mants". As already discussed they try to overcome this deficiency by assuming equivalent
exposure at home and at the workplace. For home exposure, howeve:. apparently there
are also no valid data available. At least in the presented appendix, only statistics on per-
centages of "non-smokers living with spouses who smoke" are discuss=d and used as a
surrogate marker for exposure. Such an approach without any further ;nformabon, such as
socioeconomic data, living conditions, housing, diet, lifestyle, and other sources of bias
and confounding cannot give a valid picture of a possible associatior between rea', ETS
exposure and any kind of health condition.
When rates of disease or population attributable fractions are calculated. relative risks are
used which are taken from other chapters of the report or from ot^er sources. Whereas
the proportions of never-srnokers, ex-smokers, and current smokers in 'he tctal population
are differentiated as PN, Px, and I'c presumably by a printing error ti e identical symbol,
P5, is associated to the proportion of never-smokers with spouses who smoke and to the
proportion of never-smokers who do not have spouses who have smoKed- All other for-
mula appear to be correct.
All the above mentioned concerns about deficiencies in assessment o` genuine ETS ex-
posure and proper control for bias and confounding are relevant for the estimation of the
possible contribution of passive smoking to asthma in children under 15 years and to
lower respiratory illness among children under 1B months of age ic Australia_ In hoth
cases on the basis of the presented information possible contributions by lcwer socioeco-
nomic status, housing conditions, pets, and other lifestyle factors cannot he excluded.
Whereas no comrnents are rnade with respect to the many factors which may contribute to
asthma, the authors discuss that for lower respiratory tract infection in only 25 % of the
2501858709

pgNbr=2
3 Dec.97 KHO/MWO X:1MWO\KHOINHMRC.DOC Page 3
cases known pathogens can be isolated. It must be considered that in 75 % of the cases
the etiology of lower respiratory tract infections is unknown.
It appears to be difficult with so little reliable information to give a quantitative estimation of
a potential contribution of ETS.
With respect of the contribution of passive smoking to lung cancer and to cardiovascular
disease in Australia, the authors take the corresponding values for the relative risk from
English et al. For both conditions they consider the strength of the evidence of a causal
effect sufficient. For other important cardiovascular diseases, mainly cerebrovascular dis-
ease or stroke and peripheral vascular disease they consider the evidence of a causal ef-
fect of passive smoking not sufficiently strong.
The objective criteria for this decision are not given in this context.

pgNbr=3
</ot>
</LTDLWOCR>
