<?xml version="1.0" encoding="ISO-8859-1"?>
<LTDLWOCR>
<tid>aac35c00</tid>
<bt>2069551088/1090</bt>
<dd>19981231/E</dd>
<dt>REPT, REPORT, OTHER</dt>
<no>FSF; METRO MARKETS FSF</no>
<fn>2069550850/2069551260/RESOLUTION; 2069551027/2069551259/RESOLUTION</fn>
<!-- Note:si:N346-->
<!-- Note:s:CHAIKIN,KAREN/OFFICE-->
<ti>QUESTIONS AND ANSWERS ON THE PROPOSED RESOLUTION TO SHARE WITH FSF &amp; RETAILERS</ti>
<pg>3</pg>
<!-- Note:lu:FEDA/PRODUCED-->
<!-- Note:dl:20020826-->
<!-- Note:b:MARLBORO-->
<dl>20021209</dl>
<ot>purchases and the van itself might be considered outdoor
advertising.
Question: What is the timetable for all of the changes that will affect
retail:
Answer: 3 months after the signing of the settlement, we self service
would be eliminated except in adult only environments after
this point.
5 months after the settlement, except in adult only
environments: all outdoor and outward facing advertising
would be eliminated and all POS at retail would have to change
to black and white.
9 months after the settlement, counter displays would be
eliminated.
3

pgNbr=1
!
Questions and Answers On the Proposed Resolution
To Share with FSF &amp; Retailers
Question: Will the proposed resolution require retailers to obtain a tobacco license in
order to sell tobacco products?
Answer: Yes, any entity that sells directly to consumers, whether a manufacturer,
wholesaler, importer, distributor or retailer would be required to have a
license.
Question: Will the Metro Markets FSF need to be licensed to sell p'roduct to retailers?
Answer: No, licenses to sell tobacco product is required only for entities who sell
tobacco products directly to consumers.
Question: Will any outdoor tobacco advertising be allowed?
Answer: No, all outdoor tobacco advertising, including advertising in enclosed stadia
� as well as directed outside from a retail store will be banned.
Question: Will tobacco manufactures be allowed to have advertising (POS) inside
retail stores?-
Answer: Yes, however, each tobacco manufacturer may have no more than two
separate advertising pieces per store. Any manufactures with 25% share of
market may have one additionall advertising piece for a total of three. POS
advertising shall consist of black letters on a white background. A retailer
will be allowed to have one sign of its own.
Question: Does the proposed resolution mean that (if enacted) we will no longer have
Retail Masters? ,
Answer: Not at all. In fact the core principles of Retail Masters are based on sound
category management principles aimed at meeting the needs of adult
smokers.
Question: How soon after the proposed resolution is enacted will self service
merchandising displays have to be removed?
Answer: If the resolution is enacted, self service merchandising displays will have to
be converted to non-self service three (3) months after the resolution are
enacted, except in adult only facilities. After nine (9) months, non-self
service displays on the counter could not have product visible or accessible
to consumers.
Question: �Can tobacco products remain visible to consumers if they are
displayed/merchandised on the selling floor provided it is locked up?
Answer: Yes, the proposed resolution specifically addresses "on the counter"
displays.
Question: Can tobacco products remain self service in adult only facilities, i.e.
Tobacco Stores?
Answer: Yes, the proposed resolution provides an exception for adult only facilities.
1

pgNbr=2
r
Question: Will tobacco manufactures be able to have continuity promotions like
Marlboro Unlimited?
Answer: Not as we know it today, since we give away branded items and they will
no longer be permitted. We are exploring the opportunity to promote
product through continuity.
Question: Does the proposed resolution mean that (if enacted) we no longer have
Wholesale Masters?
Answer: Not at all. Wholesale Masters is not expected to be impacted by the
proposed resolution.
Question: Will tobacco manufactures be able to sponsor concerts and sporting events?
Answer: No, all sponsorships, including concerts and sporting events in the name,
logo or selling message of a tobacco brand would be banned effective
12/31/98. However, we are exploring other opportunities such as adult
venues.
Question: Will tobacco manufactures be able to conduct adult facilities only events like
Marlboro Bar events?
Answer: Yes, the Marlboro events group currently conducts Marlboro Bar events in
27 markets. There maybe opportunity to expand these types of programs.
Question: Will this resolution (if enacted) apply to native American stores?
Answer: Yes, the proposed resolution relating to the manufacture, distribution and
sale of tobacco products shall apply on Native American lands.
Question: What size will the warnings message be on packs and cartons?
Answer: The warnings will occupy 25% of the front panel of the package for packs
and cartons.
Question: If the proposed resolution is enacted, and a retailer violates any portion of
this Act, will the FSF be required to report such violation?
Answer: Yes, each manufacture's employees shall be directed to report any known or
alleged violation of this Act by retailers or distributors to that manufacturer's
compliance officer. ,
Question: Can we still promote at retail?
Answer: Yes, We' cans still offer price-off and free product offers.
Since giveaways of non-tobacco items are now prohibited, we
will no longer offer incentive items such as lighters or T-
shirts.
Question: What is going to happen too Marlboro Van Program?
Answer: The van program would be eliminate of dramatically changed
since we cannot exchange non-tobacco items for cigarette
2

pgNbr=3
</ot>
</LTDLWOCR>
