<?xml version="1.0" encoding="ISO-8859-1"?>
<LTDLWOCR>
<tid>aaw95e00</tid>
<bt>2043408036</bt>
<!-- Note:br t="m":2043408000/8108-->
<dd>19901227</dd>
<dt>MEMO, MEMORANDUM</dt>
<au>NELSON,DH</au>
<pc>CHAPMAN,G; CHAUMP,J; SABELLA,S</pc>
<ca>PM, PHILIP MORRIS</ca>
<cr>PM, PHILIP MORRIS</cr>
<!-- Note:pa1:2043408035/2043408041&lt;/pa1-->
<!-- Note:s:SALES USA/CARLSTADT-->
<ti>001100 EXPENSES</ti>
<pg>1</pg>
<!-- Note:rn t="m":STMN/R1-004-->
<!-- Note:lu:STMN/PRODUCED-->
<!-- Note:dl:19980605-->
<dl>20020201</dl>
<ot>PHILIP MORRIS U.S.A. INTER-OFFICE CORRESPONDENCE
120 PARK AVENUE, NEW YORK, N.Y. 10017�5592
is Region Directors
TO:
FROM:
D. H. Nelson
DATE: Decenber 27, 1990
SUBJECT: NOVEMBER EDCPEN=
Attached is your region office budget for November, 1990.
LHIN/vl
Attachment
cc: G. Chapnan
J . C.hatuop
S. Sabella
0
pgNbr=1
</ot>
</LTDLWOCR>
