<?xml version="1.0" encoding="ISO-8859-1"?>
<LTDLWOCR>
<!-- forcebtag -->
<tid>aap81c00</tid>
<ti>INVOICE D 59613</ti>
<dt>FINANCIAL</dt>
<dt>FINANCIAL</dt>
<dd>19770729</dd>
<au>PEARSON TYPOGRAPHERS CORPORATION</au>
<rc>POST KEYES GARDNER</rc>
<!-- Note:co:MARGINALIA; Handwritten-->
<!-- Note:ci:20000699-->
<!-- Note:rn t="o":20000699A001-->
<pg>1</pg>
<!-- Note:ag:71274852-->
<fn>PKG KOOL Super Lights 1977 September</fn>
<!-- Note:dl:20030227-->
<bt>461014817</bt>
<dl>20030315</dl>
<ot>Pearson Typographers Corporation
1101 Taft Avenue
Berkeley, Illinois 60163
Telephone: Chicago 312/261/6331
Telephone: Suburban 449-5200
4194_33
Post/Keyes/Gardner
Date
7-29-77
Cust P.O. No.
64925
Our Job No.
29677
Cust. Job or Supplement No.
Descriptiofir-	
,
f,o0l Superlites
Hot Metal Comp Sittorr'-�--�
Machine, Make-up, Hand, Etch
Film Composition
Keyboard,Tape, Stripping Make-up, Hand, PMTs	





0.00
Camera/Typositor/Stats
Other:	
Alterations
Hot Metal-Machine
Hand, Etch
Film - Keyboard, Tape
Stripping and new PMTs
Camera/Typosito r/Stats
Other:	
Total Typography Cost
Metal: pounds @ cents per pound
Total
DUPLICATE INVOICE
Invoice
D59613
Terms Net Cash
C~4 j
Q 5-1--943-
$ 30.00
461014817
?RODUCED FROM B&amp;W WEB SITE

pgNbr=1
</ot>
</LTDLWOCR>
