<?xml version="1.0" encoding="ISO-8859-1"?>
<LTDLWOCR>
<tid>aal15e00</tid>
<bt>2026359124</bt>
<!-- Note:br t="o":PAT377146;  PATPM1088;  PATPM1089-->
<dd>19830831</dd>
<dt>LETT, LETTER</dt>
<au>INSKEEP,GE</au>
<ca>PM, PHILIP MORRIS</ca>
<cr>REDDIE GROSE</cr>
<fn>2026359120/2026359139/PM 1088 DELTA CANADA; </fn>
<!-- Note:si:R475-->
<!-- Note:s:SCHARDT,JIM/INACTIVE FILES-->
<ti>CANADIAN PATENT APPLICATION NO. 377146 YOUR REF: 23844 OUR REF: PM 1088/89</ti>
<pg>1</pg>
<!-- Note:rn t="m":STMN/R1-072; STMN/R4-005-->
<!-- Note:lu:STMN/PRODUCED-->
<!-- Note:dl:19980605-->
<dl>20020201</dl>
<ot>PHILIP MORRIS
INCORPORATED
LAW DEPARTMENT
PATENT SECTION
P.O. BOX 26583, RICHMOND, VIRGINIA 23261
31 August 1983
Reddie &amp; Grose
16 Theobalds Road
London WCU 8PL Engl and
RE: Canadian Patent Application No. 377 146
Your ref: 23844 Our ref: PM 1088/89
Gentlemen:
Please pay the issue fee in due time.
Very truly yours,
- ~
G. Esler Inskeep
bjm
(804) 274�2822
TELEX 827339

pgNbr=1
</ot>
</LTDLWOCR>
