<?xml version="1.0" encoding="ISO-8859-1"?>
<LTDLWOCR>
<!-- forcebtag -->
<tid>aah55f00</tid>
<ti>-- No Title --</ti>
<dt>Delivery Slip/Buck Slip</dt>
<dt>Log</dt>
<dd>19860327</dd>
<au>Stevenson-WC</au>
<rc>Walsh-JA</rc>
<!-- Note:co:Handwritten-->
<!-- Note:ci:10004026-->
<!-- Note:rn t="m":Attached to a Responsive Document-->
<pg>1</pg>
<!-- Note:ag:60127902-->
<!-- Note:dl:19981123-->
<bt>991392318</bt>
<!-- Note:br t="a":ATX040837029/ATX040837029-->
<dl>20020201</dl>
<ot>W. C. STEVENSON
~


pgNbr=1
</ot>
</LTDLWOCR>
