<?xml version="1.0" encoding="ISO-8859-1"?>
<LTDLWOCR>
<tid>aap86c00</tid>
<bt>2078929088/9092</bt>
<!-- Note:br t="m":2078929078/9092-->
<dd>19990609</dd>
<dt>REPT, REPORT, OTHER</dt>
<np>BOTVIN</np>
<no>CENTERS FOR DISEASE CONTROL; LEGISLATURE; OVERSIGHT COMM; PHILIP MORRIS; PMUSA, PHILIP MORRIS USA</no>
<!-- Note:co:CONF, CONFIDENTIAL-->
<!-- Note:si:N905-->
<!-- Note:s:PFEIL,MICHAEL/COMPUTER FILES-->
<ti>YSP MODEL LEGISLATION Q&amp;A</ti>
<pg>5</pg>
<!-- Note:lu:FEDA/PRODUCED-->
<!-- Note:dl:20021101-->
<dl>20021209</dl>
<ot>DRAFT FOR YSP REVIEW AND DISCUSSION 05/16/01 HTomb/p. 3
Q: What is your position on spending of these funds on anti-smoking advertising
if the ads attack the industry or your company?
Those ads are not accurate depictions of our company, our people or our position
on youth smoking.
Moreover, we do not believe that advertising -- no matter who runs it or what the
message -- is likely to reduce youth smoking by itself Still, we believe that
advertising is an important component of a comprehensive program to reduce
youth smoking. Experts believe that using a variety of messages is the best way to
reach a large number of young people.
Under this model legislation, an oversight committee would be charged with
developing criteria to measure the effectiveness of youth smoking prevention
programs. It would be up to the state to determine which approaches were most
effective in helping to reduce youth smoking.
Q:
Would tobacco industry representatives be required/allowed to sit on the
oversight committee?
A: Industry representatives would not be required to sit on the committee but would
be permitted if the state decided to invite their participation. On behalf of Philip
Morris U.S.A., I can tell you that we would be willing to serve as part of the
oversight committee and that we look forward to working with anyone who shares
our goal of reducing youth smoking.
We believe the committee should be multi-faceted and include those with expertise
in education, youth development and youth access.
Q: Does Philip Morris have a recommendation for a dollar amount or
percentage of settlement funds that should be spent on youth smoking
prevention programs?
A: Public health groups have recommended 25% -- and we would agree with that
percentage. That decision is ultimately up to the legislature. We hope the states
will devote a significant portion of their settlement funds to pay for a
comprehensive state program to reduce use of, and access to, tobacco products by
minors.
Q: Do you agree with anti-smoking groups that advocate spending 25 percent of
settlement funds on tobacco control?

pgNbr=1
DRAFT FOR YSP REVIFW AND DISCUSSION 05/16/01 HTomb/p. 4
A: Yes. We hope the states will devote a significant portion of their settlement funds
to pay for a comprehensive state program to reduce use of, and access to, tobacco
products by minors.
Q: Why do you recommend that states spend a certain percentage of money on
school- and community-based programs?
A: Youth experts believe that these types of programs can foster positive elements of
youth development - self-empowerment, a sense of belonging, decision-making
skills and family and school connectedness - which are important in preventing
youth smoking.
Q:
In addition, some of these programs have proven to reduce youth smoking, such as
Dr. Botvin's "Life Skills Training" curriculum that has received the support of the
Centers for Disease Control.
Suppose this kind of legislation passed -- and it worked. Wouldn't that hurt
PM USA?
A: If this legislation helped accelerate the decline in sales of Philip Morris cigarettes
overall - so be it. We are not in the business of selling cigarettes to minors and we
don't want kids to smoke under any circumstances.
Q: Why should I trust a tobacco company to write tobacco-related legislation?
A: Trust the experts and consider the statute itself
In our view, a meaningful portion of the funds available under the terms of the
Master Settlement Agreement ought to be spent on reducing underage tobacco
use. We are trying to take a leadership role and do more.
This model legislation is only an example of what might be done. It sets up a
structure that allows the state to determine how best to spend its youth smoking
prevention funds. We're willing to work with any person or group who is serious
about reducing youth smoking.

pgNbr=2
DRAFT FOR YSP REVIEW AND DISCUSSION 05/16/01 HTomb/p. 5
Q: What would voters and the media say about a legislator who supported a bill
written by a tobacco company?
A: We studied the opinions of experts in government, smoking prevention, youth
development and other fields and incorporated their ideas into a comprehensive
model plan. This model legislation is only an example of what might be done. It
sets up a structure that allows the state to determine how best to spend its youth
smoking prevention funds. We're willing to work with any person or group who is
serious about reducing youth smoking.
Aren't youth smoking programs best handled as budgetary matters or at the
bureaucratic level? Why do we need legislation?
A: We believe that addressing the problem of underage tobacco use requires an
integrated, comprehensive approach. As we envision it, such an approach would
include parental and community involvement, clear, consistent messages to minors,
sufficient and reliable funding, and steady enforcement of access laws, among
other elements.
The bill also requires an evaluation of programs and a state survey to determine the
youth smoking incidence rate to help ascertain overall effectiveness of a state's
youth smoking prevention effort. This model bill sets up a framework for an
agency or commission to build upon and measures results!
Q: What about the issue of ETS? Couldn't we reduce youth smoking by
reducing adult smoking? Doesn't at least part of the solution to youth
smoking lie in bans on smoking in public places?
A: We don't think so. We believe that non-smokers and adults who choose to smoke
can be comfortably accommodated in public places, such as in restaurants and
bars, hotels, motels, bowling centers and airports. In our view, business owners
and adult consumers should have the right to determine which smoking policies
best suit their customers' preferences.
Underage tobacco use is a separate issue that warrants immediate action by state
governments and others. The MSA funds provide states with a unique opportunity
to take such action.
###

pgNbr=3
Final 6/9/99
For internal use only
YSP MODEL LEGISLATION Q&amp;A
Q: How should our state use settlement funds?
Philip Morris U.S.A. believes the settlement provides the states an unprecedented
opportunity to design and implement programs that can help reduce youth
smoking. We hope that the states will devote a significant portion of their
settlement funds to pay for a comprehensive state program to reduce use of, and
access to, tobacco products by minors.
This kind of comprehensive effort would include advertising campaigns, education
in schools, community-based programs that promote positive youth development,
and enhanced access prevention and enforcement efforts. Philip Morris U.S.A. is
committed to taking responsible action on this issue, just as we are committed to
full compliance to both the spirit and the letter of the Master Settlement
Agreement with the states, To that end, we are willing to work with all those who
are responsibly committed to achieving a measurable reduction in youth smoking.
Q: What is your position on efforts to spend funds on anything other than
health- or tobacco-related issues?
A: Ultimately, it is up to state legislators to determine how they spend their portion of
the funds allocated to them under the Master Settlement Agreement. We believe
the settlement provides the states an unprecedented opportunity to design and
implement programs that can reduce youth smoking. As part of that agreement,
we agreed not to support the diversion of MSA funds to programs or uses that are
neither tobacco-related nor health-related.
Q: What would this legislation do to help adults stop smoking?
A: This model legislation is focused on the issue of youth smoking prevention. More
needs to be done to address the issue of underage tobacco use, and this legislation
represents what we think is a comprehensive approach.

pgNbr=4
DRAFT FOR YSP REVIEW AND DISCUSSION 05/16/01 HTomb/p. 2
Q: What is PM's position on funding anti-smoking or cessation programs for
adults?
A: This model legislation is focused on the issue of youth smoking prevention. In
our view, not enough has been done in this area, and we believe the settlement
provides the states an unprecedented opportunity to design and implement
programs that can reduce youth smoking.
Ultimately, it is up to state legislators to determine how they spend their portion of
the funds allocated to them under the Master Settlement Agreement.
Q: What would this legislation do to help minors stop smoking?
A: Our first aim is to help r~event minors from smoking or gaining access to
cigarettes. In our view, not enough has been done in this area. Experts believe
that a comprehensive effort is needed to make a measurable reduction in youth
smoking. This legislation would provide the type of programs that can help kids
make the decision not to smoke.
Q:
We do not discount cessation as a strategy that should be considered as part of an
effort to reduce youth smoking. At the present time, we are not aware of a
recommended way to address this issue with minors.
What is your view of higher cigarette excise taxes if the goal is to help reduce
youth smoking?
A: There are a lot of things that can have an impact on youth smoking -- and price is
just one factor. Increasing cigarette prices cannot substitute for an integrated,
comprehensive effort to address this problem. That is illustrated by the results of a
study conducted by the Centers for Disease Control. It showed that only 30
percent of high school students who are current smokers usually purchase their
cigarettes at a store or gas station, i,e. at retail.
Many youth experts believe -- and we agree - that a comprehensive approach is
needed that integrates communications, peer interaction, school-based educational
programs, community involvement and access-prevention strategies.
Let's focus on meaningful comprehensive efforts, rather than imposing unfair
taxation on adult smokers.

pgNbr=5
</ot>
</LTDLWOCR>
