<?xml version="1.0" encoding="ISO-8859-1"?>
<LTDLWOCR>
<!-- forcebtag -->
<tid>aad36d00</tid>
<bt>50099770/9770</bt>
<ti>NOTICE OF RESEARCH PROJECT  MORPHOLOGICAL STUDIES ON INDUCED PULMONARY EMPHYSEMA IN RABBITS</ti>
<dd>19741231</dd>
<dt>REPORT</dt>
<au>BROOKS RE, UNIV OR MEDICAL SCHOOL</au>
<rc>SMITHSONIAN SCIENCE INFORMATION EXCHANGE</rc>
<!-- Note:dl:20010130-->
<pg>1</pg>
<dl>20021115</dl>
<ot>aFOUIVn FTow
EXGHAIVGt
SMITNSONIAN INSTITUTION
1730 M STREET, N.W. PHONE 202-391-5511
WASHINGTON, D.C. 20036
NOTICE OF RESEARCH PROJECT
SIC Nu.
^sUYYORTING AGENCY: AGENCY'S NUMBGR(S):
Contract No: 906
The Council for Tobacco Research - U.S.A., Inc. and/or
Control No:
I
TITLE OF PROJECT:
Morphological Studies on Induced Pulmonary Emphysema in Rabbits
PRINCIPAL INYESTIGATOn, ASSOCIATES AND DEPARTMENT/SPECIALTY: I
School or Division Department
Principal e Robert E. Brooks University of Oregon Medical School Pathology I
Associates:
1, Richard D. Moore
2. ~
RECIPIENT INSTITUTION: PERIOD FUN TMIS NRP: ~I
Name and Start Date: January 1, 1974
Address: University of Oregon Medical School E7td Date: December 31, 1974 I
3181 S. W. Sam Jackson Park Road
Portland, Oregon 97201 Annual Funding: $14,658
SUMMARY OF PROJECT: Be Brief - 200 Words Maximum:
I
1) Objectives:
Previous studies have shown that Freund's adjuvant, when administered to
rabbits, produces a lung tissue reaction. Resolution of the tissue reaction leads I
to an altered lung histology having many features of that seen in emphysema. The
I
present project seeks to document tissue changes at the subgross, light and
electron microscopic levels.
~
2) Approach:
Rabbits will be injected intravenously with Freund's adjuvant and will be
sacrificed at intervals thereafter. Lungs will be inflated with fixative, examined
grossly, and then sliced into thin slices for examination by dissecting microscope.
i
Selected areas from the slices will be taken for further study by light and
electron microscopy.
,
3) Current Plans
and/or Progress:
If results of this project indicate that Freund's adjuvant-treated rabbit lung
provides a suitable model for human emphysema, further studies will be undertaken
to determine if cigarette smoke modifies the tissue reaction produced by adjuvant.
If such modifications are found, studies will be undertaken to learn how cigarette
smoke produces the effects noted.
50099770

pgNbr=1
</ot>
</LTDLWOCR>
