<?xml version="1.0" encoding="ISO-8859-1"?>
<LTDLWOCR>
<tid>aao81a00</tid>
<bt>1000366076</bt>
<!-- Note:br t="m":1000366071/6079-->
<!-- Note:br t="o":PRO2100-->
<dd>19770718</dd>
<dt>MEMO, MEMORANDUM</dt>
<au>DAYLOR,F; SANDERFORD,M</au>
<rc>OSMALOV,J</rc>
<pc>CHAMBERS,E; DANIEL,H; DAYLOR,F; FILOSA,L; GANNON,W; GAUVIN,P; JOHNSTON,M; MEYER,L; RAINEY,B; SELIGMAN,RB; SPIELBERG,H; THOMSON,R; WARREN,J; WHITMAN,J; WICKHAM,J</pc>
<np>FILOSA,L</np>
<!-- Note:co:EXTR, EXTRA; MARG, MARGINALIA-->
<!-- Note:si:R100-->
<!-- Note:s:CENTRAL FILES/DATABASE INTERNAL REPORTS-->
<ti>VIRGINIA PANEL TEST V-4623</ti>
<pg>1</pg>
<!-- Note:rn t="m":STMN/R1-004; STMN/R1-149; STMN/R3-011-->
<!-- Note:lu:STMN/PRODUCED-->
<!-- Note:dl:19990524-->
<dl>20020201</dl>
<ot>PHILIP MCRRIS U. S. A.
I N TER-0FF I CE CORRESPO?IDEPICE
RICHMOND, YIRGIHIA
70:
, Mr. Jerry Osmalov Date: July 18, 1977
From: .
$ubject::
Control
Red Q6 750 packs
Black S2 750 packs
Marv Sanderford
Charge No. -4 / 0 0
' Virginia Panel Test V-4623
Test Requester: L. Filosa
Approved by:
Manager
Panel Makeup: N=300
Cross Section of 150 (85mm) low delivery smokers
Cross Section of 150 (85mm) regular filter smokers
Presentation: Paired Comparison
Quantity:
Experimental
Red S2 750 packs
Black Q6 750 pack s
Cigarette Descriptions: (Contact L. Filosa or P. Gauvin for further ~
cigarette specifications)
Control - Merit 31 Cork Unidentified Coded X6D7AKP ~
O
~
Experimental - 6.5mg Beta Cork Unidentified Type X6D7DILTS ~
fs
cc: R. Seliaman
W. Gannon
R . Thomson
F. Daylor
L. Meyer
J. Wickham J. Whitman
H. Daniel M. Johnston
H. Spi~elberg J. Warren (3)
E. Chambers B. Rainey
P. Gauvin L. Filosa (Requester)
.r�

pgNbr=1
</ot>
</LTDLWOCR>
