<?xml version="1.0" encoding="ISO-8859-1"?>
<LTDLWOCR>
<tid>aal53e00</tid>
<bt>2022259857</bt>
<!-- Note:br t="o":CFNC9102474;  PRO1757-->
<dd>19910400</dd>
<dt>REPT, REPORT, OTHER</dt>
<au>ZIMMERMANN,ML</au>
<!-- Note:co:CONF, CONFIDENTIAL-->
<!-- Note:si:R100-->
<!-- Note:s:CENTRAL FILES/DATABASE-->
<ti>ANALYTICAL FLAVOR SPECIFICATIONS 910400</ti>
<pg>1</pg>
<!-- Note:lu:STMN/PRODUCED-->
<!-- Note:dl:19990131-->
<dl>20020201</dl>
<ot>QpNFIDENTIAL
PROJECT NUMBER : 1757
PROJECT TITLE . Analytical Flavor Specifications
PROJECT LEADER : M. L. Zimmermann
PERIOD COVERED : April, 1991
C91-02474
FIAVOR AND ADHESIVES SPECIFICATIONS AND CERTIFICATION
A. Objective: To develop analytical and sensory specifications for current, incoming flavor
materials and to transmit specifications and -methods for monitoring specifications to
appropriate groups: To certify that PMI export flavor materials meet GFO, to issue a
certification of analysis and to transfer methodology and certification to the Flavor Center.
To develop specifications and-analytical methods for adhesives used by P.M. USA.
B. Results:
Completed specifications packages for some of the large vendors have been delivered and
technical site visits continue. Methodologies associated with these packages were also
delivered and have been reviewed with each of the vendors.
Support to the Flavor Center continues as regards both flavor specification and the export
flavor certification. Streamlining of the methodology for the FRG work continues
allowing no change-over time between the various HPLC methods. Support in the
isolation of approved sources will be handled by our laboratory.
One of the flavors associated with the group from Malaysia is being further investigated
due to the presence of a compound not previously reported in this flavor. Numerous
searches in various databases has not provided documentation on this issue. Lab
extraction studies are underway to determine the source of this compound.
Another set of flavors is currently being profiled and evaluated from Mexico. And a third
group of revised samples are being screened for changes to the formulation. In addition,
large numbers of samples have undcrgone the certification process. Included in this group
are several preblends to certain vendors' flavor formulations that have shown contaminant
content to isolate the source of this problem.
Certification of two RL sheet materials for Germany was also completed this month.
The second set of adhesives has been requested and will be put through a variation of the
previous procedures. Initial discussions have been held with Findley, National, anc' Upaco
representatives, both sales and technical. We also toured the production facilities of
Upaco and their fonnulations laboratory: Tlte adhesives procedures used in the Louisville
PM plant was examined on-site. The adhesive database is nearly complcte and sample
log-in and database refinements are beginning.
C. Plans: Continue support to the Flavor Center on an as nccded basis, issue the completed
Direct Materials specifications, and continue the visits with key vendors on technical
issues.
20222rJ'9857

pgNbr=1
</ot>
</LTDLWOCR>
