<?xml version="1.0" encoding="ISO-8859-1"?>
<LTDLWOCR>
<tid>aaa33e00</tid>
<bt>2023489784</bt>
<!-- Note:br t="m":2023489779/9785-->
<dd>19920511/E</dd>
<dt>SCRT, REPORT, SCIENTIFIC</dt>
<dt>ABST, ABSTRACT</dt>
<au>DAISEY,JM</au>
<np>HOFFMANN; WYNDER</np>
<ca>NATL HEART LUNG + BLOOD INST; UNIV OF CA BERKELEY</ca>
<no>CRISP</no>
<fn>2023489778/2023489845/DAISEY, J.M. &amp; SEXTRO, R.G. FOIA CHARACTERIZATION OF PARTICULATE PHASE ETS IN DIFFERING ENVIRONMENTS;</fn>
<!-- Note:si:R529-->
<!-- Note:s:SCIENTIFIC AFFAIRS/BLACK LATERAL OLD S&amp;T-->
<ti>ENVIRONMENTAL TOBACCO SMOKE -- PHYSICO-CHEMICAL PROPERTIES</ti>
<pg>1</pg>
<!-- Note:lu:PPLA/PRODUCED-->
<!-- Note:dl:19990107-->
<dl>20020201</dl>
<ot>6. DAISEY, JOAN M.
LAWRENCE BERKELEY LABORATORY MAIL STOP 90-3058/1
CYCLOTRONBERKELEY, CA 94720.
ENVIRONMENTAL TOBACCO SMOKE--PHYSICO-CHEMICAL PROPERTIES.
CRISP.
UNIVERSITY OF CALIF-LAWRENC BERKELEY LAB, BERKELEY, CALIFORNIA.
NATIONAL HEART, LUNG, AND BLOOD INSTITUTE.
1991.
$266,472.
New Award (Type 1).
Deposition of environmental tobacco smoke (ETS) in the lung depends upon the
distributions of the various components between the vapor and particle phases and
upon the particle-size distribution. In order to understand the relationships between
exposure of non-smokers to ETS and their dose, it is necessary to understand how
the fundamental physical and chemical properties of ETS differ from those of
mainstream tobacco smoke. ;, We propose a program of research to determine the
vapor-particle partitioning and particle-size distributions of polycyclic aromatic
hydrocarbons (PAH) and tobacco-specific N-nitrosamines (TSN) and their precursor
alkaloids, including nicotine, in ETS for a range of environmental conditions of
dilution, lighting, aging, relative humidity and temperature. The PAH and TSN
fractions are suspected to play a significant role in the overall carcinogenic properties
of tobacco, smoke (Hoffmann and Wynder, 1986). The objectives of the proposed
research are: ;. 1. To develop sampling methods to effectively separate and collect
vapor andparticulate phases of selected components of ETS and to characterize the
chemical composition of ETS as a function to particle size; ; 2. To characterize the
vapor-particle and particle-size distributions of selected ETS components under
different conditions of dilution, lighting, temperature, relative humidity and aging; ; 3.
To compare measured and' modeled dynamics of particle-size distributions and of
vapor-particle partitioning as functions of dilution, lighting, temperature, relative
humidity and aging of ETS, and' ; 4. To investigate reactions of amines with NO(x), and
HNO(x) to form tobacco-specific N-nitrosamines. ; Experiments will be conducted in a
special Environmental Chamber in which dilution, aging, temperature and relative
humidity are controlled. Aerosol models will be used to interpret the experimental
measurements of the dynamics of vapor-particle partitioning and particle-size
distributions.
air sampling /monitoring chemical structure passive smoking physical property
particle pollution related respiratory disorder lung.
6
pgNbr=1
</ot>
</LTDLWOCR>
