<?xml version="1.0" encoding="ISO-8859-1"?>
<LTDLWOCR>
<!-- forcebtag -->
<tid>aau83f00</tid>
<ti>Smoke Quality Of Capri NM With Wider Cigarette Paper/278.</ti>
<dt>Memo</dt>
<dt>Correspondence</dt>
<dd>19870401</dd>
<au>Mosser-L;B&amp;W</au>
<rc>Radley-C;B&amp;W</rc>
<pc>Sharp-R;Riehl-T;McMurtrie-A;Templeton-L;B&amp;W</pc>
<!-- Note:b:Capri Menthol-->
<!-- Note:ci:10004026-->
<!-- Note:rn t="m":A4;M129-->
<pg>1</pg>
<!-- Note:ag:986414-->
<fn>R&amp;D General Retention Schedule #SE07 Project Files- by Project Number/ Year.</fn>
<!-- Note:dl:19981123-->
<bt>620353201</bt>
<dl>20020201</dl>
<ot>BROWN &amp; WILLIAMSON TOBACCO CORPORATION
RESEARCH, DEVELOPMENT &amp; ENGINEERING
INTERNAL CORRESPONDENCE
T0:	C. P. Radley
CC:	R.	D. Sharp
	T.
A.
L.	F. Riehl
McMurtrie
K. Templeton
FROM: L. 0. Mosser
DATE: April 1, 1987
SUBJECT: SMOKE QUALITY OF CAPRI NM WITH WIDER CIGARETTE PAPER/278
Product Department ^expert" smokers evaluated the smoke quality of
CAPRI NM samples with wider cigarette paper. The samples were
fabricated in Macon with 19.5 am wide E-656 cigarette paper. Current
CAPRI (menthol and nonmenthol) use 19.0 mm E-656 paper. Although a
control sample was not fabricated during this trial, the smoke quality
of the test product is comparable to current CAPRI Nonmenthol. In
addition, smokers observed a slight tipping "flag" on the tipping
overlap at the tobacco section end on many of the cigarettes.
L. 0. M.
LOM/vr
2166j
620353201
pgNbr=1
</ot>
</LTDLWOCR>
