<?xml version="1.0" encoding="ISO-8859-1"?>
<LTDLWOCR>
<tid>aat44c00</tid>
<bt>96630439</bt>
<dd>19720428/E</dd>
<dt>REPT, OTHER REPORT</dt>
<dt>PACK, COPY OF CIGARETTE PACKAGE</dt>
<!-- Note:co:FLOT, OTHER LANGUAGE-->
<fn>96630435/96630443/KENT BRAZIL</fn>
<!-- Note:si:G29-->
<!-- Note:s:LEGAL DEPT. FILES/BASEMENT GMP-->
<pg>1</pg>
<!-- Note:rn t="m":R1-056-->
<!-- Note:lu:FEDA/PRODUCED-->
<!-- Note:dl:20020107-->
<!-- Note:b:KENT-->
<dl>20030115</dl>
<ot>~ .
FROCESSO:, IrA&gt;3,'3-?4 de z@tU4(72~
Naturnza: Marz:a r7e tnde3stria e Ca-
mArcio "
Apresentnaa: Figuratlva
- Tttular: �1a. de Gigarras Souza_G
. .
C�asse:-34
Marca=
Ratno cfe Aiividade: lndusuia a coi
cEQ fle fumo e artigns de iumantas..-

pgNbr=1
</ot>
</LTDLWOCR>
