<?xml version="1.0" encoding="ISO-8859-1"?>
<LTDLWOCR>
<!-- forcebtag -->
<tid>aaw40c00</tid>
<bt>TI16830320</bt>
<dd>19940607</dd>
<dt>PERIODICAL / NEWS ARTICLE</dt>
<ti>DAILY BULLETIN  PUBLIC AFFAIRS DIVISION  THE TOBACCO INSTITUTE</ti>
<!-- Note:rn t="m":DOJCRFP-->
<bx>317</bx>
<!-- Note:dp:11/13/2001-->
<pg>1</pg>
<!-- Note:s:TI STORAGE BOX 7801-->
<!-- Note:cn:DOJ CIVIL-->
<!-- Note:dl:20020614-->
<dl>20030315</dl>
<ot>...DAILY BULLETIN...DAILY BULLETIN ... DAILY BULLETIN...
...PUBLIC AFFAIRS DIVISION...THE TOBACCO INSTITUTE...
Tuesday
June 7, 1994
...IN REVIEW...IN REVIEW...IN REVIEW...
VERMONT House rejected conference cmte report on property tax bill
yesterday...House requested new conference cmte be appointed...
Senate version of H541 would hike cigarette tax by 5 cents on 7/1,
then raise excise by another 5 cents on 1/1/95...House version had
no tax increases. Legislators may adjourn Friday...1994 session is
longest one since 1965.
Introduced in LOUISIANA special session...S28 would authorize Dept
of Health &amp; Hospitals to file class action lawsuit against liable
third party to seek reimbursement for Medicaid disbursements...
causation and damages could be proven by use of statistical
analysis.
Last month, RHODE ISLAND House OK'd increase in penalties for sales
to minors...H8505 has been referred to Senate HEW Cmte. NEW JERSEY
Senate approved bill to prohibit use of smokeless tobacco in public
schools and on school property...S405 has been referred to Assembly
Health Cmte.
Tomorrow, MICHIGAN H5346 is scheduled for floor consideration...
bill would repeal 1993 preemption of local sales restrictions.
Companion bill, 51023, remains in Senate Health &amp; Policy Cmte. OTP
tax bill, 51136, which was amended and passed by Senate to include
repeal of preemption, remains in House Taxation Cmte.
NEW YORK CITY NY Health Cmte held 6/6 public hearing on broad-based
smoking ban...Chair indicated need for additional public hearings.
At 6/13 PLANO TX City Council meeting, Task Force recommended
three-year phase-in for proposed restaurant smoking ban. Board of
Health in AVON MA are considering limitations on sampling and self-
service displays.
...For further information...call Public Affairs...
T11683-0320
pgNbr=1
</ot>
</LTDLWOCR>
