<?xml version="1.0" encoding="ISO-8859-1"?>
<LTDLWOCR>
<!-- forcebtag -->
<tid>aae07c00</tid>
<bt>50734918/4918</bt>
<ti>FALL 1997 NEW RESEARCH APPLICATION  4811  DAYA R. VARMA, PH.D.  MCGILL UNIVERSITY  MONTREAL, QUEBEC, CANADA  CROSSTALK BETWEEN MYOCARDIAL ALPHA-1A AND ALPHA-1B-ADRENOCEPTORS</ti>
<dd>19970623</dd>
<dt>MEMORANDUM</dt>
<au>CTR</au>
<rc>BOWDEN; SWAIN; VARMA DR, MCGILL UNIV</rc>
<!-- Note:d:REQUESTS $57,730 FOR FIRST YEAR OF 3 YEAR PROJECT-->
<!-- Note:dl:20010130-->
<pg>1</pg>
<dl>20021115</dl>
<ot>The Council for Tobacco Research
Supporting Biomedical Investigation
June 23, 1997
Re: 4811
Fall 1997
NEW RESEARCH APPLICATION
To: Primary Reviewer: Dr. Bowden
Secondary Reviewer: Dr. Swain
Applicant: Daya R. Varma, Ph.D.
Institution: McGill University
Location: Montreal, Quebec, CANADA
Project Title: Crosstalk Between Myocardial alpha-]a and alpha-lb-Adrenoceptors
Discipline: Cardiovascular
History:
Preliminary Application #6853 was considered by the reviewers and a full application was encouraged.
Full application No. 4811, entitled as above, is a request for 3 years of support,
Request:
Application Number 4811 requests $57,730 for the first year of a 3 year project.
Budget estimates for the second and third years are $63,503 and $69,853, respectively.
Documents submitted:
Application Dated: 5/30/97
Biographical sketches: Drs. Varnia; Mulay; Sculptoreanu
Reprints: -4-
Manuscripts: -1-
Letters of collaboration and supporl: -0-
Other documents: -0-
GAI l /mel
50734918

pgNbr=1
</ot>
</LTDLWOCR>
