<?xml version="1.0" encoding="ISO-8859-1"?>
<LTDLWOCR>
<tid>aas48d00</tid>
<bt>2063220496</bt>
<!-- Note:br t="m":2063220495/0496-->
<dd>19850630/E</dd>
<dt>BUDG, BUDGET, BUDGET REVIEW</dt>
<dt>CHAR, CHART, GRAPH, TABLE, MAPS</dt>
<no>7 UP; INDUSTRIES; INTL; JACK G RAUB; MILLER; MISSION VIEJO</no>
<fn>2063220442/2063220642/CASUALTY INSURANCE GENERAL CORRESPONDENCE 850000;</fn>
<!-- Note:si:N855-->
<!-- Note:s:RISK MANAGEMENT/CARLSTADT-->
<ti>CASUALTY INSURANCE ANALYSIS OF RESERVES AS OF 850630</ti>
<pg>1</pg>
<!-- Note:lu:RODG/PRODUCED-->
<!-- Note:dl:20001025-->
<dl>20020709</dl>
<ot>HNf~ - oP RaERveS `

~				
LTN~ussP~
I	rre~ i
V `o
	!				I
U C	QooKS !
eftPo2F-c
C	I 2'	2~T	I'Zd	7~d		I I 2'		I I, ~
I
'	n
~
UTd_r5~or l~aod5	~l	N i	i'	~'o		I I LI:	.		I-I
		I	L	iil	.		~li',I	!I	!I	!!I
				i!!	li					i	
&gt;
~~

i	C~oPYatiC^=' ~=~~
V_:'VS$LO.J BOOKS ~	!
I~1
'i	'. D
-I I
II!	~
IIII

I	~~~I ~
/161

I	~
' I	! 8d
Ill~il
777 i
I ~1	!
. I
. li
I	I I
II
i!
~I!	St9
I
II	1
											
~'EN
IG'fl_	PakP.~f Qo ti5
~LVrxoH ~wa !	!3l 2'7!
! I~ I!
! Isla i	
!! I
i i	
,!6~
a'~[~		
I I i i
I	
!~	I1
~ I
t	1LI
-IL
al~	
.
i ,	._ . . . !	I - !!I	il!	I		Il~i!		I	!I	
i	. !	I !"li	!I	I!I!	I
i			L~; i		I	LI	
~	!	I!	ili	!il	I!		lil	~l!		i	i	
	_
!	I	!I	ii	li		!	II!		il	I!	
7
~	~ .	:I	!	I	i~		I~	!		I~	I
~	
~
I			II	III	I						I	

1											!?	~
! '	I~n /�O {~d�.[ ~Jf //JNC.R$~f`~'o TFl`	~..'	I					(			! `	I

i	
!_ 0 7_U~ G+	I	I				I I
I'	I
I		!.
!I	!I	
											i'	
					
t		I	~I!	I	i		
							I'	II		~	I	
;	!
?
U						!,	LII		i~	!!i	
							!I	II			
	I						
II	
!I		!	III
~	
I	
: I~	ILL
i I	
lil	
I		
I	
II'	
~	
II,	
I;I
	-J	I I	;~								
!	~~	4 i	; I	I	!II		I	"		I
		i I	I ~	I I	i	I		I	i	I j
!
!
~-	- -
- -----
i--		!		,		-	~-,--~I
								

~iU~_~ TA&lt;K RPu
r
I ! ~! ' II ! ! ~I!
~ I I l iz 17 II !~ 13!zo'~
I I~ I I I I i
_10- T
_Joig II~.~
IIII
~
I I~
I
I
I
I~ II 'II i'I i' I :!iill i II! II I, I III ~'~
!!I !I I i~ill' I~~il~ I I I : il I I ~`I
!
l!41~ b
II i~~ il il liil I Ir'' ' Ii !i !i I II i i: I!
!
I! ~~il IZ i'~8! II ~Z ! ~!I i IfiG'4 I I I' !i
i'.
~
ITIF i~ i! I ~ li !l I I! li I li ~~
I! !!I I~ !li I! I I il ~II !!~!~ !~! I!II lil rf !I
~
Ifi I III~i i! li! !I li) i~ i! i~! I I! i ~
~ II i ~.i,i I' III ! li I!i I .I ! ,I ~ I
I
I' 1 I I_ I i I I I-I I 17, 3a P' +111 !.
I!
i
'' II I II ~I I ~I I III I Illl;i u
~
II~~~! II I i I !! ! !~ I ) Ij ! ~ : !I~ II
i
!
i iI' '! I!i i li il ! II I!! i I
i
!I! I li I ~I I I i~~
i
! !!
! I!I
li
I I
~I' I ~i ~ u II il ~~ ~
I!, I' I II 'i'I I !''I ~I il 'I I! i;.
!
i
! I! i I! I ~ i~ !I !! ' I I!I !!!I ! li I _
I !
I
!!II~ III~ I!I I!! !!~ I !~ f Ii. !I I I ~ ~ N
il !li I il 'i III il I' li I il ~ I II O~
I I,I II II I!IIII ~ I! II I I'II Il,ill I II
r~-
I
I








1
I
i

I~ II.~I
I





i


I
i
!
!
i
pgNbr=1
</ot>
</LTDLWOCR>
