<?xml version="1.0" encoding="ISO-8859-1"?>
<LTDLWOCR>
<!-- forcebtag -->
<tid>aaf87c00</tid>
<bt>506628590</bt>
<rc>ALL NON TOBACCO EMPLOYEES &amp; RETIREE</rc>
<bx>RJR7027</bx>
<dd>19881000</dd>
<dt>LETTER; DRAFT</dt>
<!-- Note:co:Y-->
<np>RJR; RJR NABISCO</np>
<!-- Note:dl:20030512-->
<pg>1</pg>
<!-- Note:ag:MEASURE 5. MEASURE 6.-->
<!-- Note:rn t="m":LANE RFP12 20000511; US COMPREHENSIVE REQUEST 201-->
<!-- Note:sh:20021115-->
<!-- Note:s:PUBLIC ISSUES; ; PHILLIPS MW; MGR FIELD OPERATIONS-->
<ti>DRAFT 1: TO ALL NON-TOBACCO EMPLOYEES AND RETIREES IN OREGON.</ti>
<dl>20030615</dl>
<ot>r
10i19i1988 16109 RJR USArGOUT RELATIONS 80171902707003201002 P.03
uKnri. at to all non-1ooacco uipioyeec
and Retirees in Oregon
pR~G'cyv-/
October ( ), 1988
Dear (First Name}1
On Election Day, Tuesday, November 8, Oregonians will be asked to vote on a
host of important state and local issues, as well as candidates of their
choice. We will be voting on eight Measures that have been added to the ballot
through the initiative process.
I want to call special attention to two of those Initiatives -- Measure 5 and
Measure 6. As members of the RJR Nabisco family, they should be of particular
concern to each of us.
� Neasure 8 would increase the state excise tax an cigarettes by It per pack
and the state excise tax on beer by about lt per can to fund college
athletics. The proponents of Measure 6 estimate the new taxes would take
$9 million dollars from the pockets of Qreqoniens, many of whom are also
RJR customers. These taxes place the greatest burden on those least able
to pay. ,
. Neaeure 6 would totally ban smokin in almost all indoor areas throughout
the state. Smoking Indoors would ~e against the law in,the workplace, in
restaurants, and in almost all other public places.- Des) pnated smoking
areas would be prohibited under the new law. And a violation of the law
would carry a criminal fine of up to =600.
Oregon already has one of the strictest anti-smoking laws in the nation,
with smoking indoors permitted only in designated smoking ireas. But
Measure�6 if passed, would totally eliminate even designated smoking
areas. It wou7d Impose more government fntervention and give us a law
that is totally excessive and inflexible.
Measures 5 and 6 are unfair to Oregonians, unfair to the hundreds of thousands
of Oregonians who enjoy the products of our sister company, R. J. Reynolds
Tobacco USA, and unfair to our company. So, regardless of whether or not you
choose to smoke, I hope you'll take a careful look at Measures 5 and 6 and vote
against them on November 8.
Most important of all, please remember to vote on November 8.
Regards,
t
(n
0
m
0)
N
~
0
cn
0

pgNbr=1
</ot>
</LTDLWOCR>
