<?xml version="1.0" encoding="ISO-8859-1"?>
<LTDLWOCR>
<tid>aat87d00</tid>
<bt>2078606262/6270</bt>
<!-- Note:br t="m":2078606257/6287-->
<dd>19990600/E</dd>
<dt>SPCH, SPEECH, PRESENTATION</dt>
<dt>REPT, REPORT, OTHER</dt>
<no>CPC; PROJECT PANEL</no>
<!-- Note:si:R896-->
<!-- Note:s:MOBREM,MASSOUD/COMPUTER FILES-->
<ti>PROJECT REVIEW - STAGE I, STAGE II, ETC. PROGRAM TITLE BRAND FAMILY TEST MARKET CITIES</ti>
<pg>9</pg>
<!-- Note:lu:FEDA/PRODUCED-->
<!-- Note:dl:20011112-->
<dl>20020709</dl>
<ot>_` ,
2078606264

pgNbr=1
i
2078606263

pgNbr=2
2078606268

pgNbr=3
2078606265

pgNbr=4
~
I
\	~1
'1 0	
\	
	~
~	
_,-,	--~
~	&gt;&gt;
~	:1
1	41
~	11
	~
2078606266

pgNbr=5
0
2078606270

pgNbr=6
LLJ



~
1
.h
2078606267

pgNbr=7
	~	
	~	
	.~	
	~	
		~

~	`	.1 L
~11		~
		`
--,		
		~
		~
		~
		~ '
~
~		-
-,
		'`- ~
		, -_~
2078606269

pgNbr=8
1
rJ-/r--
~J~~~/I

o�aiiii33333M&lt;:
I
Id

pgNbr=9
</ot>
</LTDLWOCR>
