<?xml version="1.0" encoding="ISO-8859-1"?>
<LTDLWOCR>
<!-- forcebtag -->
<tid>aaf25d00</tid>
<bt>505361864/1865</bt>
<au>I MAS</au>
<bx>RJR2602</bx>
<!-- Note:b:CAMBRIDGE;DORAL;DORAL 100;GENERIC BRANDS-->
<pc>LEIBEL KM;INMAN LJ;ITTERMANN PF;CASEY J;GANT GH;HUNT DC;THOMPSON FC;WINEBRENNER JT;IAUCO DN;MCCAFFREY KV</pc>
<dd>19860121</dd>
<dt>REPORT</dt>
<!-- Note:co:N-->
<np>B&amp;W;PHILIP MORRIS</np>
<!-- Note:dl:19990107-->
<pg>2</pg>
<!-- Note:rn t="m":MINNESOTA 1RFP93-->
<!-- Note:sh:19961129-->
<!-- Note:s:MARKETING;BRAND MANAGEMENT;ARMSTRONG FJ;MARKETING ASST-->
<ti>DORAL SIGNIFICANT ACTIVITIES REPORT WEEK OF JANUARY 20, 1986 (860120).</ti>
<!-- Note:tp:YOUNG ADULT SMOKING-->
<dl>20020201</dl>
<ot>DORAL SIGNIFICANT ACTIVITIES REPORT
Week of January 20, 1986
1) Brand held a meeting with R&amp;D, MDD, Traffic, Purchasing,
Sales and Production Planning to discuss timing for Project
Horizon. The following conclusions were reached:
o Tight timing requires that comp approval be completed in
no more than three days.
o Removal of the "lights" designation on Parent DORAL will
proceed as rapidly as possible. Production start-up is
scheduled for 4/1 in order to coincide with the changeover
to the 2nd Quarter warning statement and to allow
sufficient time for product to reach retail before the
Project Horizon DTS of 7/1.
o Manufacturing will be allowed to mix current and revised
Parent DORAL packaging within the same case (not the same
carton) to maximize ease of coordination and depletion of
current inventory.
2) Brand's recommendation for brand styles/budget for Project
Horizon was presented to me and to you. Pending final
approval, the project is scheduled for a July 1 DTS.
3) Sales was given approval to offer an incremental $6.00/case
allowance to retailers for each consecutive week in February
that they purchase 125% of their normal allocation. Funding
for this program will be incorporated into the Brand's budget
reconciliation, to be forwarded to me this week.
4) Results of the B&amp;W Generics Lights Comparative Test indicate
that DORAL non-menthol 100s are at parity with B&amp;W Generic
Lights non-menthol 100s among 18+ smokers who have purchased
Generics within the last three months.
% 70+ Scores
18+ Filter Lights NM 100s Smokers
DORAL B&amp;W Generics
52.3 54.3
Although DORAL had the advantage of more strength than B&amp;W
Generics, it possessed the disadvantages of more harshness,
more strong and dry aftertaste, and more artificial and
bitter.taste. Given DORAL's parity performance on its and
Generics' largest brand style, Brand does not recommend
testing other B&amp;W styles at this time. Quality Lights NM
100s will be mailed out February 17, with final results due
the week of March 31.
pgNbr=1
DORAL Significant Activities Report
Page - Two
w/o 1/20/86
5) Brand presented to me and to you rough comps of creative to
be used as part of a defense plan against PM's introduction
of a generically-priced Cambridge cigarette in Des Moines and
Denver test markets. Final comps, along with a comprehensive
defense plan recommendation, will be presented to me and to
you on Monday, 1/27.
MAS/adh
1/21/86
Individual copies to:
Mr.	J.	T.	Winebrenner
Mr.	D.	N.	Iauco
Ms.	K.	V.	McCaffrey
Mr.	K.	M.	Leibel
Ms.	J.	Casey
Ms.	P.	F.	Ittermann
Ms.	G.	H.	Gant
Mr.	D.	C.	Hunt
Mr.	L.	J.	Inman
Ms.	F.	C.	Thompson
pgNbr=2
</ot>
</LTDLWOCR>
