<?xml version="1.0" encoding="ISO-8859-1"?>
<LTDLWOCR>
<tid>aau31c00</tid>
<bt>2085725088B</bt>
<!-- Note:br t="m":2085725088B/5088C-->
<dd>20010905</dd>
<dt>EMAI, E-MAIL</dt>
<au>COHEN,DA</au>
<rc>RIGGLE,RA</rc>
<np>XX TOM</np>
<no>MTV</no>
<!-- Note:si:N733-->
<!-- Note:s:COHEN,DENISE/CARLSTADT-->
<ti>FW: MTV AWARDS</ti>
<pg>1</pg>
<!-- Note:lu:FEDA/PRODUCED-->
<!-- Note:dl:20030106-->
<dl>20030215</dl>
<ot>Cohen, Denise A.
From: Cohen, Denise A.
Sent: Wednesday, September 05, 2001 7:59 PM
To: Riggle, Robert A.
Subject: FW: MTV Awards
In Tom's absence....Thanks.
Denise Cohen
Youth Smoking Prevention
917-663-3415

pgNbr=1
</ot>
</LTDLWOCR>
