<?xml version="1.0" encoding="ISO-8859-1"?>
<LTDLWOCR>
<!-- forcebtag -->
<tid>aam98d00</tid>
<bt>50385441/5442</bt>
<ti>CTR 4331  CHARACTERIZATION OF A NOVEL FAMILY OF FCALPHA RECEPTOR-RELATED GENES</ti>
<dd>00000000</dd>
<dt>SCIENTIFIC REVIEW</dt>
<au>GILL</au>
<rc>KUBAGAWA H</rc>
<pc>FELDMAN; MCALLISTER; PIERCE; CTR STAFF</pc>
<!-- Note:d:APPROVAL IS RECOMMENDED WITH AN OUTSTANDING PRIORITY 1.2-->
<!-- Note:dl:20010130-->
<pg>2</pg>
<dl>20021115</dl>
<ot>the present project. Although one can raise questions about his independence from Dr.
Cooper, Kubagawa is clearly an accomplished scientist with a novel and exciting new
project. Many things in modem science must be done by a team approach and I believe
this should not be held against Dr. Kubagawa in any way. The budget is excessive by
CTR standards and should be reduced to a bingle.
Resume: This is a new project to understand and characterize two novel mouse Fca
receptors that have been identified by the P.I. The imaginative and important questions
asked, the state-of-the-art molecular immunological approaches to be utilized and the past
productivity of the investigator give assurance that important new information will arise.
Approval is recommended with an outstanding priority, 1.2.
CTR-CONFIDENTIAL SUBJECT TO P.O. IN US v. PM ET AL. 99CV2496 (SCIENTIFIC PEER-REVIEW MATERIAL)

pgNbr=1
CC: ?A$. . PIFRCE, XcI#.r.LIST'Lzi, Ctxi v..
CTR 4331
Title: Characterization of a Novel Family of Fcot receptor-related genes
Principal Investigator: Hiromi Kubagawa
Critique: Using the human Fcaa receptor ( FcaR) the applicant screened a mouse genomic
library and identified two mouse homologs of the human FcaR. These are similar in
having ectodomains containing 5 predicted immunoglobulin-like regions. However, they
differ in their transmembrane and cytoplasmic regions. This was deduced by using the
initially isolated mouse genomic material and cloning the cDNAs from a mouse spleen
cDNA library. Multiple forms of each of the FcaRs were discovered, suggesting
differences in use of polyadenylation sites and additional family members. The applicant
proposes to take advantage of these novel findings using state-of-the art molecular
immunological approaches. He will generate rat monoclonal antibodies specific for the
proteins encoded by each of the mouse Fca.R. Interestingly, one contains a classic stop
transfer sequence whereas the other does not, suggesting they have different means of
intracellular communication. He will explore the possibilities of GPI anchor linkage for
the protein lacking the stop transfer sequence. The monoclonal antibodies will be useful in
determining the cellular distribution of each form, the protein structure, the possibility of
GPI anchors and possible effects of cytokines and growth conditions on expression. The
second specific aim is to determine the genomic organization using fluorescence in situ
hybridization and analysis of mouse cosmid library clones. The prediction is that there are
increased numbers of such molecules, i.e., the family's bigger than revealed thus far. It
will be interesting to determine whether these are located in the same or different regions
of the chromosome. The third specific aim which is perhaps the most difficult, is to search
for the ligand that interacts with these genes. A variety of clever molecular approaches
are proposed. He will use the soluble form with appropriate tagging to examine cells
which react with this binding region. He will use this as a probe to isolate molecules
which will then be cloned. Alternatively, he will use expression of the ectodomain in a
fibroblast monolayer in order to select cos cells expressing a cDNA library containing the
ligand. All of these approaches are feasible and have been successful in other systems.
They are technically demanding but they appear well within the capabilities of the
investigator. The fourth specific aim is to clone and sequence human gene homologs for
which there is preliminary evidence. This is a very interesting approach. It is known that
the immunoglobulin A interacts not only with the polymeric immunoglobulin A receptor
for transcytosis, but the Fca receptor (CD89) expressed on myloid lineage cells involved
in quite different functions.
Overall, the applicant has made an exciting new discovery which he intends to
exploit with state-of-the-art molecular immunological approaches. The specific aims are
logical, imaginative and all important. Dr. Kubagawa is an associate professor at the
University of Alabama Birmingham. He has published largely with his senior mentor, Dr.
Max Cooper and presently is head of one of the projects on Cooper's Program Project.
He has submitted a grant to the NIH on Fcaa receptors which he claims does not overlap
_ .__.....----------T-
CTR-CONFIDENTIAL SUBJECT TO P.O. IN US v. PM ET AL. 99CV2496 (SCIENTIFIC PEER-REVIEW MATERIAL)

pgNbr=2
</ot>
</LTDLWOCR>
