<?xml version="1.0" encoding="ISO-8859-1"?>
<LTDLWOCR>
<!-- forcebtag -->
<tid>aad7aa00</tid>
<bt>50016215/6215</bt>
<ti>THE UNIVERSITY OF MICHIGAN  TOBACCO INDUSTRY PHARMACOLOGY GRANT TO DR. E.F. DOMINO  JANUARY 1, 1959 THROUGH JUNE 30, 1959</ti>
<dd>19590804</dd>
<dt>REPORT</dt>
<au>EHNIS FM</au>
<bx>223</bx>
<!-- Note:dp:19960830-->
<!-- Note:gn:GR00206R1;GR00206R2;GR00206R3;GR00206R4;GR00206R5;GR00206R6;GR00206R7;GR00206R8-->
<!-- Note:lu:MNAG-->
<pg>1</pg>
<dl>20020201</dl>
<ot>THE UNIVERSITY OF MICHIGAN
T�BACCO INDUSTF3Y PHARMCOLOGY GRANT TO DR.
E.
F.
DOMINO
JanuarV 1, 1959 through June 30, 1959	
	
Received from Tobacco Industry		$12,100.00
Expenditures
Supplies ~	
1,0$9.2$	
Travel	363.06	
Overhead 1,5% of total cost	217.85	1.670.19
Balance on hand 6/30/59		$10,429.81
F. M. Ehnis
Assistant Chief Accountant
August 4, 1959
FME:EP:sr

pgNbr=1
</ot>
</LTDLWOCR>
