<?xml version="1.0" encoding="ISO-8859-1"?>
<LTDLWOCR>
<!-- forcebtag -->
<tid>aad15a00</tid>
<bt>528859562/9564</bt>
<rc>ANDERSON DM; RJR; BRINKLEY CG; CARTER KB; COCKMAN M; COLE RW; CRUZ CT; YOE C; TI; DEBUTTS CR; ELLIS JW; GLENN D; GOODYEAR DM; HARRELL MC; HOLLAND TL JR; HYDE TN; KLEIN WC; LOSER GL; LOWSTETTER JS; LUNDGREN E; MORROW J; MOZINGO RL; MURRAY JS; OSMON G; PHILLIPS MW; PIERCE VS; SINGLETON JW; SMITH MD; SPEAS VL; STOKES HS; SUGGS ML; TOMPSON RC; WALKER TN; WILLIAMS RL; WOLD KL; EXT R; STONE RJ</rc>
<au>NELSON JB; RJR; WALT KLEIN &amp; ASSOC</au>
<bx>NA</bx>
<pc>FACKLER R; STONE RJ; RJR</pc>
<dd>19951128</dd>
<dt>EMAIL; LETTER</dt>
<!-- Note:co:N-->
<np>FACKLER R; MA RESTAURANT ASSN; STONE RJ</np>
<!-- Note:br t="o":RJR 545000724; 70049 7109-7111-->
<!-- Note:dl:20040624-->
<pg>3</pg>
<!-- Note:rn t="m":US COMPREHENSIVE REQUEST 402; US COMPREHENSIVE REQUEST 307; US COMPREHENSIVE REQUEST 363-->
<!-- Note:sh:NA-->
<!-- Note:s:USDOJ; PRODUCTION 17-21; CD; ;-->
<ti>MORNING TEAM NOTES 11/29.</ti>
<dl>20040715</dl>
<ot>PJR0000000545000724
1700497111
m
t

pgNbr=1
John W. Singleton SINGLEJ - RJRP02
Mark D. Smith SMITHMI - RJRP02
SPEASV - RJRP02
Henry S. Stokes STOKESH - RJRP02
MICHAEL L. SUGGS SUGGSM - RJRP01
Randolph C. Tompson TOMPSOR - RJRP02
T. Nathaniel Walker WALKERNI - RJRP02
Richard L. Williams WILLIARI - RJRP02
Kent L. Wold WOLDK - RJRP02
cc: Bob Fackler FACKLEB - RJRPOI
STONER-RJRP02
Subject: Morning Team Notes 11/29
Waukesha, WI--The Commons Council will meeting 12/5 to discuss retailing
and advertising restrictions. The task was at first assigned to a committee
but its members could not agree upon language and threw it to the full
council.
The council will hold a public hearing on 12/5 even though there is no draft
at
this time. Bob Fackler requests calls to retailers to encourage attendance at
the meeting and to recruit retailers to speak out.
Belchertown, MA--On 12/4, the board of health will hold a public hearing
whose format will be a Q&amp;A panel discussion with two antis and two industry
folks on the panel. This request was made by the Mass Restaurant Association
which has handpicked the pro-business speakers. Bob Stone requests that we
mail
and phone restaurant owners and smokers to drive up attendance. The board has
already agreed to self-service language which is "line-of-sight."
* Westwood, MA--On 12/5, this affluent suburb's board of health will
hold a
vote on broad based smoking and retail bans. Bob Stone requests mail and
phone
to retailers, restaurants and smokers urging attendance at the hearing. The
prospects here are dim since this town is close to Brookline and is hometown
to
the attorney general who is very anti-smoking.
;IRJR0000000545000724
~70049 7110

pgNbr=2
From: Nelson, J. Byron
To: Yoe, Cathey; Brinkley, Carolyn G.; Carter, Kay B.; Cockman, Michael; Hyde,
Timothy N.; Loser, Gary L.; Lowstetter, Jean S.; Mozingo, Roger L.; Murray, Joe S.;
Phillips, Mike W.; Pierce, Vicky S. (Ext. R; Singleton, John W.; Smith, Mark D.; Speas,
Vickie L.; Stokes, Henry S.; Stone, Robert J.; Tompson, Randy; Walker, T. Nathaniel;
Williams, Richard L.; Wold, Kent L.; Cole, Ron W.; Cruz, Cynthia; deButts, C. Read;
Ellis, Jim W.; Fackler, Bob; Goodyear, Douglas; Holland, Toussaint L.; Suggs, Michael
L.
CC:
BCC:
Primary Date: 11/28/1995 5:38:05 PM
Last Modified Date: 2001-Nov-21 16:05:29
Last Touched Date:
Sent Date: 1995-Nov-28 17: 38:00
Received Date: 1995-Nov-28 17:38:05
Subject: Morning Team Notes 11/29
Attachments:
Date: 11/28/95
From: JOHN BYRON NELSON RJRT/WALT KLEIN ASSOC. NELSONJ - RJRT
To: Doug M. Anderson ANDERSD1 - RJRT
Carolyn G. Brinkley BRINKLC - RJRP02
Kay B. Carter CARTERK2 - RJRP02
Mike Cockman COCKMAM - RJRP02
Ronald W. Cole COLER - RJRPOl
Cynthia T. Cruz CRUZC - RJRPOI
CYOE-TI
C. Read deButts DEBUTTR - RJRP01
James Ellis ELLISJ - RJRPO1
David Glenn GLENND - RJRT
Douglas M. Goodyear GOODYED - RJRPOI
Michael C. Harrell HARRELM - RJRT
TOUSSAINT HOLLAND, JR. HOLLANT - RJRPOI
Timothy N. Hyde HYDET - RJRP02
Walter C. Klein KLEINW - RJRT
Gary L. Loser LOSERG - RJRP02
Jean S. Lowstetter LOWSTEJ - RJRP02
Eric Lundgren LUNDGRE - RJRT
John Morrow MORROWJ - RJRT
Roger L. Mozingo MOZINGR - RJRP02
Joseph S. Murray MURRAYJ - RJRP02
Greg Osmon OSMONG - RJRT
Michael W. Phillips PHILLIM - RJRP02
Vicki S. Pierce PIERCEV - RJRP02
RJR0000000545000724
" 70049 7109
~

pgNbr=3
</ot>
</LTDLWOCR>
