<?xml version="1.0" encoding="ISO-8859-1"?>
<LTDLWOCR>
<tid>aak95c00</tid>
<bt>2073258365A</bt>
<!-- Note:br t="m":2073258365/8368-->
<dd>19990910</dd>
<dt>EMAI, E-MAIL</dt>
<au>KOLLER,D</au>
<rc>SANDERS,E; SOLANA,RP</rc>
<pc>KOLLER,D; TRICKER,A; ZHANG,M</pc>
<np>BIBLE,G; CARBONI,J; CHADICK,D; COX,D; COX,R; ELLIS,C; FINNER,R; HEMPFLING,W; KILE,BW; KOLLER,D; LANE; XX LOREEN</np>
<no>KILE MCINTYRE; NATL ETS CONFERENCE; PM; RJR, R.J.REYNOLDS; TOXIN TECHNOLOGY</no>
<fn>2073258211/2073258441/R. P. SOLANA - EMAIL 990900</fn>
<!-- Note:si:R545-->
<!-- Note:s:SOLANA,RICHARD/COMPUTER FILES-->
<ti>RE: LANE (990000), AFLATOXIN, TOBACCO, AMMONIA AND THE P53 TUMOR-SUPPRESSOR GENE: CANCER'S MISSING LINK?</ti>
<pg>1</pg>
<!-- Note:lu:FEDA/PRODUCED-->
<!-- Note:dl:20020725-->
<dl>20021209</dl>
<ot>----Original Message----
From: Koller, Debbie
Sent: Friday, September 10, 1999 9:47 AM
To: Solana, Rick P.; sanders, Edward Cc: Zhang, Mingda; Tricker, Anthony; Koller, Debbie
Subject: RE: Lane (1999), Aflatoxin, Tobacco, Ammonia and the p53 Tumor-Suppressor Gene: Cancer's Missing Link?
Rick and Ted,
This is not the first time we have heard of (or from) Dr. Lane. His lawyer sent a letter to Geoff Bible on his behalf
(March 17, 1998) offering PM the opportunity to access technology he (Dr. Lane) had developed and believes would
provide a method of reducing carcinogens on tobacco products. Cathy Ellis has asked me to look into what was known in
the literature (internal and external) and I wrote a memo summarizing what I found (Koller, Debbie. Mycotoxins and
Aflatoxin memo to Dr. Cathy Ellis April 1, 1998). In May of that same year, Loreen reported that at the National ETS
Conference in Washington, D.C., a member of the audience passed out a press release and scientific information on
aflatoxins and made the statement that "this new information is going to help put the tobacco companies out of business".
One of the contact people mentioned in the press release was the same person who sent the letter to Mr. Bible (Bradford
W. Kile of Kile, McIntyre &amp; Harbin). I am not aware of any reports in the popular press with reference to this "press
release".
Personnel in Judy Carboni's group (Bob Finner) coordinated collecting information on various topics to address
potential FDA issues. Debbie Chadick, Walter Hempfling and myself were recruited to work on issues surrounding
potential microbial and mycotoxin contamination. This information was reported to Rick and Dick Cox and then Bob does
whatever he needed to do with the info. I have not heard back from him (this was all done the end of 1998/first of 1999).
He is out of the office for the next several weeks, so I can't follow up on it until then.
Dr. Lane states that RJR publicly acknowledged the extent of aflatoxin contamination in tobacco in 1997. I will try
to get a copy of the patent referenced (and an additional paper from RJR) since a review of the literature indicated that: (1)
While there are indications in the literature that Aspergillus can be found on tobacco, aflatoxin is not readily found on
tobacco that has been grown and processed according to conventional industry practice. Aflatoxin formation appears to
be dependent on aeration and humidity levels, whereas tobacco is dried and stored compressed in hogshead; and (2)
Studies investigating the transfer of aflatoxin into smoke indicate that none was detected even when aflatoxin was added
to the cigarette. Analytical procedure may explain some of the discrepancies or conflicting results in the literature.
Furthermore, in 1994, PM had Toxin Technology, Inc. of Sarasota FL determine the presence and concentration (if any) of
the mycotoxins characteristic of the genera Aspergillus, Fusarium, Alternaria and Penicillum. The results indicated that
concentrations were below the limit of detection.
I wi(i be out of town most of next week, but wilt review the latest report in more detail when I return.
Debbie

pgNbr=1
</ot>
</LTDLWOCR>
