<?xml version="1.0" encoding="ISO-8859-1"?>
<LTDLWOCR>
<tid>aah06e00</tid>
<bt>2044694590</bt>
<!-- Note:br t="o":CPR18355-->
<dd>19860922</dd>
<dt>MEMO, MEMORANDUM</dt>
<dt>BRRE, BRAND REVIEW;  BUDG, BUDGET, BUDGET REVIEW</dt>
<rc>DELLACROSSE,F</rc>
<cr>PM, PHILIP MORRIS</cr>
<no>LANDOR ASSOCIATES</no>
<!-- Note:pa1:2044694588/2044694590&lt;/pa1-->
<!-- Note:si:N590-->
<!-- Note:s:DELLA CROSSE,FRED/CARLSTADT-->
<ti>PROJECT REVIEW AND COST ESTIMATE</ti>
<pg>1</pg>
<!-- Note:rn t="m":STMN/R2-039-->
<!-- Note:lu:STMN/PRODUCED-->
<!-- Note:dl:19980605-->
<!-- Note:b:VIRGINIA SLIMS;BENSON &amp; HEDGES-->
<dl>20020201</dl>
<ot>September 22, 1986
TO: Fred Della Crosse
PHILIP MORRIS INCORPORATED
SUBJECT: Project Review and Cost Estimate
BRAND: Virginia Slims #161
Project: #18355
PROJECT: Lights Filter 100's Budget: $10,500.00 � 20%
Flip-Top Box Carton + o/c to presentation
Design, Phase 5
We are to prepare a design exploration for the Virginia Slims Lights 100's
flip-top box carton based upon the current production Virginia Slims Lights
100's carton design and with the following revisions.
- This design exploration is for the filter (regular) version
only.
- Use the new approved striping scheme of the 100's flip-top
box design N-18301.
- Delete the old Benson &amp; Hedges crest and replace it with the
new Benson &amp; Hedges crest currently used on Virginia Slims Lights
120's and Virginia Slims Ultra Lights 100's.
- Review the current Virginia Slims carton designs, as well as
the designs being prepared for the Virginia Slims Ultra Lights
carton and make sure there is adequated differentiation while
still maintaining a family line of products.
- The end panel is critical for strong brand identification, as well
as differentiation from the other Virginia Slims packings.
- Keep in mind the desire to have an adequate area for the date
coding on the end panels. Try a design which keeps the striping
on the left side of the end panel for both end panels.
- Maintain all required copy as currently shown on the existing
cartons.
Designs are to be completed and ready for presentation for our meeting here
in San Francisco, October 23.
Landor Associates
pgNbr=1
</ot>
</LTDLWOCR>
