<?xml version="1.0" encoding="ISO-8859-1"?>
<LTDLWOCR>
<tid>aas06c00</tid>
<bt>2051336679/6680</bt>
<dd>19950216</dd>
<dt>MEMO, MEMORANDUM</dt>
<dt>LIST, LIST</dt>
<au>MANFREDI,J</au>
<rc>CAMPBELL,C; EASLEY,J; FOSTER,T; FUSS,K; PIZZUTO,M; SLAGLE,R; ZOET,D</rc>
<pc>CHARCHALIS,P; DAW,A; GREHER,L</pc>
<np>FUSS,K</np>
<ca>PM, PHILIP MORRIS</ca>
<cr>PM, PHILIP MORRIS</cr>
<no>CPC</no>
<!-- Note:pa1:2051336679/2051336680&lt;/pa1-->
<!-- Note:s:FOSTER,TRUMAN/OFFICE-->
<ti>950100 CPC MEETING</ti>
<pg>2</pg>
<!-- Note:lu:FEDA/PRODUCED-->
<!-- Note:dl:20020723-->
<!-- Note:b:MARLBORO; PARLIAMENT; VIRGINIA SLIMS-->
<dl>20021209</dl>
<ot>PHILIP MORRIS INTERNATIONAL INC. INTER-OFFICE CORRESPONDENCE
800 WESTCHESTER AVENUE, RYE BROOK, NEW YORK 10573-1301
TO: Distribution DATE: February 16, 1995
FROM: Joseph Manfre
SUBJECT: January 1995 CPC Meeting
The following items for export from the U.S. were approved last month.
Guam DF - Line Extension: Marlboro Menthol KS Box in a 200's Flip Ton Box
Carton
This will be the same packing as USA Duty Free with a rotating U.S.
health warning. Target volume for the first 12 months is one mio,
units.
Malaysia DF - Product Replacement: Marlboro Lights KS Box
Marlboro Lights KS soft pack is to be replaced by Marlboro Lights KS
FTB. The new product will require Malaysian HW and a Malaysia DNP
designation. Target volume for the first 12 months is 2.8 mio. units.
Hong Kong - Product Renlacement: Philip Morris 100's Regular, 100's Menthol and
Regular KS Box products
Existing soft pack formats of Philip Morris 100's Regular and 100's
Menthol and Regular KS are to be replaced with box formats. All
artwork has been received in Richmond and materials are scheduled for
delivery during the week of February 20, with shipment, by air freight,
scheduled for February 24.
Hong Kong, - Line Extension: Marlboro KS Box and Lights KS Box in 400's carton
Singapore and Packing for the Marlboro KS Box will be the same as USA Duty Free
Philippines DF ~vlarlboro LS FTB 400's carton, but in a KS format non-cautionary
carton containing general export (formula 822) packs. The Lights KS
Box will also use the same packing as the USA Duty Free Marlboro
Lights KS FTB 400's carton, but with a non-cautionary carton
containing general export (formula 822) packs.
Japan DF - Line Extension: Parliament Lights KS Rounded Corner Box
This will be General Export packaging with the standard Japanese
design and Japanese cigarettes. Launch date is scheduled for the 1st
quarter of 1995.
Japan - Line Extension: Next Menthol KS Soft Pack
Launch date is scheduled for May, 1995. All materials have been
produced.
Line Extension: Test market of Virginia Slims Special Lights Box
A new brand code (07490) has been assigned. Pack, carton and tipping
comps have all been forwarded to Kathy Fuss.
socPc
pgNbr=1
Distribution:
C. Campbell
J. Easley
T, Fosfer
K. Fuss
M. Pizzuto
R. Slagle
D. Zoet
cc: A. Daw
P. Charchalis
L. Greher
195CPC
pgNbr=2
</ot>
</LTDLWOCR>
