<?xml version="1.0" encoding="ISO-8859-1"?>
<LTDLWOCR>
<!-- forcebtag -->
<tid>aat95d00</tid>
<bt>50473054/3055</bt>
<ti>CURRICULUM VITAE  MARK S. BRODIE</ti>
<dd>19900000</dd>
<dt>RESUME</dt>
<au>BRODIE MS</au>
<!-- Note:d:EDUCATION, RESEARCH AND PROFESSIONAL EXPERIENCE, MEMBERSHIPS, PUBLICATIONS, AND ABSTRACTS-->
<!-- Note:dl:20010130-->
<pg>2</pg>
<dl>20021115</dl>
<ot>CURRICULUM VITAE
Mark S. Brodie
PERSONAL DATA:
Birthdate: August 23, 1957
Birthplace: Chicago, Illinois
Marital Status: Married
Social Security Number: 335-56-4486
EDUCATION:
BA Northwestern University, Evanston, Illinois. Major in Biological Sciences. Degree granted
Spring, 1979.
Ph.D. Pharmacology, University of Illinois at Chicago, Health Sciences Center, Chicago, Illinois,
1984.
RESEARCH AND.
PROFESSIONAL EXPERIENCE:
1977-1978. Undergraduate independent study, Anatomy Department, Northwestern University
Medical School, Chicago, IL.
1979-1984. Graduate student, P.H.S. graduate trainee, Department of Pharmacology, University
of Illinois at Chicago, Health Sciences Center, Chicago, IL.
July 1984 - July 1986. Department of Pharmacology, University of Colorado Health Sciences
Center, Denver, CO. Post-doctoral research performed with Dr. Thomas V. Dunwiddie.
July 1986 - July 1988. Research Scientist, Neuroscience Research, Abbott Laboratories, Abbott
Park, IL.
July 1988 - September 1990. Senior Research Scientist, Neuroscience Research, Abbott
Laboratories, Abbott Park, IL.
September 1990 to present. Research Assistant Professor, Department of Physiology and
Biophysics, College of Medicine, University of Illinois at Chicago, Chicago, IL.
MEMBERSHIPS: Society for Neuroscience; American Society fo:r Pharmacology and Experi-
mental Therapeutics
PUBLICATIONS: 12 peer-reviewed articles, 4 book chapters, 25 abstracts.
Articles (selected):
Brodie, M.S. and Proudfit, H.K., Analgesia induced by the local injection of carbachol into the
nucleus raphe magnus, Brain Research 291: 337-342, 1984.
Brodie, M.S. and Proudfit, H.IC, Antinociception induced by local injections of carbachol into the
nucleus raphe magnus in rats: Alteration by intrathecal injection of monoaminergic antagonists,
Brain Research, 371: 70-79, 1986.
Brodie, M.S., Lee, K,, Fredholrn, B.B., Stahle, L., and Dunwiddie, T,V., Central versus peripheral
mediation of responses to adenosine receptor agonists: Evidence against a central mode of
action, Brain Research. 415: 323-330, 1987.
Brodie, M.S. and Dunwiddie, T.V., Cholecystokinin potentiates doparnine inhibition of mesence-
phalic dopamine neurons in vitro, Brain Research 425: 106-113, 1987.
Mueller, A.L. and Brodie, M.S., Intracellular recording from putative dopamine-containing neurons
in the ventral tegmental area of Tsai in a brain slice preparation, J. Neurosci. Meth� 28: 15-22,
1989.

pgNbr=1
Gerhardt, G.A., Friedemann, M., Brodie, M.S., Vickroy, T.W., Gratton, A.P., Hoffer, B.J., and Rose,
G.M., The effects of cholecystokinin (CCK-8) on dopamine-containing nerve terminals in the
caudate nucleus and nucleus accumbens of the anesthetized rat: An in vivo electrochemical
study, Brain Research, 499: 157-163, 1989.
Brodie, M.S., Shefner, S.A., and Dunwiddie, T.V., Ethanol increases the firing rate of dopamine
neurons of the rat ventral tegmental area in vitro. Brain Research 508: 65-69, 1990.
Osmanovic, S.S., Shefner, S.A. and Brodie, M.S., Functional significance of the apamin-sensitive
conductance in rat locus coeruleus neurons, Brain Research, 520: 283-289, 1990.
Brodie, M.S. and Dunwiddie, T.V., Cocaine effects in the ventral tegmental area: Evidence for an
indirect dopaminergic mechanism of action, Naunyn-Schmiedeberg's Archives of Pharmacology
342: 660-665, 1990.
Book Chapters:
Dunwiddie, T.V. and Brodie, M.S., Receptors mediating electrophysiological responses to adenosine,
In: Adenosine: Receptors and Modulation of Cell Function, V. Stefanovich, K. Rudolphi, and P.
Schubert (eds.), IRL Press, Oxford, 1985, pp. 133-142.
Vickroy, T.V., Bianchi, B.R., Kerwin, J.F., Kopecka, H., Brodie, M.S., Gerhardt, G.A., Gratton, A.P.,
Rose, G.M., Hoffer, B.J. and Nadzan, A.M., Cholecystokinin-enhanced dopamine release from
rat nucleus accumbens in vitro and in vivo: Implications for the role of type A CCK receptors,
In: The NeuropeDtide Cholecstokinin (CCK). G.J. Dockray and G.N. Woodruff, (eds.), Ellis
Horwood Limited, West Sussex, UK, 1989, pp 175-180.
Dunwiddie, T.V., Williams, J.T., Bobker, D.H., Pan, Z.Z., Gerhardt, G. and Brodie, M.S., In vitro
approaches to characterizing the electrophysiological effects of cocaine upon the central nervous
system, Cocaine: PharmacoloQV, Physiology and Clinical StrateQies. J.M. Lakoski, F.J. White and
M.P. Galloway (eds.), Telford Press, In press.
Brodie, M.S., Low concentrations of nicotine increase the firing rate of neurons of the rat ventral
tegmental area in vitro, ADVANCES IN PHARMACOLOGICAL SCIENCES Effects of Nicotine on
Biological Systems, F. Adlkofer and K. Thurau (ed.), Birkhauser Verlag, 1991, pp. 373-377.
Abstracts (selected):
Brodie, M.S. and Dunwiddie, T.V., Neuropharmacology of mesencephalic dopaminergic neurons in
vt_tr_o, Soc. Neurosci. Abstr.. 11: 1074, 1985.
Brodie, M.S. and Mueller, A.L., Effects of cholecystokinin and dopantine on the membrane
properties of mesencephalic dopamine containing neurons studied in vitro, Soc. Neurosci. Abstr.
13: 934, 1987.
Brodie, M.S., Shefner, S.A- and Dunwiddie, T.V., Ethanol increases the firing rate of dopamine
neurons of the ventral tegmental area in vitro. Alcoholism: Clinical and Experimental Research
12: 323, 1988.
Brodie, M.S. and Mueller, A.L., The actions of acetylcholine and nicotine on neurons of the ventral
tegmental area studied in vitro, Soc. Neurosci. Abstr. 14: 1327, 1988.
Mueller, A.L. and Brodie, M.S., Dopamine-induced inhibition of substantia nigra neurons is not
dependent upon adenylate cyclase inhibition: An in vitro electrophysiological study, Soc.
Neurosci. Abstr. 14: 78, 1988.
Brodie, M.S. and Shefner, S.A., The effects of ethanol on membrane properties of neurons of the
ventral tegmental area in vitro. Soc. Neurosci. Abstr. 15: 524, 1989.
Brodie, M.S., Cholecystokinin octapeptide increases the excitatory effect of ethanol on neurons of
the ventral tegmental area in vitro. Soc. Neurosci. Abstr., 16: 459, 1990.
Address: Department of Physiology and Biophysics (M/C 901)
University of Illinois at Chicago
P.O. Box 6998
Chicago, IL 60680 Telephone: (312) 996-0650
2

pgNbr=2
</ot>
</LTDLWOCR>
