<?xml version="1.0" encoding="ISO-8859-1"?>
<LTDLWOCR>
<!-- forcebtag -->
<tid>aaj01c00</tid>
<ti>Lights 100 s Package Design CPT.</ti>
<dt>FINANCIAL</dt>
<dt>Invoice</dt>
<dd>19870929</dd>
<au>Kapuler Marketing Research Inc</au>
<rc>Willinger-S; B&amp;ampW</rc>
<!-- Note:ci:20000699-->
<!-- Note:rn t="m":A4; I93-->
<!-- Note:rn t="o":20000699A001-->
<pg>1</pg>
<!-- Note:ag:12963981-->
<!-- Note:dl:20021018-->
<bt>465686064</bt>
<dl>20030215</dl>
<ot>. .~..~ -
KAPULER MARKETING RESEARCH, INC.
Kapuler Survey Center, Inc. . Kapuler Telemarketing
3436 North Kennicott Avenue, North Arlington Atrium, Arlington Heights, Illinois 60004 (312) 870-6700
Invoice To: Date: APril 29, 1987
Sharon Willinger
BROWN &amp; WILLIAMSON TOBACCO CORP.
P.O. Box 35090
Louisville, KY 40232
LIGHTS 100'S PACKAGE DESIGN CPT
Initial Billing
$8,992.00
9
Thank youl
-,7 -
y~ ~9f7
Your Order Number:		Our Project Number:	87-2788
Your Project Number:	1987_73Rt	Terms: Net 30 days	
Invoice Number:	7534		
465CS6064.
465686064
PRODUCED FROM B&amp;W WEB SITE

pgNbr=1
</ot>
</LTDLWOCR>
