<?xml version="1.0" encoding="ISO-8859-1"?>
<LTDLWOCR>
<tid>aag85c00</tid>
<bt>2076857865</bt>
<!-- Note:br t="m":2076857865/7867A-->
<dd>19960805</dd>
<dt>EMAI, E-MAIL</dt>
<au>STAPLES,S</au>
<rc>WARD,J</rc>
<fn>2076857760/2076857876/MISSING; 2076857761/2076857875/000800</fn>
<!-- Note:si:N976-->
<!-- Note:s:ROPP,KEVIN/CARLSTADT-->
<ti>RE: COMPLIANCE SUB-GROUP MEETING</ti>
<pg>1</pg>
<!-- Note:lu:FEDA/PRODUCED-->
<!-- Note:dl:20020815-->
<dl>20021209</dl>
<ot>2076857865
Note for Staples, Sharon
From:
Date:
Subject:
To:
Staples, Sharon
Mon, Aug 5, 1996 2:40 PM
RE: Compliance Sub-group Meeting
Ward, Jerry
Page 1
The Compliance Sub-group Meeting has been set for Tuesday, August 13th at 10:00 A.M. in
Conference Room 17A -- 120 Park NYO.

pgNbr=1
</ot>
</LTDLWOCR>
