<?xml version="1.0" encoding="ISO-8859-1"?>
<LTDLWOCR>
<tid>aah65e00</tid>
<bt>2045999158/9161</bt>
<dd>19940308</dd>
<dt>REPT, REPORT, OTHER</dt>
<dt>LETT, LETTER</dt>
<au>ELY,C JR</au>
<pc>BARZILAY,J</pc>
<np>GORE,A; KENNEDY; KESSLER; SULLIVAN,L; SYNAR,M; WALD,RC</np>
<ca>PR NEWSWIRE</ca>
<no>ABC; ABC NEWS; CONGRESS; DAY 1; ENERGY + COMMERCE COMM; FDA, FOOD AND DRUG ADMINISTRATION; FTC, FEDERAL TRADE COMMISSION; HHS, DEPT OF HEALTH AND HUMAN SERVICES; HOUSE; NEWSEDGE LAN; TI, TOBACCO INST</no>
<no>ABC; DAY 1</no>
<!-- Note:pa1:2045999158/2045999164&lt;/pa1-->
<fn>2045999092/2045999224/MEDIA ABC NEWS</fn>
<!-- Note:si:N330-->
<!-- Note:s:DENNIS,DARIENNE/SEC'Y FILES-->
<ti>PHILIP MORRIS ISSUES STATEMENT REGARDING ABC'S DAY ONE COVERAGE</ti>
<pg>4</pg>
<!-- Note:rn t="m":STMN/R1-036-->
<!-- Note:lu:STMN/PRODUCED-->
<!-- Note:dl:19980605-->
<dl>20020201</dl>
<ot>~ b~, o~, ~ ~
~~.
PHILIP MORRIS ISSUES STATEMENT REGARDING ABC'S DAY ONE
COVERAGE
NEW YORK, March 7 /PRNewswire/ -- Philip Morris Statement regarding ABC's Day
One coverage on nicotine and cigarette ingredients:
Both this week and last, Philip Morris and other tobacco industry members
provided Day One with the facts well in advance of stories the program intended
to air about cigarettes. Last week, industry members set the record straight
about nicotine. Nevertheless, Day One chose to repeat its false allegations in
tonight's program.
This week the industry sent the attached letter clarifying the matter of
cigarette ingredients prior to tonight's program. In both instances, Day One
disregarded the facts and chose instead to air inaccurate and misleading
programs without referring to or acknowledging its receipt of the information.
Highlights of the letter that was delivered to Day One prior to tonight's
program included the following:
-- Cigarette manufacturers have furnished ingredient information to the
Department of Health and Human Services for more than a decade. HHS has given no
indication that its review of cigarette ingredients has created any basis for
concern.
-- The manufacturers repeatedly have offered to make their scientists
available to meet with HHS to consider any issues relating to cigarette
ingredients.
-- Cigarette manufacturers have provided additional information, not required
by the law, on several occasions when HHS has asked them to do so.
-- Rep. Mike Synar, who claimed credit for "hammering out" the language of the
1984 law praised the law as "the best example we have had in a long time of
where honest negotiation and reasonable compromise can mean that we can have
meaningful legislation for this countiy."
-- The confidential treatment of cigarette ingredients by Congress in the 1984
law is consistent with the treatment by Congress, the Food and Drug
Administration and other federal agencies of ingredients used in other consumer
products.
Given this information, it is unconscionable that Day One chose to mislead the
public yet again this week given that the facts tell a completely different
story.
Chronology of materials provided to Day One:
Philip Morris Statement - February 28
Philip Morris Statement - March 1
pgNbr=1
Tobacco Industry Letter - March 7
In response to media coverage and inquiries regarding the nicotine content of
cigarettes, Philip Morris USA is releasing the following statement:
Philip Morris Statement
Februaiy 28, 1994
Nicotine is a naturally occurring substance in tobacco. There is nothing done
in the processing of tobacco or manufacture of cigarettes by Philip Morris that
increases the nicotine in the tobacco blend above what is found naturally in
tobacco. In fact, the manufacturing process results in less nicotine in the
final product than exists in the unprocessed tobacco.
Philip Morris provides its consumers with a range of choices in tar and
nicotine levels in its products. As a matter of fact, over the years, consumer
taste preferences have resulted in products with lower levels of both tar and
nicotine. For many years, nicotine levels for all cigarettes have been measured
pursuant to FTC methods and publicly displayed in every cigarette advertisement,
in accordance with law.
Additionally, both FDA and the courts have recognized that cigarettes should
not be regulated by FDA. Nothing has occurred which warrants a change in this
policy.
Philip Morris Statement
March 1, 1994
The charges made against this industry regarding nicotine are ludicrous and
inaccurate. Nicotine is a naturally occurring substance in tobacco. There is
nothing in the processing of tobacco or the manufacture of cigarettes by Philip
Morris that increases the nicotine in the tobacco blend above what is found
naturally in tobacco. In fact, the manufacturing process results in less
nicotine in the final product than exists in the unprocessed tobacco. Moreover,
consumer taste preferences have resulted in products with lower levels of both
tar and nicotine. The overall nicotine content in cigarettes has in fact
declined by more than 50 percent over the last 40 years.
Those are the facts. Unfortunately, FDA Commissioner Kessler, based on
inaccurate information, has stated that under FDA regulation, cigarettes as we
know them today could be removed from the market even though such an action, he
says, raises societal issues of great complexity and magnitude.
In other words, prohibition.
Anybody who lived through or has studied Prohibition in the United States
pgNbr=2
knows that prohibition of an existing legal product does not work and causes all
kinds of potential problems for society. Prohibition robs society of revenues
from taxes, puts people out of work and encourages criminal activity.
Commissioner Kessler himself raises the potential of creating black markets in
this country, and as we all know black markets result in inferior products.
Prohibition didn't work in the 1920's, and it won't work in the 1990's.
The following is the letter addressed to Mr. Richard C. Wald, Senior Vice
President/ABC News, Capital Cities/ABC, Inc.:
Dear Mr. Wald:
We understand that ABC plans to run a segment on "Day One" this evening
relating to cigarette ingredients. We are writing to provide ABC, for the
record and in advance of the airing of the segment, with infoi7nation that we
believe will help you ensure that the segment is accurate and balanced.
First. The cigarette manufacturers have furnished ingredient information to
HHS for more than a decade. HHS has not raised a concern with respect to the
use of any ingredient. For your convenience, a chronology is attached. As this
chronology shows --
-- The cigarette manufacturers supplied ingredient information to HHS on a
voluntary, confidential basis before the law required them to do so.
-- The manufacturers did not object in principle to the provisions of the 1984
legislation that codified and expanded this voluntary an�angement. The
manufacturers urged, however, that the confidentiality of the information
continued to be assured. The 19841aw expressly provides for the confidential
treatment of the ingredient information submitted to HHS by the manufacturers.
-- The House Energy and Commerce Committee stated that the 19841egislation
provides "appropriate statutory authority" that would "permit the federal
government to initiate the toxicologic research necessary to measure any health
risk posed by the addition of additives and other ingredients to cigarettes
during the manufacturing process."
-- Rep. Mike Synar, who claimed credit for "hammering out" the language of the
19841aw with Rep. Al Gore, praised the law as "the best example we have had in
a long time of where honest negotiation and reasonable compromise can mean that
we can have meaningful legislation for this country." Rep. Synar also stated
that all groups with an interest in the legislation were given "a very fair
hearing." He stressed that "(t)rade secret information will be protected but
ingredient information will be available to Congress to review if it deems
necessary."
-- Since 1986, the manufacturers have submitted ingredient information annually
to HHS using our law firm as their agent as authorized in the 1984 law. A
manufacturer who fails to comply with the ingredient disclosure requirements is
subject to criminal penalties and civil injunction proceedings. 15 U.S.C. SS
1338, 1339.
pgNbr=3
-- The manufacturers have provided additional information, not required by the
law, on several occasions, when HHS has asked them to do so.
-- The manufacturers repeatedly have offered to make their scientists available
to meet with HHS to consider any issues relating to cigarette ingredients.
-- As noted, HHS has given no indication that its review of cigarette
ingredients has created any basis for concern. If the Secretary concludes that
any additive does present a cause for concern, she undoubtedly will so inform
Congress.
Second. The confidential treatment of cigarette ingredients by Congress in
the 1984 law is consistent with the treatment by Congress, the Food and Drug
Administration and other federal agencies of ingredients used in foods, drugs,
cosmetics and other consumer products. Flavorings and fragrances -- which
account for the vast majority of cigarette ingredients -- are exempt from
disclosure on food and cosmetic products. Legislation sponsored by Senator
Kennedy in the last two Congresses addressing cigarette ingredients (S. 2795 and
S. 1088) would have exempted fragrances and flavorings from public disclosure.
Federal law allows the cigarette manufacturers to submit ingredient
information to HHS on a composite rather than a brand-specific basis. This
maintains the confidentiality of product forrnulas. There is no requirement to
disclose product formulas for food and cosmetic products.
Third. To keep the matter in perspective, you should be aware that HHS
Secretary Louis Sullivan told Congress in 1990 that he considered tobacco
product ingredients to be a"peripheral" concern. He also told Congress that
legislation giving HHS additional regulatory authority over cigarettes would not
add measurably to the agency's current or planned efforts and was therefore
"unnecessary.
We trust that you will make every effort to present the facts accurately and
in a balanced fashion. We hope that this letter will be helpful in that regard.
Sincerely yours,
Clausen Ely, Jr.
attachment
cc: Jonathan Barzilay, Esq.
CHRONOLOGY
8485 03/08/94 00:13 EST
:TICKER: MO
:SUBJECT: TOBC HEAL NY FDPR
Copyright (c) 1994 PR Newswire
Received by NewsEDGE/LAN: 3/8/94 5:59 AM
pgNbr=4
</ot>
</LTDLWOCR>
