<?xml version="1.0" encoding="ISO-8859-1"?>
<LTDLWOCR>
<tid>aan47c00</tid>
<bt>2505008480</bt>
<dd>20001215</dd>
<dt>EMAI, E-MAIL</dt>
<au>COX,RH</au>
<rc>REININGHAUS,W; ROEMER,E; TERPSTRA,P</rc>
<pc>PATSKAN,GJ; ZZ DVE; ZZ FTE; ZZ KRU; ZZ TME</pc>
<no>BETA TEAM</no>
<!-- Note:co:MARG, MARGINALIA-->
<!-- Note:si:I31-->
<!-- Note:s:RUSTEMEIER,KLAUS/OFFICE-->
<ti>ACCORD TESTING</ti>
<pg>1</pg>
<!-- Note:lu:FEDA/PRODUCED-->
<!-- Note:dl:20030610-->
<!-- Note:b:ACCORD;BETA; HYDRA-->
<dl>20030815</dl>
<ot>/
ACCORD Testing
~A., I a I &amp;I i4r1I k8l XI *
From:
To:
Cc:
Subjectc
Sent:
+tT
Cox, Richard H.
Reiningltaus, Wolf; Roemer, Ewald; Terpstra, Piter
Patskaq George 7. .
ACCORD Testing
12115/DO 9:44 PM
Importance:
Page 1 of I
Normal
DearAll, ~'
Several issves came up today during the Beta Team meeting. The bottom line is thet we need to have the final
reports for the Hydra Study and the current bridging study in Richmond no later than May 1, 2001. I don't know what
this does to your priorities, but we must do this to meet the timeltnes for introduction of this product Into Mass. in
September 2001.
Look at your current schedules and determine what impact the above will have on them. We will telephone you after
the first of the new year to discuss with you.
We also need to have smoke chemistry at Mass conditions for the product thatwlll be in the marketplace. Those
samples will most likely not be ready until March 2001. We will put a plan together on this side for this and
i determine where is the best place to do the analyses.
Happy Holidays and will talk to you nextyear.
Dick
.../read.asp?command=open8aobj=00000000AFEABD73B115D3I1BACA0008C7C9AA8C0700C8C0B8F 13-Dec-2000

pgNbr=1
</ot>
</LTDLWOCR>
