<?xml version="1.0" encoding="ISO-8859-1"?>
<LTDLWOCR>
<tid>aag46c00</tid>
<bt>2070091788</bt>
<!-- Note:br t="m":2070091787/1788A-->
<dd>19990921</dd>
<dt>EMAI, E-MAIL</dt>
<au>LOBOSCO,E</au>
<rc>CUSATO,D</rc>
<np>CUSATO,D; XX JACK</np>
<no>SR TEAM</no>
<fn>2070091726/2070091971/D. CUSATO SENT MAIL 000826 - 990928</fn>
<!-- Note:si:N325-->
<!-- Note:s:LEVY,CAROLYN/CARLSTADT-->
<ti>RE: CONFERENCE ROOM</ti>
<pg>1</pg>
<!-- Note:lu:FEDA/PRODUCED-->
<!-- Note:dl:20020711-->
<dl>20021209</dl>
<ot>2070091788
-Original Message----
From: Lobosco, Enza
Sent: Tuesday, September 21, 1999 5:36 PM
To: Cusato, Denise
Subject: RE: Conference room
Denise, I usually schedule it for when Jack's folks come up from Richmond to present to Sr. Team - is
that ok?

pgNbr=1
</ot>
</LTDLWOCR>
