<?xml version="1.0" encoding="ISO-8859-1"?>
<LTDLWOCR>
<tid>aax27e00</tid>
<bt>2028874610</bt>
<dd>19900920</dd>
<dt>FORM, FORM</dt>
<au>TEWES,F</au>
<!-- Note:co:FLGE, GERMAN LANGUAGE-->
<fn>2028874508/2028874794/INBIFO MEETINGS 890000 - 900000 MINI OP; </fn>
<!-- Note:si:I9-->
<!-- Note:s:ROEMER,EWALD/SEC'Y FILES-->
<ti>REPORT P 0268/2179 MUTAGENICITY OF THE MAINSTREAM AND SIDESTREAM WHOLE SMOKE CONDENSATES OF THE RESEARCH CIGARETTES CALYPSO-1, AREUSE-46, -53, AND -55 IN THE SALMONELLA TYPHIMURIUM STRAINS TA98 AND TA100 (PT)</ti>
<pg>1</pg>
<!-- Note:rn t="m":STMN/R2-038-->
<!-- Note:lu:STMN/PRODUCED-->
<!-- Note:dl:19980605-->
<!-- Note:b:AREUSE 46;  AREUSE 53;  AREUSE 55;  CALYPSO 1-->
<dl>20020201</dl>
<ot>DP	Donnerstag	27-Sep-90
-M�ETINGn~ 14/1sso		
	WOCHENTAG	DATUM
	14.00	R008.2
(DOCUMENT PRESENTATI�N)	TAGESZEIT BEGINN	RAUM
THEMA	REPORT P 0268/2179
	Mutagenicity of the Mainstream and Sidestream Whole
	Smoke Condensates of the Research Cigarettes CALYPSO-1,
	AREUSE-46, -53, and -55 in the Salmonella Typhimurium
	Strains TA98 and TA1 00 (PT)
zur Kenntnisnahme	
TEILNEHMER (a)	KHO TME WRE ERO FTE PVO
		20. seD. 1.990 ~~
VERANTWORTLICH	FTE	
		AUSHANGDATUM ZE!cHEN
(a)'Neitere Teilnehmer sind gem gesehen!
KOSTETIS1EL1_E : 2179
GEPLANTE DAUER (h): 0.75
oZ9V6eszoz
pgNbr=1
</ot>
</LTDLWOCR>
