<?xml version="1.0" encoding="ISO-8859-1"?>
<LTDLWOCR>
<tid>aap78c00</tid>
<bt>86221591</bt>
<dd>19990000/E</dd>
<dt>BRRE, BRAND REVIEW</dt>
<fn>86221554/86221662/BRAND PLAN 990000; 86221555/86221661/990000 BRAND PLAN</fn>
<!-- Note:si:N158-->
<!-- Note:s:BRAND CENTRAL FILE/FILE ROOM-->
<ti>MAVERICK P&amp;L 980000 VERSUS 990000 990000 SENIOR MANAGEMENT VOLUME PROJECTION</ti>
<pg>1</pg>
<!-- Note:rn t="m":R1-025-->
<!-- Note:lu:FEDA/PRODUCED-->
<!-- Note:dl:20011206-->
<!-- Note:b:MAVERICK-->
<dl>20030115</dl>
<ot>MAVERICK P &amp; L
1998 VERSUS 1999
1999 SENIOR MANAGEMENT VOLUME PROJECTION
		1998	1999	
	
Tho	Per
usand	Total
Dollars		
Tho	Per
usand	Total
Dollars
UNITS		2,694				2,842	
NET SALES		55.48	149,463			55.48	157,674
TOTAL COST OF SALES		25.23	67,970			25.23	71,704
GROSS PROFIT		30.25	81,494			30.25	85,971
ADVERTISING		0.34	922			0	-
PROMOTION		19.59	52,786			21.36	60,704
TOTAL COST		19.94	53,708			21.36	60,704
BRAND CONTRIBUTION		10.31	27,786			8.89	25,267
L651ZZ98

pgNbr=1
</ot>
</LTDLWOCR>
