<?xml version="1.0" encoding="ISO-8859-1"?>
<LTDLWOCR>
<tid>aag25e00</tid>
<bt>2028584548</bt>
<!-- Note:br t="o":PATPM641DIVII-->
<dd>19830801/E</dd>
<dt>FORM, FORM</dt>
<np>BAK; KERITSIS,GD; SCHARDT,J; XX CARL</np>
<no>F+N; PTO</no>
<fn>2028584400/2028584567/PM 641 DIV III G.D. KERITSIS;  MODIFIED CELLULOSIC SMOKING MATERIAL AND METHOD FOR ITS;  PREPARATION; </fn>
<!-- Note:si:R475-->
<!-- Note:s:SCHARDT,JIM/LATERAL FILES-->
<ti>MODIFIED CELLULOSIC SMOKING MATERIAL AND METHOD FOR ITS PREPARATION</ti>
<pg>1</pg>
<!-- Note:rn t="m":STMN/R1-084; STMN/R1-087-->
<!-- Note:lu:STMN/PRODUCED-->
<!-- Note:dl:19980605-->
<dl>20020201</dl>
<ot>TITLE: MODIFIED CELLULOSIC SMOKING
SUBMITTERS: Gus D. Keritsis
DATE RECEIVED:
PM 641 DIV III
MATERIAL AND METHOD FOR ITS PREPARATION
a,~.~~.~
S -l-"-
rl u_ 2
l, ,si~l ~ ozz-,~)
w
		
	
	
	aoe~ - cod),
	
V	
7-~/ 5- 85-	AOn4.Fr ./tespoN6-e ItgoO,- CUM/n e,vn 7v F-~SU/
7-,2 1	~(Y~fA f) /n P,uT F-; l'o
g -'17	A	A VTS Q? Y I~M~tvomr,c,z- oII7- ~,-, em &amp;o To /614
t,vc~
R/lGW
ktl4D ~c) cj-)a-rldori
N
-A
~
~
~
pgNbr=1
</ot>
</LTDLWOCR>
