<?xml version="1.0" encoding="ISO-8859-1"?>
<LTDLWOCR>
<tid>aaa53e00</tid>
<bt>2062045602/5604</bt>
<dd>19940719/E</dd>
<dt>FORM, FORM</dt>
<dt>LETT, LETTER</dt>
<au>WALK,RA</au>
<rc>BOURLAS,M; CARCHMAN,R; MCALPIN,L; REININGHAUS,W</rc>
<np>HAUSSMANN,HJ; STINN,W; XX MICHELLE</np>
<ca>CONTRACT RESEARCH CENTER</ca>
<cr>PM, PHILIP MORRIS</cr>
<no>5TH INTL INHALATION SYMPOSIUM; INBIFO, INSTITUT FUR BIOLOGISCHE FORSCHUNG</no>
<!-- Note:co:MARG, MARGINALIA;  MISS, MISSING PAGES-->
<!-- Note:si:I48-->
<!-- Note:s:INBIFO/FURNACE ROOM-->
<ti>FOLLOW-UP ON OUR MEETING LAST WEEK CORRELATIONS BETWEEN IN VITRO AND IN VIVO INVESTIGATIONS IN INHALATION TOXICOLOGY, 5TH INTERNATIONAL INHALATION SYMPOSIUM, HANNOVER, 950200</ti>
<pg>3</pg>
<!-- Note:lu:STMN/PRODUCED-->
<!-- Note:dl:19990131-->
<dl>20020201</dl>
<ot>Interoffice Correspondence
19 Ju1.94
Dr. M. Bourlas, PM, Brussels
R.-A. Walk, CRC Contract Research Center,
Zaventem, Belgium
R. Carchrnan, W. Reininghaus
ollow-up on our meeting last week
Dear Manuel,
first of all congretalations to you and Michelle and the very best to the future of your
daughter.
Then t think it was a great idea to meet last week and to update one another on our present
and future activities. For me it was stimulating and pleasurable to hear about your ideas on
"the core issue" in the public discussion in the US. Following-up on your ideas a bit, I took
some data, which INBIFO gathered recently by shoping German brands, and plotted the
nitotine-to-tar ratios against the tar as stated on the packs. With the data from those 27
� brands it looks, as if
We have also plotted the stated nicotine values against the tar values. As you can see, ....
pgNbr=1
08/06 ' 94 12: 54 $49 2203 303362 INBIFO Koeln -.44 CRC raj 003
of hematologists to confirm the diagnoses. Suitable controls will be
selected from among other patients in the same hospitals (e.g., patients
with trauma and other acute conditions) and matched to cases for age, sex,
and the time of hospitalization. All identified cases and controls will be
intenriewed to obtain information on drug use, occupational and chemical
exposures, personal data, and relevant medical history. Serum and DNA
samples will be collected from all cages and one control per case for
analysis of hepatitis, Epstein-Barr, and other viruses. At the end of the
study, there will be 330 cases and 1320 controls available for analysis.
Incidence rartEs and the risk of aplastic anemia among individuals exposed
to various factors will be estimated. Because of the population-based
design, absolute as well as relative measures of risk will be prrnrided. The
preliminary results from the existing study suggest that aplastic anemia
Is, overall, overall, twice as common in Bangkok as in Western countries,
and that it is much more common among young individuals. This is possibly
due to environmental factors. An extension of the study will provide more
Information about the role of the drugs and other factors, especially
household pesticides and various occupational exposures; expansion to the
rural areas will make possible the evaluation of the role of pesticides
used in agriculture, and other factors unique to rural Thailand.
Descriptors/Keywords: agriculture; chloramphenicol; tetracycline;
aplastic anemia; disease proneness /risk; pathologic process;
antiinflammatory agent; drug adverse effect; human ecology; hepatitis A;
� hepatitis B; hepatitis nonA nonB; occupational hazard; pesticide; pesticide
biological effect; salicylate; epidemiology; rural area; urban area;
toxicology; environmental toxicology; virus cytopathogenic effect;
hepatitis B virus; hepatitis C virus; Epstein Barr virus; hepatitis A virus
; CRISP; RPROJ
?SH FILES
0
C:1IUK1J23RAW1. DOW 07 June 'i 9941
pgNbr=2
Interoffice Correspondence
Dear Loreen:
22-J u I-94
Loreen McAlpin, PM USA, Richmond
R.-A. Walk, CRC Contract Research Center,
Zaventem, Belgium
4Go~r~eiatians=between=ln=Vitr"rt -d=1n Vivo=
ir_~.vestigatinns-ir~=1n~hslati 'T~xicolog ~t
.International Inhalation ymposium;l=l~annover,
Feb.95
This is for your calendar.
Although ETS is not mentioned in the title this important conference will deal with complex
mixtures including tobacco smoke and in particular ETS. Several colleagues from INBIFO
(H.-J. Haussmann, W. Stinn)~ including myself~will attend the meeting.
Best regards,
Roger Walk
pgNbr=3
</ot>
</LTDLWOCR>
