<?xml version="1.0" encoding="ISO-8859-1"?>
<LTDLWOCR>
<tid>aao14e00</tid>
<bt>2025799769</bt>
<dd>19900503</dd>
<dt>PRES, PRESS RELEASE</dt>
<np>BAYARD,S; NELSON,JR; VARELA</np>
<ca>NEWSNET; PM, PHILIP MORRIS; PR NEWSWIRE</ca>
<no>EPA, ENVIRONMENTAL PROTECTION AGENCY; OFFICE OF RESEARCH + DEVELOPMENT; ST PETERSBURG TIMES; YALE UNIV</no>
<fn>2025799711/2025800056/MISSING; </fn>
<!-- Note:si:R529-->
<!-- Note:s:SCIENTIFIC AFFAIRS/BLACK LATERAL OLD S&amp;T-->
<ti>ENVIRONMENTAL TOBACCO SMOKE STUDY BEING MAILED TO SCIENTISTS</ti>
<pg>1</pg>
<!-- Note:rn t="m":STMN/R1-035; STMN/R1-036-->
<!-- Note:lu:STMN/PRODUCED-->
<!-- Note:dl:19980605-->
<dl>20020201</dl>
<ot>PR NEWSWIRE via NewsNet
Thursday May 03, 1990
Update #: 17 Item #: 364
ENVIRONMENTAL TOBACCO SMOKE STUDY BEING MAILED TO
SCIENTISTS
Philip Morris, U.S.A. today released the following:
This week, more than 400 scientists will receive a copy of a
significant study on environmental tobacco smoke (ETS), which finds no
relationship between ETS in the workplace and adverse health effects.
The independent study, done at Yale University, has never been
published. It is being mailed to the scientists by Philip Morris,
U.S.A., the nation's largest cigarette manufacturer, in an effort to
make certain that the scientific eommunity is aware of as much
information as possible about the ETS issue.
According to an article published Sunday, April 29, in the St.
Petersburg Times, "Even critics agree the study is one of the few done
in which the workplace is included. Many studies on passive�smoking
deal with smoke and who lives with a spouse who does.
"Also, the Varela study includes the largest number of cases, more
than 400, of the 24 passive smoking studies that have been done so far.
Overall, the Varela study tends to show that passive smoking isn't
dangerous," the newspaper reported.
The controversial study should be integral to a"draft" risk
assessment and accompanying policy guidelines being prepared for release
later this month by the U.S. Environmental Protection Agency, but
according to the St. Petersburg Times story, Steven Bayard, a
statistician with the EPA's office of research and development, said
"Yale did not respond" when asked for additional data about the study. ~
According to John R.. Nelson, vice president, corporate affairs, ~
Philip Morris U.S.A., "Philip Morris is concerned that the EPA is not
only moving forward with the risk assessment without fully considering
all the evidence, but that the EPA is issuing 'policy guidelines' on the
basis of what the EPA, itself, describes as a`draft' risk assessment."
NOTE: Journalists interested in obtaining a copy of the study
should call the contact below.
CONTACT: John R. Nelson, vice president, corporate affairs, Philip
Morris U.S.A., 212-878-2462.
C
pgNbr=1
</ot>
</LTDLWOCR>
