<?xml version="1.0" encoding="ISO-8859-1"?>
<LTDLWOCR>
<!-- forcebtag -->
<tid>aau25f00</tid>
<ti>Physical Properties, By-Products, Tobacco And Smoke Analysis, Alpine Menthol Cigarettes Manufactured By Philip Morris, Inc</ti>
<dt>Smoke/Tobacco Analysis</dt>
<dt>Science</dt>
<dd>19721011</dd>
<np>Philip Morris;THV</np>
<!-- Note:b:Alpine-->
<!-- Note:ci:10004026-->
<!-- Note:rn t="m":79-->
<pg>1</pg>
<!-- Note:ag:60037216-->
<!-- Note:dl:19981123-->
<bt>970436669</bt>
<!-- Note:br t="a":ATX040028051/ATX040028051-->
<dl>20020201</dl>
<ot>October 11, 1972
PHYSICAL PROPERTIES, BY-PRODUCTS, TOBACCO AND SMOKE ANALYSIS
ALPINE MENTHOL CIGARETTES MANLFACTURED BY PHILIP MORRIS, INC.
Physical Propecties:	
Length of Cigarette (mm)	84.3
Average Weight icigts/4 oz)	109.4
Wt. Tobacco/Cigt. (g)	0.8101
Moisture	(%)	11.8
Density	(g/cc)	0.259
Firmness	as Received (mm)	1.65
Circumference	(mm)	24.9
Pressure Drop	- Cigt (cm)	10.6
	(cm)
- Ti	7
6
		p	.
Fireholding ;% ho-iding fire)	80
Paper Porosity	(sec)		13
Burning Rate	;mg/min}		68.8
Description of Filter:
Length of Filter (mm)
Type
Length of Tipping (mm)		20.8
Cellulose Acetate
26.0
Ventilation (8)		15 - one line
i
h
f
l
		es
o
s
x
o
By-Products:		
Reconstituted Tobacco	(k)	17.8
Rolled Stems (%)		7.9
Expanded Tobacco (g)	3.8
Tobacco Analysis:		
TVB as Ammcnia (3}		0.877
Nicccine (E)		1.94
TVB Minus Nicotine	(a)	0.673
Sugars as Dext. (E.I.) (',)	5.3
	9
0
Ash (~}			.
17.94
pH			5.75
Menthol	in Tobacco	{ng/cigt)	1.52
Menthol	in Tip	ymg/tip)	0.82
Total Menthol	ing/cigt)	2.34
Smoke Analysis:
Length Smoked (n�m)	56
Puffs per Cigarette	8.6
"Tar"	(mc. :igt`r	15
	(m,. ~.uff)	1.7
Nicotine		1.0
		0.12
Menthol	- -Lg+``	0.40
	L-gi Puti)	0.05
THV:js
pgNbr=1
</ot>
</LTDLWOCR>
