<?xml version="1.0" encoding="ISO-8859-1"?>
<LTDLWOCR>
<tid>aax98c00</tid>
<bt>91031103</bt>
<dd>19721101</dd>
<dt>LETT, LETTER</dt>
<au>KLEIN,CL</au>
<rc>WINTERS,M</rc>
<np>BREKKE; SHAPIRO</np>
<cr>CONTROLLED TELEVISION COMMUNICATIONS</cr>
<pc>HOLLYWOOD TURF CLUB; WESTERN HARNESS RACING</pc>
<no>CONTROLLED TELEVISION COMMUNICATIONS; HOLLYWOOD TURF CLUB; WESTERN HARNESS RACING</no>
<!-- Note:co:MARG, MARGINALIA-->
<!-- Note:si:G29-->
<!-- Note:s:LEGAL DEPT FILES/BASEMENT GMP-->
<pg>1</pg>
<!-- Note:rn t="m":R1-056-->
<!-- Note:lu:FEDA/PRODUCED-->
<!-- Note:dl:20011218-->
<dl>20030115</dl>
<ot>1
November 1, 1972
Ms. Mary Winters
Controlled Television Communications, Inc.
10 East 40th Street
Suite 1208 - New York, New York 10016
Dear Mary:
At your request '_ informed Mr. Shapiro and -
Mr. Brekke that you believe Lorillard is interested in
discontinuing its program.of advertising at race tracks.
I have been asked to advise you on behalf of
Hollywood Turf Club and Western Harness Racing, Inc.
that they cannot see any reason to expect anything less
than full performance of the 3-year contract which began
in 1971.
,
As you probably know, at tie time my clients
entered into the subject contract, it rejected other
offers which were then pending and being given serious
consideration.
I hope that the differences between Controlled
Television Communications and Lorillard will be resolved
to your mutual satisfaction.
Sincerely,
CONRAD LEE KLEIN
CLK/kb
cc Hollywood Turf Club
Western Harness Racing, Inc.
Exhibit "C"

pgNbr=1
</ot>
</LTDLWOCR>
