<?xml version="1.0" encoding="ISO-8859-1"?>
<LTDLWOCR>
<tid>aae62d00</tid>
<bt>83682650/2651</bt>
<dd>20000211</dd>
<dt>LETT, LETTER</dt>
<au>EASLEY,MF</au>
<rc>GREGOIRE,CO</rc>
<ca>NC DEPT OF JUSTICE</ca>
<cr>OFFICE OF THE ATTORNEY GENERAL</cr>
<pc>MSA</pc>
<no>AMERICAN LEGACY FOUNDATION; MSA; NATL ASSN OF ATTORNEYS GENERAL; NATL PUBLIC EDUCATION FUND; NATL PUBLIC EDUCATION TRUST; NY</no>
<fn>83682638/83682711/AMERICAN LEGACY FOUNDATION</fn>
<!-- Note:si:N130-->
<!-- Note:s:MILSTEIN,RON/OFFICE-->
<ti>AMERICAN LEGACY FOUNDATION'S "THE TRUTH CAMPAIGN"</ti>
<pg>2</pg>
<!-- Note:lu:FEDA/PRODUCED-->
<!-- Note:dl:20020322-->
<dl>20020709</dl>
<ot>February 11, 2000
Pag= 2
tobacco cornpanies to live up to the commitments they made to us. If we hope to have this
agreement honored, we must do likewise. Not only is it the right thing to do, doing anything
less will jeopardize continued funding of the very important anti-youth smoking goals of the
National Public Education Trust.
I urge that you take steps immediately to correct this situation and preserve the integrity
of our organization.
With every good wish, I am
Very truly yours,
Michael F. Easley
cc: All Attorneys General Signatory to MSA
An Equal Opportunity / Affirmative Action Employer
170'd OL: 6 00, ST qad

pgNbr=1
Michael F. Easiey
ATTORNEY GENER4L
State of North Carolina
Department of Justice
Post Office Box 629
Raleigh, North Carolina 27602-0629
Febxvaiy 11, 2000
T3onorabie Christine O. Gregoire
Attorney General of Washington
Office of the Attomoy General
P.O. Box 40100
1125 Washington Street, SE
Olympia, WA 98504-0100
Re: American Legacy Foundation's "The'Ikuth Campaign"
Dear Chris:
I am writing to you in your capacity as chair of the board of directors for the American Legacy
Foundation. I have a grave concern that elements of the Foundation's "The Truth Campaign" violate the
terms of the Master Settlement Agreement and will be treated by the industry as a breach of our
agreement.
I have reviewed portions of this advertising campaign, accessible through the Foundation's
website through a link to &lt;www.tltetruth.com&gt; The campaign appears to include two television ads
which depict a tobacco company's corporate headquarters and persons who are represented to be officials
with the company. If you have not seen the ads, I urge you to view them yourself. I believe there is little
question that they can be fairly viewed as personally attacking or vilifying the tobacco companies,
something that all of us who sat around the negotiating table in New York agreed we would not do.
The Attorneys General who negotiated and signed the Master Settlement Agreement made a
commitment that "�[tjhe National Public Education Fund shall be used only for public education and
advertising regarding the addictiveness, health effects, and social costs related to the use of tobacco
products and shall not be used for any personal attack on, or vilification of any person (whether by name
or business affiliation), company, or governmental agency, whether individually or collectively." (MSA,
Part VI. �h). I am concerned that these ads constitute. the very sort of-attacks contemplated in the
agreement and are indefensible under the terms of out contract with the companies.
The issue, it seems to me, is not whether we agree or disagree with the views expressed in these
particular ads. The issue is the credibility of the National Association of Attorneys General and the
individual Attorneys General who put their signatures on the agreement. We made a commitment in the
MSA that the funds used by the Foundation would be used for anti-smoking and health related ads, and
not for ads designed to vilify the companies. All. o,f.the states that signed this agreement rightly expect the
An Equal Opportunity / Af#irmative Action Employer
-
20 'd 6T:6 00, ST qa.:1

pgNbr=2
</ot>
</LTDLWOCR>
