<?xml version="1.0" encoding="ISO-8859-1"?>
<LTDLWOCR>
<tid>aae67d00</tid>
<bt>2076956843</bt>
<!-- Note:br t="m":2076956843/6843A-->
<dd>19990615</dd>
<dt>EMAI, E-MAIL</dt>
<au>CARMINES,EL</au>
<rc>FOX,KH</rc>
<ti>R107</ti>
<!-- Note:lu:FEDA/PRODUCED-->
<!-- Note:dl:20020104-->
<!-- Note:b:CENTRAL FILES/PRE-DB WAREHOUSE;FW: BUSINESS REVIEW OF KEY QUALITY SYSTEM TERMINOLOGY ROUND 2-->
<dl>20020709</dl>
<ot>2076956843
Carmines, Edward L.
From: Carmines, Edward L.
Sent: Tuesday, June 15, 1999 2:23 PM
To: Fox, Kathleen H.
Subject: FW: Business Review of Key Quality System Terminology Round 2
FYI

pgNbr=1
</ot>
</LTDLWOCR>
