<?xml version="1.0" encoding="ISO-8859-1"?>
<LTDLWOCR>
<!-- forcebtag -->
<tid>aac93d00</tid>
<bt>508652136</bt>
<rc>COGGINS CRE</rc>
<au>REYNOLDS S</au>
<bx>RJR1183</bx>
<pc>BURGER GT;HAYES AW;MOSBERG AT;AYRES PH;PHELPS RL</pc>
<!-- Note:rn t="p":4RFP9-->
<dd>19861007</dd>
<dt>LETTER</dt>
<!-- Note:co:N-->
<!-- Note:dl:19990107-->
<pg>1</pg>
<!-- Note:rn t="m":MINNESOTA 1RFP71;ROGERS 1RFP1;CASTANO 1RFP1;BURTON 2RFP16-->
<!-- Note:sh:19951112-->
<!-- Note:s:R&amp;D;PRODUCT DEVELOPMENT;REYNOLDS SA;TECHNOLOGIST I-->
<ti>INTERIM DATA FROM 90 DAY STUDY REGARDING COHB VALUES.</ti>
<!-- Note:tp:IN-HOUSE RESEARCH ON SMOKING &amp; HEALTH; SMOKING BY-PRODUCTS-->
<dl>20020201</dl>
<ot>INTEROFFICE MEMORANDUM 7 October 1986
TO: Dr. Chris Coggins
FROM: Sheri Reynolds
SUBJECT: Interim data from 90 day study regarding COHb values
Immediately following exposure, blood was collected by retro-orbital
bleeding on pre-selected rats and analyzed on the IL 282 Co-oximeter to
determine blood parameters. The following is a list of the means for
males and females on each of the exposure groups.
Week# I
Females	
n=5	
Mean	
S.D.	
n=5		
Mean	
S.D.
	ALD	14.02	2.82	RLD		10.04	2.39
	AMD	29.7	4.02	RMD		18.46	2.35
	AHD	37.92	2.57	RHD		41.52	2.59
	MC	0.18	0.70	*RC		0.96	0.77
	Base	-0.89	0.70	*(week	2)		
Week# 1
Males	
n=5	
Mean	
S.D.	
n=5		
Mean	
S.D.
	ALD	13.32	2.84	RLD		8.62	2.53
	AMD	28.04	0.98	RMD		17.16	1.07
	AHD	39.9	1.84	RHO		40.78	2.53
	MC	0.48	0.15	*RC		1.46	0.25
	Base	-0.74	0.54	*(week	2)		
Week# 4
Females	
n=5	
Mean	
S.D.	
n=5		
Mean	
S.D.
	ALD	10.52	1.44	RLD	11.52	1.07
	AMD	26.96	1.83	RMD	24.18	2.58
	AHD	42.10	2.14	RHO	37.45	2.75
	MC	0.26	0.58	RC	1.0	1.11
Week# 4
Males	
n=5	
Mean	
S.D.	
n=5	
Mean	
S.D.
	ALD	10.16	1.72	RLD	10.32	0.59
	AMD	23.52	3.11	RMD	22.4	1.78
	AHD	40.54	0.79	RHD	35.9	3.05
	MC	0.62	0.23	RC	0.56	0.65
			Data analysis from August 19, 1986 through September 23, 1986.
cc:	Dr.	G.	T. Burger	Sheri A. Reynolds
	Dr.
Dr.
Dr.	A.
A.
P.	W. Hayes
T. Mosberg
A. Ayres	
	R.	L.	Phelps	
pgNbr=1
</ot>
</LTDLWOCR>
