<?xml version="1.0" encoding="ISO-8859-1"?>
<LTDLWOCR>
<!-- forcebtag -->
<tid>aao05f00</tid>
<ti>-- No Title --</ti>
<dt>Letter</dt>
<dt>Correspondence</dt>
<dd>19400719</dd>
<au>Hill-GW-Jr</au>
<rc>McDonnell-F, WABC</rc>
<!-- Note:ci:10004026-->
<!-- Note:rn t="m":(set 3) 2-->
<pg>1</pg>
<!-- Note:ag:60194870-->
<!-- Note:dl:19981123-->
<bt>990674880</bt>
<!-- Note:br t="a":ATX03 0286572/ATX03 0286572-->
<dl>20020201</dl>
<ot>July 19, 1940
Mr. Frank MoDonnell
&amp;tation kANC
485 Mndlecn Avenue
Nee York, Nev York
Doar Mr. MclMmu,llt
Ce are hereby ormce113nL the contrect dcted Mcrch 19, 1940,
ns renonud, for the i'en111tiss of 9totton WABC for the
Lucky Htrike R;F mtnute trersoribed epot nnnoincemsnto Sn
aecordsnce wlth the txo r:eekrl or.ncellai.ion claueo contninod
in nrJd oontrcot. The leat day of brordecrt a111 thnrefore
be Aupust S, 1940. Nor:ever, 1n connection .Sth eny rpots
brosdoast en Setunlny night, Auguet B, you ere not to be
broc.dw,st rftor the "Your Hit Parade" pro,^.rem of Au:urt 5 is h.�id
on tho nSr (9,00 PM kbST) with the exceptton of tbe 11s00 PL
and 12 midnlght spots, if ouch e;wt.o nro nonarlly ce.rrled on
your stetlon.
Rill you kindly aeknoxlodge raceipt of' Wn Csncellntion
notice rmd confirm tho cenoe11at1on by r1Ekdng rnd meiling
the enclosed ce,ry of this letter to Mr. John Nymer, Lord &amp;
Ttmmt.or F47 Perk 2vonue, Ncr. Yorr City.
~~%t~ 1,~)~ xiir
(_ l Cno 6~ Y.. Hill, Jr.
Vice PruSidont
hkC&amp;IYT AOKNONLhtAF.l) ALU 0_62!a~,L,~.3.i1G11 AWcF{'im AND
AGnc.t.U TO A5 lJSUVC 51'A1'kU.
COLUMNIn N.1'APOA6i1tl0,LYLTtl1

pgNbr=1
</ot>
</LTDLWOCR>
