<?xml version="1.0" encoding="ISO-8859-1"?>
<LTDLWOCR>
<tid>aap98c00</tid>
<bt>82782154</bt>
<dd>19920107</dd>
<dt>MEMO, MEMORANDUM</dt>
<au>BENSON,SR</au>
<rc>LEONG,W</rc>
<pc>HAMMER,RD; JONES,ST; KRUTAN,D; ORLOWSKY,ML; RICCI; SCIANNIMANICO,S; TELFORD,GR; TSIGRIKES,P; WERTHEIMER,S; WESTPHALEN,HH</pc>
<ca>LOR, LORILLARD</ca>
<cr>LOR, LORILLARD</cr>
<pc>A+G</pc>
<no>ALERT COMMUNICATIONS</no>
<fn>82782000/82782156/920000</fn>
<!-- Note:si:N31-->
<!-- Note:s:BENSON,SCOTT/OFFICE-->
<ti>MICHIGAN LIGHTS 800 NUMBER RECAP</ti>
<pg>1</pg>
<!-- Note:rn t="m":R1-037-->
<!-- Note:lu:FEDA/PRODUCED-->
<!-- Note:dl:20011218-->
<!-- Note:b:NEWPORT;KOOL; MARLBORO; SALEM-->
<dl>20030115</dl>
<ot>Ad
V
~T&amp;nzl"d
MEMORANDUM
January 7, 1992
To: Warren Leong
From: Scott Benson
Re: IIicLiqaa Lights 800f Recap
Warren, the 800 number promotion in Michigan to announce
Newport Lights White Tip has just about run its course. As
you're aware, inserts totaling.2 months supply were placed
in packs of the brand. The telephone lines opened in.July.
I am providing you with a recap of the program regarding
completed' smoker calls fielded by Alert Communications for
our MIS Department.,
8ummarv
In total� 13,156 unduplicated smoker response calls were
completed. Of this total, 86% were smokers of our. own
Newport products and 14% were smokers of competitive
products. (Salem, Kool and Marlboro Family smokers made up
the majority of the competitive response).
Demographically, 56% of the calls were from female smokers,
while 44% came from males; 45% of the smokers were in the
25-34 age group with the balance coming from 21-24 (2:08) and
35+ (35%). These demographics mirror the franchise.
A chart detaiiling this information is attached..
If you.have any questions, please call.
/ct
MLE00/6
attach.
xc: R. D.. Hammer A &amp; G
S. T.. Jones D'_. Krutan
M. L. Orlowsky EI., Ricci
S. Sciannimanico .
G. R. Telford
P. Tsigrikes
S. Wertheimer
H. H. Westphalen

pgNbr=1
</ot>
</LTDLWOCR>
