<?xml version="1.0" encoding="ISO-8859-1"?>
<LTDLWOCR>
<tid>aab63a00</tid>
<bt>94682941</bt>
<dd>20000512/E</dd>
<dt>TABS, DOCUMENT DIVIDERS</dt>
<np>ENGLE,H; ORLOWSKY,M</np>
<no>RJR, R.J.REYNOLDS</no>
<!-- Note:co:MARG, MARGINALIA-->
<!-- Note:si:N14-->
<!-- Note:s:LEGAL DEPT/TRANSCRIPTS &amp; EXHIBITS-->
<ti>ENGLE, HOWARD V. R.J. REYNOLDS 07-5 MARTIN ORLOWSKY EXHIBITS 20000512</ti>
<pg>1</pg>
<!-- Note:lu:GERR/PRODUCED-->
<!-- Note:dl:20031027-->
<dl>20031115</dl>
<ot>.C&gt;"e ~IC~/~/TS o F'
dhARTW
d~Q~G,aw 3'ir~.
S-iz-oc
ENGLE, HOWARD V. R..i. REYNOLDS
07-5
Martin Orlowsky
Exhibits
05/12/00

pgNbr=1
</ot>
</LTDLWOCR>
