<?xml version="1.0" encoding="ISO-8859-1"?>
<LTDLWOCR>
<tid>aac13e00</tid>
<bt>2060569772</bt>
<!-- Note:br t="m":2060569771/9772-->
<dd>19980831</dd>
<dt>TELE, TELEX</dt>
<au>BUGG,J</au>
<rc>ELLIS,CL</rc>
<np>C,RA; XX DENISE</np>
<!-- Note:at t="p":EISENBERG; ELLIS,CL; KEANE; RUPP; SPEARS-->
<no>CIAR, CENTER FOR INDOOR AIR RESEARCH</no>
<!-- Note:co:MDOC, MULTIPLE DOCUMENTS-->
<!-- Note:si:R461-->
<!-- Note:s:ELLIS,CATHY/OFFICE-->
<ti>REQUEST FOR CIAR MEETING</ti>
<pg>1</pg>
<!-- Note:lu:IWOH/PRODUCED-->
<!-- Note:dl:19990417-->
<dl>20020201</dl>
<ot>N
O
Ellis, Cathy L: (WSA) ~O
From: Ellis, Cathy ~
Sent: Monday, August 31, 1998 10:02 PM ~
To: 'Bugg,Joy'
'
Subject: RE: Request for CIAR Meeting ~
I told RAC this morning when we spoke that he and Max needed to have a recommendation before that meeting. He
said he would speak with Max and try to come up with something. I would say the next step would be to let me review it
and then we can go forward. I don't think a meeting is necessary at this point and would not be successful without some
recommended action. We are struggling with this topic.
From: Bugg, Joy
Sent: Monday, August 31, 1998 4:37 PM
To: Ellis, Cathy
Subject Request for CIAR Meeting
Importance: High
RAC asked Denise to have me arrange a meeting with the following
participants:
Ellis, MES, Keane, Rupp, Eisenberg, Spears
Since you and RAC will be meeting 9/2, I thought I'd better run this by you
before embarking on the almost impossible.
1
pgNbr=1
</ot>
</LTDLWOCR>
