<?xml version="1.0" encoding="ISO-8859-1"?>
<LTDLWOCR>
<tid>aaf79e00</tid>
<bt>2028899524</bt>
<!-- Note:br t="m":2028899517/9528-->
<dd>19790000/P</dd>
<dt>PSCI, PUBLICATION SCIENTIFIC</dt>
<au>DAMANI,LA; GORROD,JW</au>
<np>SCHEPERS,G</np>
<ca>CHELSEA COLLEGE; UNIV OF LONDON; UNIV OF MANCHESTER;  XENOBIOTICA</ca>
<!-- Note:co:ILLE, ILLEGIBLE;  MARG, MARGINALIA;  MISS, MISSING PAGES-->
<!-- Note:si:I11-->
<!-- Note:s:SCHEPERS,GEORG/OFFICE-->
<ti>THE EFFECT OF VARIOUS POTENTIAL INHIBITORS, ACTIVATORS AND INDUCERS ON THE N-OXIDATION OF 3-SUBSTITUED PYRIDINES IN VITRO</ti>
<pg>1</pg>
<!-- Note:rn t="m":STMN/R2-038-->
<!-- Note:lu:STMN/PRODUCED-->
<!-- Note:dl:19980605-->
<dl>20020201</dl>
<ot>4
RENOIiIOTICA, 1979, VOL. 9, NO. 4, 219-226
The effect of various potential inhibitors,
activators and inducers on the
N-oxidation of 3-substituted pyridines in vitro
J. W. GORROD and L. A. DAMANIt
Department of Pharmacy, Chelsea College (University of (.ondon),
Rfanresa Road, SW3 6LX, U.K.
(Received 17.Yoreutber 1978) V
1. The \'-oxidation of pyridine, 3-methylpyridine and 3-chloropyridine was inhibited
by SKF 525 a and DPEA. The C-oxidation of 3-methylpyridine was also inhibited by these
compounds.
2. The N-oxidation of these pyridines was also inhibited by variotu other nitrogenous
substrates including n-octyIsmine.
3. Incubation in an atmosphere of carbon monoxide resulted in inhibition of both
C- and .\'-oxidation of 3-mcthylpyridine.
4. Anytreatmentofmicrosomeswhichresultedinaredt2etionoftytochromeP-450also :�
produced a concomitant fall in N-oxidation of the pyridines.
3. Pretreatment of animals with phenobarbitone resulted in an increase in the
N-oxidation of the pyridines. Pretreatment with 3-methykholanthrene had no appreciable
effect on the ~V-oxidation of the pyridines its vitro.
Introduction
Metabolic attack on. nitrogen in organic molecules of diverse chemical structure �
occurs in awide variety of biological systems (Bickel 1969, 1971). Many of these
reactions can be carried out in vitro by microsomal preparations fortified with
NADPH and molecular oxygen (Bridges, Gorrod and Parke 1972, Gorrod 1978 a).
When various modifications of the incubation media are made, for example inclusion
of potential inhibitors or activators, or use of microsomes frotn animals pretreated
with phenobarbitone or 3-methylcholanthrene, it is possible to gair; information as, ..
to the type of enzyme systems involved in a particular metabolic reaction (Gorrod,
Lazarus and Beckett 1974, Gorrod, Temple and Beckett 1975). Early work on the
enzymology of oxidation of nitrogen in organic molecules used trimethylamine
(Baker, Struempler and Chaykin 1963) or dimethylaniline (Ziegler and Pettit 1964) .
as substrates. The results froni these, and various other studies (see Gorrod 1973)
suggest that N-oxidation of tertiary aliphatic, alicyclic and aromatic amines is
mediated by a flavoprotein-containing amine oxidase (Ziegler, Mitchell and Jollow
1969).
Although the N-oxidation of certain tertiary heteroaromatic amines has been
described (see Gorrod and Damani 1979), no reports are available describing the
enzyme system mediating the N-oxidation of this type of substrate. We have recently
t Present address: Department of Pharmacy. University of Manchester, Manchester 14113 9PL..
fNH9 a254; 79,I191H 0119 $000 f:, 1979 T.ybr b Fnnch t.ld
pgNbr=1
</ot>
</LTDLWOCR>
