<?xml version="1.0" encoding="ISO-8859-1"?>
<LTDLWOCR>
<tid>aaz47e00</tid>
<bt>2030587999</bt>
<dd>19890000/E</dd>
<dt>DRAW, DRAWING</dt>
<np>FRIEDHABER; TAYLOR; TRINKLE</np>
<!-- Note:co:ILLE, ILLEGIBLE; MARG, MARGINALIA-->
<fn>2030587976/2030588055/ENGR'G TEAM;</fn>
<!-- Note:si:M46-->
<!-- Note:s:JOYNER,SKIP-->
<pg>1</pg>
<!-- Note:lu:ABCD/PRODUCED-->
<!-- Note:dl:19990524-->
<dl>20020201</dl>
<ot>ladC of PleollY.lS
Iflgh v/oflQosd
Leck of GstalUd ir ablw \
1dwntiflptian
\ fis~Yp~rb 1nPorostion
his
nquator tlo='t WIt hlp
lbnepessrt dreision
Too arh B.S.inp
Brar
\ ladc of tlsta
SMPeCtltiOW tlot tlsf!!1!tl
(l1ToM1 elvactatiorc
Ladc of irput fram caetonera
th
syaten
Laek of lnititativa
Retaw nat irMsrrsted
mlr-ima
W1010 Customer
outaitlars conp'eGete
Inaitlero hold Rreyer reetinpe
Law /brela
Oeoit pow to 6p./Ms1nt.Afiod.
Otlra rsrt credit
looks Oooo
ta Mpm't
Ftrdrotims - mEne1l
Designers Not
Supporting
Production
kI
LLJ / 4..r P/J
Ty/...
S~C I j s tr�.,
sG ~~ f~
Pbt lll0ll~1 elpel'V1liall
Low tiee snilab111ty
Oxrtrvct admlnietration
Bnirar.erK
Fbom ieoleted
tbt Netdied
by gw�
Cm rooe 1eeos to distraction
PBpetiva ilecognition
W reca
nltian
D `
o
pgNbr=1
</ot>
</LTDLWOCR>
