<?xml version="1.0" encoding="ISO-8859-1"?>
<LTDLWOCR>
<!-- forcebtag -->
<tid>aau60d00</tid>
<bt>524363147/3148</bt>
<bx>RJR5372</bx>
<dd>19990804</dd>
<dt>GRAPHICS</dt>
<!-- Note:co:N-->
<np>TMA; DEPT OF AGRICULTURE</np>
<!-- Note:dl:20020215-->
<pg>2</pg>
<!-- Note:rn t="m":US COMPREHENSIVE REQUEST 247; US COMPREHENSIVE REQUEST 249; US COMPREHENSIVE REQUEST 174; US COMPREHENSIVE REQUEST 47-->
<!-- Note:sh:20020111-->
<!-- Note:s:SALES; SALES/HR; COOK FE; DIR-->
<ti>CIGARETTE IMPORTS INTO THE U.S.</ti>
<!-- Note:tp:TRADE ASSOCIATIONS OTHER THAN CTR/TI-->
<dl>20021018</dl>
<ot>Cigarette Imports into the U.S.
	7007000
N	600,000
~	
~	5007000
~	
~
-	4007000
~
O	3009000
N
O	2009000
O
O	1007000
I
Aug- Feb- Aug- Feb- Aug- Feb- Aug- Feb- Aug- Feb-
95 96 96 97 97 98 98 99 99 00
Source: TMA/Dept of Agriculture
LbIE 9EtiZS

pgNbr=1
Source of Cigarette Imports into the U.S.


Coun
iry	6-months
Ending 5/99	6-months
Ending 5/98	
Change .
			
India	739	152	+ 586
Japan	863	325	+ 538
Spain	746	383	+ 363
Guatemala	298	36	+ 261
Philippines	150	-0-	+ 150
United Kingdom	331	196	+ 134
Rest of world	(452)	(716)	+ 264
Total	3,579	1,808	+1,770
Source: T.YIA, US Dept of Agriculture
8blS 9EbZs

pgNbr=2
</ot>
</LTDLWOCR>
