<?xml version="1.0" encoding="ISO-8859-1"?>
<LTDLWOCR>
<!-- forcebtag -->
<tid>aao89c00</tid>
<bt>50274818/4818</bt>
<ti>INFORMAL INQUIRY (CASE NO. 921)</ti>
<dd>19830604</dd>
<dt>MEMORANDUM</dt>
<au>CTR; FELDMAN JD, SAB EXECUTIVE COMM</au>
<rc>BING, SAB EXECUTIVE COMM; BRENNAN, SAB EXECUTIVE COMM; GARDNER, SAB EXECUTIVE COMM; JACOBSON, SAB EX</rc>
<pc>FORD; HOCKETT; LISANTI; SOMMERS; STONE</pc>
<!-- Note:dl:20010130-->
<pg>1</pg>
<dl>20021115</dl>
<ot>Tiir�. COUNCIL Foii TOBACCO RESEAticx-U.S:A., INC.
DATE: May 25, 1983
MEMORANDUM: To Executive Committee, Scientific dvisory Board
Drs.Jacobson, Bing, Brennan, Fel and Gardner
Copies to Drs.Hockett, Stone, Lisanti, Ford and Sor,mers
RE: INFORMAL INQUIRY (CASE NO. 921 )
NAME: Robert C. Elston
Professor and Head Department of Biometry
Institution &amp; address:
Louisiana State University Medical Center
New Orleans, LA 70112-1393
Attached are copies of key documents concerning this inquiry.
Please indicate below your recommended action, and return ballot in
envelope provided.
	1.	DISCOURAGE formal application.
11C		
! J	2	ENCOURAGE formal application
	.	.
!.J.	3.	Obtain additional information, as follows:
4. Defer for discussion at next Executive Committee
Meeting.
5. Other disposition; specify:
50274818

pgNbr=1
</ot>
</LTDLWOCR>
