<?xml version="1.0" encoding="ISO-8859-1"?>
<LTDLWOCR>
<tid>aag97d00</tid>
<bt>2041226521A/6522</bt>
<!-- Note:br t="m":2041226521/6522-->
<dd>19950606/E</dd>
<dt>TELE, TELEX</dt>
<dt>BIBL, BIBLIOGRAPHY; LETT, LETTER</dt>
<au>WHIDBY,JF</au>
<rc>MICHENER,JW</rc>
<ca>PM, PHILIP MORRIS</ca>
<cr>MILLIKEN RESEARCH</cr>
<no>ASTM; CPSC, CONSUMER PRODUCTS SAFETY COMMISSION; NIST, NATL INST OF STANDARDS &amp; TECHNOLOGY</no>
<!-- Note:pa1:2041226520/2041226522&lt;/pa1-->
<!-- Note:s:KEANE,DENISE/OFFICE-->
<pg>2</pg>
<!-- Note:lu:FEDA/PRODUCED-->
<!-- Note:dl:20011107-->
<dl>20020709</dl>
<ot>Dr. John W. Nl.cheeer
Milliken eesmrch Corp.
M-415	
YO Box 1927 Sputanhurq, SC ]9304
Dear John:
The following coseents are in support of ey aegative vote on the Lettar Ba11ot:
605.15 (99-01), Item number 1(Mew Standezd rast Metbod for aeuuring The
Propensity of Cigarettea to Igltite Specified Substrate Aeseeblies) .
This method, ae statad, is based na a method daveloped by WISf undet the Fire
Safe Cigarette Act uf 1990. At the tipa of pnblicatioa, I had algmificant	




'V
~
issues with the method. These iasuem have been presented ia detail to both the	1~1
Consumer Produchs Safety Co�ninsion aad to lIISf. Briefly, soma of the major
problew with the method are:	!r
A7
_	l~7
E This test uses cottan duck fabrics. 7Lesa fabrics are rot usad'in upholstered

furniture. They are nora comnonly used in acmy ttlts and baclq:acks. Rhaiz	
qT

~
weave, demity and chemiaeL makeup differ from fabric nmzaally used in	
41-


pgNbr=1
upholstered furniture. Most importantly, duck fabrics do not behave the same as
~ upholstery fabrics in ignition testing. In fact, NIST acknowledges this
opposite behavior . Studies in our laboratories using experimental cigarettes
on real upholstery fabrics support this conclusion. These studies have given
cigarette ranking results substantially different from the NIST tests using duck
fabrics. Some cigarettes which demonstrate a low ignition propensity ranking on
cotton ducks have a high ignition propensity ranking on common upholstery
fabrics. With these results it is my opinion that the ASTM can not support
this method as a standard test.
E The test method has not been related to environmental conditions in the home.
Such important factors as air movement and humidity, which vary widely in real
fire scenarios, dramatically affect the relative cigarette ignition performance
results. Because this test eliminates these variations from consideration, it
will not reliably predict the performance of cigarettes in real-world
situations which is the principal reason for developing such a test method.
Z There are significant problems with the test's reproducibility. The margin of
error in this test is as much as 40%. This means that a cigarette type that
ignites the duck fabric 50% of the time in one experiment may ignite it anywhere
from 1n to 90% in another. The actual variability may be larger. In
determining this level of reproducibility, NIST used only one batch of each of
the various cotton ducks, one batch of the foam and one batch of the
polyethylene film. Studies at other laboratories show that various lots of
cotton duck fabrics or foams (both specified according to the NIST method)
produce results which vary from lot-to-lot . Additionally, NIST found the test
to be very sensitive to the polyethylene film . (Evidently, the specification
requiring the polyethylene film under cotton duck #4 was left out of the
proposed ASTM method.) These results virtually eliminate any value of the test
because the results are not reproducible.
For these reasons, I cannot nor should the ASTM support this as a valid test
method to be used for the purposes of evaluating cigarette ignition performance.
Sincerely,
Jerry F. Whidby
Technology Fellow
Philip Morris USA
PO Box 26583
Richmond, VA 23261
T.J. Ohlemiller, K.M. Villa, E. Braun, R.R. Eberhardt, R.H. Harris, J.R.
Lawson and R.G. Gann; Test Methods for Quantifying the Propensity of Cigarettes
to Ignite Soft Furnishings; NIST Special Publication 851, August 1993, p. 18.
R. Jupe, D.K. Shipley, W.Z. Hudson, J.T. Wanna and L.C. Greear: Inter-Bolt
Variability of Cotton Duck #4 and the Effects of Cigarette Ignition Propensity
Test Outcome.
Reference 1, p. 27.
Page 2

pgNbr=2
</ot>
</LTDLWOCR>
