<?xml version="1.0" encoding="ISO-8859-1"?>
<LTDLWOCR>
<tid>aab25e00</tid>
<bt>2026513293</bt>
<!-- Note:br t="m":2026513292/3294-->
<dd>19650512</dd>
<dt>FORM, FORM</dt>
<au>CONWAY,MB; H,A</au>
<ca>OFFICE OF THE SECRETARY OF COMMONWEALTH</ca>
<no>WATSON LEAVENWORTH</no>
<no>WATSON LEAVENWORTH</no>
<fn>2026513154/2026513305/582 457 URUGUAY W.G.LLOYD TOBACCO;  SMOKE FILTER; </fn>
<!-- Note:si:R475-->
<!-- Note:s:SCHARDT,JIM/INACTIVE FILES-->
<pg>1</pg>
<!-- Note:rn t="m":STMN/R1-082-->
<!-- Note:lu:STMN/PRODUCED-->
<!-- Note:dl:19980605-->
<dl>20020201</dl>
<ot>I
OFFICE OF THE
Secretary of the Commonwealth
For:
Explanation:
ITEM
Cash
Check or Draft
Money Orde
x
v:
,;
AMOUNT ~ _
2
-J 0
I
~l`7� 34978
DATE_ 4~~ /~, " ~ -5-
TradeyfAk. _f5prietary Sale of ' Land Certificate
g. Cantainer Reports Office of Trust Misc.
MARTHA BELL CONWAY
Secretary of the Commonwealth
pgNbr=1
</ot>
</LTDLWOCR>
