<?xml version="1.0" encoding="ISO-8859-1"?>
<LTDLWOCR>
<!-- forcebtag -->
<tid>aat9aa00</tid>
<bt>10431490/1490</bt>
<dd>19710524</dd>
<dt>LETTER</dt>
<au>KREISHER JH</au>
<rc>VARMUS HE</rc>
<bx>256</bx>
<!-- Note:dp:19961031-->
<!-- Note:rn t="m":4-->
<!-- Note:co:ATT-->
<np>CTR</np>
<!-- Note:d:TRANSMITS CHECK-->
<!-- Note:lu:MNAG-->
<pg>1</pg>
<dl>20020201</dl>
<ot>Ils,y sh! I971
1!~'oa+0 8. va~, K.D.
~ Carbett A.ov.
8ttu lnoeisao, Caitt�eass 94131
Wait Dbatt vww t
mala.ed p1e.s� ,tLad a check oovuin6 yar
ago=" far Ebe :.cut oaolwme "Altwatiae. in 0m
&amp;4"Bfim C.raimg.wis" belid at tbe CTR otfte.,
SiRr Talt Ciqr.
It ou a p1..aoab~ lipp'I riwo to bat thi"
p..aot.Zion sd yaw amtcibotiaa 's. ayp.aiated.
We loat taevatd !o bowbRg wod s..diqg of yow
ltitvre tosemab progee., aoe aiouLd3 be pLeasod to assist
Ipat to+nrdt 7aw ioal !a ao,Y Myr pas8ibIUS .
SioaWdT &gt;UM ~,
iolis 8. ltreitber, Plr.n.
Asaooi.t. 6oieAtitia Diraotaar
J*tb

pgNbr=1
</ot>
</LTDLWOCR>
