<?xml version="1.0" encoding="ISO-8859-1"?>
<LTDLWOCR>
<!-- forcebtag -->
<tid>aaq1aa00</tid>
<bt>HK0958006/8006</bt>
<ti>EFFECT OF CYANIDE ON CLEARANCE BY INHALED PARTICLES. ANNUAL REPORT, PACIFIC NORTHWEST LABORATORY, JANUARY 1966 70-72.</ti>
<dd>19660100</dd>
<dt>ABSTRACT</dt>
<au>DILLEY JV, AEC</au>
<bx>115</bx>
<!-- Note:dp:19960229-->
<!-- Note:rn t="m":131-->
<!-- Note:co:MAR-->
<!-- Note:s:HOCKETT-->
<!-- Note:d:ST REPORTS THE RESULTS OF THE EFFECTS OF CYANIDE ON CLEARANCE IN THE LUNGS-->
<!-- Note:lu:MNAG-->
<pg>1</pg>
<dl>20020201</dl>
<ot>HKO0958006
D]7S.EY, J. V., II.S. Atomic Energy Co=iasion, RictLland~ Wash.
'WPect of cyanide on clearance by inha].ed particles." (Annual Report, Pacific
Northwest laboratory, January 1966: 70-72)
"Cyanide, a potent ciliostatic agent and a principa7l copment of
the gaseous_phase of cigarette smoke, had little efi'ect, on the early clearance
of inhaled 77Fe?03' particles from rat lungs. It significantly iahibited clear-
ance r a 25-dsy period. The quantity of cyanide in 100 g of American ciga-
ret~tobacco has been estimated to be about 80 mg....
"It Has been suggested that tt}e metaplasia of the trachea seen in
,vy cigarette smokers necessarily leada to an increase in the deposition and
a decrease in the,clea~azaa of 3.nlasled particles, although this has not beeq
clearly demonstrated in human experience or in experimental affimals. The re-
sults of these exlserimer.ts seem to indicate that the cilia are of minor inport-
ance in removing deposited material from the lung....
"The rats in this experiment had ingested cyanide in concentrations
equivalent to that of a human being smoking cigarettes for about 10 years. The
results suggest that a heavy smoker should have a reduced capability to clear
inhaled particles from his lungs. However, tests in this laboratory arith dogs
trained to smoke cigarettes have failed to confirm this supposition."

pgNbr=1
</ot>
</LTDLWOCR>
