<?xml version="1.0" encoding="ISO-8859-1"?>
<LTDLWOCR>
<tid>aad67e00</tid>
<bt>2037023039/3040</bt>
<!-- Note:br t="o":LIT2030307059-->
<dd>19911022</dd>
<dt>LETT, LETTER</dt>
<au>ABBOTT,EC</au>
<rc>DUDLEY,P</rc>
<ca>JAMES ROSS</ca>
<cr>PM, PHILIP MORRIS</cr>
<!-- Note:co:MARG, MARGINALIA-->
<fn>2037022831/2037023105/MISSING;</fn>
<!-- Note:si:M80-->
<!-- Note:s:ROZAMUS,SUSAN-->
<ti>'CREPMATIC' SYSTEM CREEPING BLADE SPEED MONITOR</ti>
<pg>2</pg>
<!-- Note:lu:ABCD/PRODUCED-->
<!-- Note:dl:19990524-->
<dl>20020201</dl>
<ot>OQT 22 ' 91 10 :36
~-~
Jamas Ross Limited
Park 500
Division of Philip Morris Inc.
4100 Bermuda Hundred Road
Chester, Virginia
23871 U.S.A.
P.1.2
2211 Parkedate Ave.
BrockvUle, Ontarb
Canado K6V 6B2
Tet.: (613) 342�7734
Fax: (613) 342-8439
f(2
October 22, 1991.
Attention: Mr. P. Dudley 4)uote #7946
Maintenance Coordinator
Subject: "CYtEPYATIC" System
Creping Blade Speed Monitor
Dear Pat:
Pertinent to our earlier discussions on the subjeet, I take
pleasure in quoting a Creping Blade Speed Monitor System for each
line in question.
-This speed monitor, as you know, will be separate from the
control system used on each machine and can be added after start-
up, if and when required.
Each system will consist of a separate encoder, digital display
meter and stainless steel brackets for the encoder.
The digital read-out window will be placed in the operator's
consol to be supplied on each line.
PRICE ...............$2,900.00 U.S. / EACH
Please keep in mind that while these two systems can be added:
after start-up of the two "CREPL[ATICS", an early decision on your~
intentions for these monitors would be worthwhile such that the
window on the consol can be cut out at the titne of the consol
preparation.
1
QUALITY ENGINEERED PRODUCTS FOR THE PAPER INDUSTRY WORLD-WIDE
2037023039
pgNbr=1
�
r
OCT 22 'S1 1u:3o
P.~ --- ,
2 I I...-
I
The mode of operation is as follows:
The pulse encoder will be in contact with the creping blade
in such a manner as to detect movement.
A speed indicator will be mounted on panel KL1 and will read
the blade speed in feet per minute (or whatever unit
desired).
I trust the above is satisfactory. Please let me know if you
require additional information. Obviously, an early decision on
the part of Park 500 is necessary to proceed.
Best regards,
JAMES ROSS LIMITED
rTa~r-=&gt; '
E. C. ABBOTT
ECA/cg President
2
2037023040
pgNbr=2
</ot>
</LTDLWOCR>
