<?xml version="1.0" encoding="ISO-8859-1"?>
<LTDLWOCR>
<tid>aaz08d00</tid>
<bt>2070159117/9119</bt>
<dd>19940100/E</dd>
<dt>EMPL, EMPLOYEE RECORDS</dt>
<dt>DRAW, DRAWING</dt>
<ca>PMUSA, PHILIP MORRIS USA</ca>
<no>PMUSA, PHILIP MORRIS USA</no>
<fn>2070158662/2070159223/9. PERSONAL - INC. CORPORATE MEMBERSHIPS</fn>
<!-- Note:si:N361-->
<!-- Note:s:PADOAN,ART/CARLSTADT-->
<ti>PMP PERFORMANCE MANAGEMENT PROCESS</ti>
<pg>3</pg>
<!-- Note:lu:FEDA/PRODUCED-->
<!-- Note:dl:20011015-->
<dl>20020709</dl>
<ot>PERFORMANCE MANAGEMENT PROCESS
Beo ^� a in 1994, each salaried employee will receive a January performance review
based on the Performance Management Process. P3dP is a system for defimng work
e.~pectations, evaluatmg employee performance and promoting continuous improvement.
The goal is to improve each employee's performance and the effectiveness of Philip
Morris USA.
PURPOSE
A Clearly connect individuala' work goals to company goals. ~
3 Provide clear performsnce expectations. . ~.
A Providetimelc and objective performance feedback.  Emphasize individual development andcontmuoue improvement. ~
BFostcrcommitmenttoteamwrork. '
 Encourage open and honest communication between employees and managers
about performance and development.
WORK PERFORMANCE
Employees will be reviewed in the following five components of work performance:
, OVER.ILL PERFOMWNCE
1 .
RESCL75 C011PCTENCIES
TECIN7CAL 90NTLVLOC9 CRITIC~t.wORICLNC
SPECfFICA770NS 4MPli0VEYffTT RELA'IiONStDPS
~ RESULTS
Were individual and departrnent goals accomplished? Were expectatioos met?
~ COMPETEINCIES .
WerecriticalskiBsforjobsuccessdemonsuzted? Eachjobgroup (Management,
'Bnrpervisor, Professional, Technician, and Administrative) has a set of competencies
which describes, in behavioral tenns, these critical skills. .
O~ TECHNlCAL SPECIFICATIONS
Are functional jab-speciGc skills demonstrated?
01 C'ONTINUOL'SIY,IPROVEIvDiNT
13as tlrere been personal development such aa leanting new skills, refining eusting
'skllls, ar gaining new e.:periences and responsibilities? Have work processes been
improved, such as streamlining e.uting processes and eWninating unnecesstay
aotirities?
1~ (LNI7CIALAYORKEYGRELATIONS'IIR'S
,Hovref[eotivewereworkingrelationsltipsinaccomplishmggoals? Hasteamwork
been demonstrated with co-workers, people in other deparunents, outside vendors
'and austomers?
THE PERFORMANCE MANAGEMENTCYCLE
The Perfonnance Review period for each employee is January tlvough Deeember.
Deaembar
OrgaavetiouReriew
Ssyember
Detamllectlo:
muwasedon
e~pcniw~ rd
,nplcyry~on
mecePlmee's pufor-
uc ghoutd~e
7~eu d plans for
fiuur~deselopmeut.
Iuly
nuery
IadlvidmlPv[or-
manreReview
, oua yrsr).
mesa \pas vnltplans
eenununicetcd
'dwl obiectives
smb6shedfurcwaut
yeac `
11.91Selarymentaenon
(bosfdouprodow
lid-yearPro,ressRe
2070159118
perfurmanw).
pgNbr=1
THESE ARE THE KEY ACTIVITIES IN THE
PERFORMANCE MANAGEMENT CYCLE:
BUSINESS UNIT PLANS
m Objectives are established within functional areas, with strategies and plans to
support company goals.  These are communicated throughout the organization.
 Each level creates objectives, strategies, and plans to support overall goals.
INDIVIDUAL PLANS
 Each employee and his/her supervisor eslablish nicatsurable objectives to support
Business Unit Plans. w The supervisor and employee document plans for assessing
performance throughout the cycle.
PROGRESS REVIEWS
 Throughout the year informal feedback is ongoing. lA The supervisor and
employee determine how progress is monitored. a Work plans may be modified
to accommodate rhana n_g priorities. A The supervisor and employee conduct an
informal mid-year review. ll Near the end of the ycar, the supervisor and employee
discuss information about the employee's performance and future development.
ORGANIZATION REVIEW
 At the end of the year the management of each department conducts a series
i of meetings to discuss the performance of its salaried employees. These topics
are covered on each employee: (1) Performance in five components of the process.
(2) Development status. (3) Development recommendations. (4) Overall performance.
PERFORMANCE REVIEW
 After the Organization Review, each supervisor has a one-on-one discussion with
employees to recap performance in each of the five components and commtmicate
overall performance level and development status. W The supervisor and employee
draft a development plan for the coming year.
SUMMARY
PMP creates an opportunity for employees to get the detailed feedback they need to
improve. It is a forward-looking process that will help Philip Morris USA meet future
challenges and continue on its path toward excellence.
pgNbr=2
</ot>
</LTDLWOCR>
