<?xml version="1.0" encoding="ISO-8859-1"?>
<LTDLWOCR>
<!-- forcebtag -->
<tid>aak30c00</tid>
<bt>CORTI0013083/3086</bt>
<au>TOBACCO INDUSTRY RESEARCH COMM # TOBACCO INDUSTRY RESEARCH COMMITTEE</au>
<dd>19570601</dd>
<dt>PUBLICATION</dt>
<ti>THE TOBACCO AND HEALTH RESEARCH PROGRAM OF THE SCIENTIFIC ADVISORY BOARD</ti>
<!-- Note:dp:06/06/1996-->
<pg>4</pg>
<!-- Note:s:CTR LEKTRIEVER BOX-->
<!-- Note:cn:CORDOVA-->
<!-- Note:dl:20030110-->
<dl>20030315</dl>
<ot>\
the
Tobacco
and
Health
Research Program
of the
Scientific
Advisory Board
I
Tobacco Industry Research Committee
150 East 42nd Street � Room 3405
New York 17, N. Y.
COR T3 13083
pgNbr=1
' SCIENTIFIC ADVISORY BOARD
to the Tobacco Industry Research Committee
CLARENCE COOK LITTLE, Sc.D., LL.D., LITT.D.
Chairman, Scientific Advisory Board
Scientific Director
Tobacco Industry Research Committee
Director Emeritus
Roscoe B. Jackson Memorial Laboratory
Bar Harbor, Maine
McKEEN CATTELL, Px.D., M.D.
Professor of Pharmacology
Cornell University Medical College
New York, N. Y.
JULIUS H. COMROE, JR., M.D.
Chairman and Professor, Department of
Physiology and Pharmacology
University of Pennsylvania
Graduate School of Medicine
Philadelphia, Pennsylvania
LEON 0. JACOBSON, M.D.
Professor of Medicine, University of Chicago
Director, Argonne Cancer Research Hospital
Chicago, Illinois
PAUL KOTIN, M.D.
Associate Professor of Pathology
University of Southern California
School of Medicine '
Los Angeles, California
KENNETH MERRILL LYNCH, M.D., Sc.D., LL.D.
President, Dean of Faculty and
Professor of Pathology
Medical College of South Carolina
Charleston, South Carolina
STANLEY P. REIMANN, M.D., Sc.D.
Scientific Director
Institute for Cancer Research
Director
Lankenau Hospital Research Institute
Philadelphia, Pennsylvania
WILLIAM F. RIENHOFF, JR., M.D.
Associate Professor of Surgery
Johns Hopkins University School of Medicine
Baltimore, Maryland
EDWIN B. WILSON, PH.D., LL.D.
Professor Emeritus of Vital Statistics
Harvard University
Cambridge, Massachusetts
ROBERT C. HOCKETT, PH.D.
Associate Scientific Director
Ttte Tobacco Industry Research Committee,
formed in January, 1954, to sponsor research
by independent scientists into tobacco use and
health, placed in the hands of a Scientific Ad-
visory Board of nine recognized scientists the
development and continuing supervision of a
research policy and program.
The Committee is supporting the program
with the hope that it will contribute construc-
tively to the search for answers to fundamental
health problems. Specifically, the program is .
designed to gain more factual knowledge con-
cerning the effects of tobacco use.
The initial research fund of $500,000 estab-
lished by the Committee has been periodically
increased and in January, 1957, reached
$2,200,000. Further funds are assured so that
the research program will continue.
"The Committee's approach has given the
Scientific Advisory Board an unusual, if not
unique, opportunity to foster the widest possible
range of research by outstanding scientists and
doctors under conditions of utmost freedom,"
according to Dr. Clarence Cook Little, Chair-
man of the Scientific Advisory Board and Scien-
tific Director of the Tobacco Industry Research
Committee.
The Scientific Advisory Board
The Board is an autonomous group of nine
scientists in the fields of medicine, cancer re-
search and education, who retain their connec- -
tions with their respective institutions. They
have assurance of complete freedom in devel-
oping and controlling research policy and pro-
gram.
What Its Functions Are
The Board determines the scope, policy, and
direction of the research program.
In regular meetings, it discusses and reviews
all applications submitted by independent in-
vestigators in the United States for grants-in-aid
and decides those to be approved. By mid-1957
about $1,750,000 have been awarded to inves-
tigators through their institutions.
3
COR TI 13084
pgNbr=2
The Board consults with medical and scien-
tific groups and individuals on mutual problems
in advancing health research.
The Board may initiate research projects in
specific areas of interest and request investi-
gators to accept grants for carrying out such
research.
Other Activities
Special conferences of investigators working
in the same or similar fields are sponsored by the
Board. These are to review the status of present
knowledge and to discuss problems most in need
of study. Several meetings have been held with
pathologists, cardiovascular specialists and tissue
culture investigators, and such conferences are
being continued.
Research fellowships for medical students are
offered through the nation's accredited medical
colleges to encourage young people in the field
of medical research. The schools and fellows
determine the subjects for research.
The Research Program
Before undertaking to recommend grants, the
Scientific Advisory Board laid the foundations
on which a series of research projects could be
properly developed and coordinated.
First was the delineation of the scope of in-
terest within which investigations should be
sponsored. Second was the organization of a
program to assure that necessary investigation
is supported without unnecessary duplication
of work.
Main Areas of Investigation
The outline of interest sets out three main
areas of investigation:
1. The physical and chemical composition of
tobacco and accompanying products, such
as cigarette papers and additives. This cov-
ers the preparation, fractionation and analy-
sis of tobacco and of added substances.
4
1
2. Tissue changes in humans as well as in ani-
mals, in normal life or under laboratory con-
ditions, subjected to various types, duration
and intensity of exposure to various tobaccos
and derivatives, and other potential irritants.
Tissues of special interest are those of the
mouth, lungs, glands, heart and other organs
of subjects of various ages, sex and strains.
3. Smoking and other tobacco usage, and the
emotional and physical makeup of smokers,
with respect to establishment, duration and
intensity of tobacco use, and correlation of
these data with metabolic, glandular and
nervous types under various degrees of stress
and challenge.
Specific Fields of Research
The Board developed a coordinated research
program designed not only to ascertain facts
with respect to the questions raised concerning
tobacco use and health, but also to contribute to
further understanding of cancer, heart disease
and other public health problems. The program
is intended to produce clinical and experimental
findings necessary before valid conclusions can
be made regarding possible relationships be-
tween tobacco use and human health.
Here are the specific fields of research:
1. Direct Application of Tobacco
Derivatives
Study of animals painted and injected with
tobacco derivatives and subjected to inhala-
tion of tobacco smoke.
2. Pathologic-Anatonric Study of
Human Lungs
Cross-country study c% nue,an lungs re-
moved at autopsy, with special attention to
the nature and extent of lesions indicating
previous disease of the lung tissue.
3. Lung Physiology and Mechanics
Study of the effects of cigarette smoke and
air pollution on the physiology and me-
chanics of respiration.
5
COR TI 13085
pgNbr=3
4. Cardiovascular and Coronary
Research
To determine what effects nicotine and
other tobacco derivatives have on the heart
and circulatory systems.
5. Biochemistry and Cytology o f Cancer
Study of the changes in the blood, proteins
and cells of experimental animals during
carcinogenesis.
6. Population and Psychology Studies
Long-range follow-up surveys of smoking
and other habits, and personal and physio-
logical characteristics of members of a
given population.
7. Analytical Studies of Tobacco Smoke
Analysis of the chemical components of
tobacco smoke and study of what happens
to them in the respiratory systems of ex-
perimental animals.
8. Tobacco and the Gastrointestinal
Tract
To determine what effects tobacco may
have on gastric secretion, (hydrochloric
acid, pepsin, uropepsin, etc.) and gastric
motility.
9. Tobacco and Oral Tissues
Examination of oral, pharyngeal and nasal
tissues of man and experimental animals
exposed to cigarette smoke.
10. Radiological Diagnosis o f
Lung Cancer
Determination of early signs of lung can-
cer by x-ray studies.
II. Tissue Culture Research
Development of techniques to grow living
lung or cardiovascular tissues under con-
ditions which permit direct observation
and manipulation.
12. Other Research Projects I
Specifications for mechanical smoking mall
chines, preparation and storage of tobaccql
derivatives, selection of strains of exper 1i
mental animals.
Tobacco Industry Research Committee I
The Tobacco Industry Research Committe II`e
is comprised of representatives of six assocta-I
tions of tobacco growers and warehousemen
one cigarette paper company, and eight tobac Ic
manufacturing companies.
Its objectives are to help in the search for
the answers to the unknowns concerning the
cause or causes of cancer and other majo~
diseases; to support independent medical an
scientific research, through grants-in-aid, int�
all phases of tobacco use and health, and tQmake available to the public factual informaF
tion on this subject I.
How It Operates The Committee delegates responsibility fo
research program and policy to the Scientifil
Advisory Board and the Scientific Director.
Funds to support grants-in-aid made by th
Board are appropriated by the Committee o~t
an annual basis, or as needed I.
Policy On Grants
Research policy and programming are the
responsibility of the Scientific Advisory Boarc~.
Each applicant for and recipient of a gra t
receives a statement of policy which declar s
that the Tobacco Industry Research Committ
desires to have scientists work with the greate t
freedom and without domination of any kinI.
The Committee makes no attempt to dire4t
the administration of a project or to infiuendJe
its course. Grantees are expected to present their r-
search findings in accepted medical and scie -
tific journals or before accepted medical ann
scientific bodies. I
7
6
COR TI
13086
pgNbr=4
</ot>
</LTDLWOCR>
