<?xml version="1.0" encoding="ISO-8859-1"?>
<LTDLWOCR>
<tid>aaf42c00</tid>
<bt>2072574071/4072</bt>
<!-- Note:br t="m":2072573961/4381-->
<dd>19970923</dd>
<dt>REPT, REPORT, OTHER</dt>
<dt>MINU, MINUTES</dt>
<np>CRADDICK; HIRSCHI; MAXEY; STILES; SYLVESTER; TURNER; WILSON</np>
<!-- Note:at t="p":ALVARADO; BRIMER; CARTER; COUNTS; DANBURG; DELWIN; HILBERT; HUNTER; JONES; LONGORIA; MCCALL; RAMSAY; SYLVESTER; TURNER; WOLENS,S-->
<no>COMM ON STATE AFAIRS; HOUSE; LEGISLATURE</no>
<!-- Note:co:ILLE, ILLEGIBLE-->
<!-- Note:si:N926-->
<!-- Note:s:HURWITZ,EVEN/STORED FILES-->
<ti>HOUSE COMMITTEE ON STATE AFFAIRS 75TH LEGISLATURE 970224 1 00 PM CAPITOL EXTENSION</ti>
<pg>2</pg>
<!-- Note:lu:FEDA/PRODUCED-->
<!-- Note:dl:20021121-->
<dl>20030115</dl>
<ot>~ vai.J}trtFCG 4[tai~fl~Gb +~ra~J..:,
I
I
I
I
I
I
I
I
House Committee on State Affairs
75th Legislature
February 24, 1997
1:00 pm
Capitol Extension
Pursuant to a notice posted on February 19, 1997, the House
Committee on State Affairs met in a public hearing and was
called to order by the Chair, Representative Steven Wolens at
1:18 pm.
The roll was answered as follows:
Present: Representatives wolens; Turner, Sylvester; Alvarado;
Brimer; Carter; Counts; Danburg; Hilbert; Hunter;
Jones, 4elwin; Longoria; McCall; Ramsay (13).
Absent: Representatives Craddick; Stiles (2).
A quorum was present.
(Representative Stiles now present.)
HCR 11
The chair laid out HCR 11.
.
The chair recognized Representative Wilson to ekplain the
measure.
Testimony was taken.
The chair recognized Representative Wilson to close on the
measure.
The bill was left pending without abjection.
HB 119
The chair laid out HB 119.
The chair recognized Representative Hirsehi to explain the
measure.
Testimony was taken.
The chair recognized Representative Hirschi to close on the
measure.
The bill was left pending without objection.
HB 746
The chair laid out H9 746.
The chair recognized Representative Maxey to explain the
-31
102 09123197 16:27:47

pgNbr=1
1,rvrlun;Irce i'W"tc&gt; v,ap~ay
I
I
I
I
I
I
I
I
I
I
I
,
I
I
measure.
Testimony was taken.
The chair recognized Representative Maxey to close on the
measure. '
The bill was left pending without objection. -
HB 958
The chair laid out HB 958.
Testimony was taken.
The chair referred the bill to a subcommittee to be named later
by the chair.
HB 98
The chair laid out HB 98.
Companion (SB 249) considered in lieu of HB 98.
The bill was left pending without objection.
SB 249
The chair laid out SB 249.
Representative Turner, Sylvester offered a coTlete committee
substitute. '
The chair recognized Representative Turner, Sylvester to explain
the measure.
The chair recognized Representative Turner. Sylvester to close
on the measure.
The bill was left pending without objection.
At 5:08 pm, on the motion of the chair and without objection,
the meeting was adjourned subject to the call of the chair.
09/23/97 16:27:47

pgNbr=2
</ot>
</LTDLWOCR>
