<?xml version="1.0" encoding="ISO-8859-1"?>
<LTDLWOCR>
<tid>aaj41c00</tid>
<bt>2085760833</bt>
<!-- Note:br t="m":2085760833/0833B-->
<dd>20010413</dd>
<dt>EMAI, E-MAIL</dt>
<au>HOEL,J</au>
<rc>TURNER,H</rc>
<!-- Note:si:W16-->
<!-- Note:s:HOEL,JOHN/OFFICE-->
<ti>RE: SBS 1580,2214</ti>
<pg>1</pg>
<!-- Note:lu:FEDA/PRODUCED-->
<!-- Note:dl:20030107-->
<dl>20030215</dl>
<ot>2085760833
Hoel, John
From: Hoel, John
Sent: Friday, April 13, 2001 4:20 PM
To: Turner, Henry
Subject: RE: SBs 1580,2214
Yes, but it is getting very confusing. The entire industry is having a call on Tuesday.

pgNbr=1
</ot>
</LTDLWOCR>
