<?xml version="1.0" encoding="ISO-8859-1"?>
<LTDLWOCR>
<tid>aak78c00</tid>
<bt>83846531</bt>
<dd>19970320</dd>
<dt>PLEA, PLEADING</dt>
<au>DINGER,HC; DYM,H; ELY,C; GRIFFIN,TJ JR; LEVINE,JA; LIMEPSTEIN; REMES,DH; WILLIAMS,JA</au>
<np>HARSHBARGER,LS; LIMEPSTEIN; MULLIGAN,DH</np>
<ca>C+B, COVINGTON &amp; BURLING; GOODWIN PROCTER; PM, PHILIP MORRIS</ca>
<cr>US COURT APPEALS 1ST CIRCUIT</cr>
<no>BW, BROWN &amp; WILLIAMSON; PM, PHILIP MORRIS; RJR, R.J.REYNOLDS; USDC</no>
<!-- Note:co:ILLE, ILLEGIBLE; MARG, MARGINALIA-->
<fn>83846271/83846539/LITIGATION - PHILIP MORRIS, INC., ET AL. V. SCOTT HARSHBARGER, ET AL. - FIRST CIRCUIT COURT OF APPEALS C.A. NOS. 97-8022, 97-8023 COURT PAPERS - VOL. I; 83846272/83846538/LITIGATION NON-PRODUCT LIABILITY PHILIP MORRIS, INC., ET AL. V. SCOTT HARSHBARGER, ET AL. - FIRST CIRCUIT COURT OF APPEALS C.A. NOS. 97-8022, 97-8023 COURT PAPERS - VOL. I 970300 - 970500 CROSS REFERENCE: REGULATORY AGENCIES &amp; DEPTS. MASS. DPH REGULATION RE INGREDIENTS LITIGATION PHILIP MORRIS, INC., ET AL. V. SCOTT HARSHBARGER, ET AL.</fn>
<!-- Note:si:N14-->
<!-- Note:s:LEGAL DEPT. FILE ROOM/LATERAL FILE-->
<ti>PHILIP MORRIS INCORPORATED, PLAINTIFFS / APPELLANTS V. L. SCOTT HARSHBARGER, DEFENDANTS / APPELLEES. REPRESENTATION STATEMENT. (U.S. DISTRICT COURT NO. 96-11599-GAO)</ti>
<pg>1</pg>
<!-- Note:rn t="m":R1-080-->
<!-- Note:lu:FEDA/PRODUCED-->
<!-- Note:dl:20011206-->
<dl>20030115</dl>
<ot>BEFORE THE UNITED STATES COURT OF APPEALS
FOR THE FIRST CIRCUIT
~
(a172
'9j
No.
[U.S. District Court No. 96-11599-GAO]
PHILIP MORRIS INCORPORATED;
R.J. REYNOLDS TOBACCO COMPANY;
BROWN &amp; WILLIAMSON TOBACCO CORPORATION; and
LORILLARD TOBACCO COMPANY,
Plaintiffs/Appellants
V.
L. SCOTT HARSHBARGER,
Attorney General of the Commonwealth of Massachusetts, and
DAVID H. MULLIGAN,
Massachusetts Commissioner of Public Health,
Defendants/Appellees
REPRESENTATION STATEMENT
Pursuant to Rule 12(b) of the Federal Rules of Appellate Procedure, the undersigned
gives notice that they represent the plaintiff-appellant Philip Morris Incorporated in this
appeal.
Date: March 20, 1997
OF COUNSEL:
Herbert Dym
Clausen Ely
David H. Remes
Jason A. Levine
Jarrett A. Williams
COVINGTON &amp; BURLING
1201 Pennsylvania Avenue, N.W.
Washington, D.C. 20004
(202) 662-6000
274651.a1
Respectfully submitted,
PHILIP MORRIS INCORPORATED,
By its attorneys,
e--4-4~ _
Thomas J. Griffin, Jr. (BBO # 211400)
Henry C. Dinger, P.C. (BBO # 125340)
Cerise Lim-Epstein (BBO # 306290) oo
GOODWIN, PROCTER &amp; HOAR LLP w
Exchange Place O�
Boston, MA 02109-2881 ~
(617) 570-1000 ts-371F[CA.T
,ry~-- OF S.9BY199
W
f hsreby certify that on this day a truc COPY the within document was served upon the
attorney of record for e/ac~h party by mail.
oated: 2--o 4 7
5~~~

pgNbr=1
</ot>
</LTDLWOCR>
