<?xml version="1.0" encoding="ISO-8859-1"?>
<LTDLWOCR>
<!-- forcebtag -->
<tid>aaj98d00</tid>
<bt>50375677/5679</bt>
<ti>PRELIMINARY APPLICATION EVALUATION  PRELIMINARY APPLICTION NUMBER: 6044</ti>
<dd>19950814</dd>
<dt>MEMORANDUM</dt>
<au>HASHIM GA, CTR</au>
<rc>ABOOD; ENIKOLOPOV GN; MCALLISTER</rc>
<pc>EISENBERG; FORD; MCALLISTER</pc>
<!-- Note:d:TOP 30%, TOP 20%, AND UNSPECIFIED SCORES-->
<!-- Note:dl:20010130-->
<pg>3</pg>
<dl>20021115</dl>
<ot>THE COUNCIL FOR TOBACCO RESEARCH - U.S.A., INC.
SUPPORTING BIOMEDICAL INVESTIGATION
GEORGE A. HASHIM, PH.D.
ASSOCIATE RESEARCH DIRECTOR
900 THIRD AVENUE NEw YORK, N.Y. 10022
(212) 421-8885
PRELIMINARY APPLICATION EVALUATION
Date: August 14, 1995
Reviewer 1: Dr. Abood
Reviewer 2: Dr. McAllister
RE: Preliminary Application Number: 6044
Name and Degree(s): Grigori N. Enikolopov, Ph.D.
Institution: Cold Spring Harbor Laboratory
Title: Carbon Monoxide Action on Gene Activity in Neurons
1. Please review this application and indicate your scoring below.
A return envelope is provided for your convenience.
2. We expect the top 30% of Preliminary Applications will be encouraged to submit
Full Applications.
Q Top 10% U Top 40%
0 Top 20% 0 Top 50%
Q Top 30% 0 Below 50%
Reviewer's comments:
Date: Signature:
Copies to: Drs. Eisenberg, Ford, Hashim, McAllister
pa-rev3.doc rev.07.17.95

pgNbr=1
THE COUNCIL FOR TOBACCO RESEARCH - U.S.A., INC.
SUPPORTING BIOMEDICAL INVESTIGATION
GEORGE A. HASHIM, PH.D.
ASSOCIATE RESEARCH DIRECTOR
900 THIRD AVENCE
NEw YORK, N.Y. 10022
(212) 421-8885
PRELIMINARY APPLICATION EVALUATION
Date: August 14, 1995
Reviewer 1: Dr. Abood
Reviewer 2: Dr. McAllister ~
RE: Preliminary Application Number: 6044
Name and Degree(s): Grigori N. Enikolopov, Ph.D.
Institution: Cold Spring Harbor Laboratory
Title: Carbon Monoxide Action on Gene Activity in Neurons
1. Please review this application and indicate your scoring below.
A return envelope is provided for your convenience.
2. We expect the top 30% of Preliminary Applications will be encouraged to submit
Full Applications.
Q Top 10% U Top 40%
udTop 20% 0 Top 50%
0 Top 30% 0 Below 50%
Reviewer's comments:
Copies to: Drs. Eisenberg, Ford, Hashim, McAllister
pa-rev3.doc rev.07.17.95
CTR-CONFIDENTIAL SUBJECT TO P.O. IN US v. PM ET AL. 99CV2496 (SCIENTIFIC PEER-REVIEW MATERIAL)

pgNbr=2
THE COUNCIL FOR TOBACCO RESEARCH - U.S.A., INC.
SUPPORTING BIOMEDICAL INVESTIGATION
GEORGE A. HASHIM, PH.D.
ASSOCIATE RESEARCH DIRECTOR
~,~~Cd2, 21Z,
PRELIMINARY PLICATION EVALUATION
Date: August 14, 1995
Reviewer 1: Dr. Abood
Reviewer 2: Dr. McAllister
RE: Preliminary Application Number: 6044
Name and Degree(s): Grigori N. Enikolopov, Ph.D.
Institution: Cold Spring Harbor Laboratory
Title: Carbon Monoxide Action on Gene Activity in Neurons
1. Please review this application and indicate your scoring below.
A return envelope is provided for your convenience.
2. We expect the top 30% of Preliminary Applications will be encouraged to submit
Full Applications.
0 Top 10%	0 Top 40%
0 Top 20%	0 Top 50%
~'op 30%	0 Below 50%
Reviewer's comments:	
G~ize l.,;L r L~ CD
900 THIRD AVENUE
NEw YORK, N.Y. 10022
(212) 4 2 1 - 8 8 8 5
Z~ e~-
GyLt ` -y--
p
;/ `
Date: 27 y7Signatu
Copies to: Drs. Eisenberg, Ford, Hashim, McAllister
pa-rev3.doc rev.07.17.95
CTR-CONFIDENTIAL SUBJECT TO P.O. IN US v. PM ET AL. 99CV2496 (SCIENTIFIC PEER-REVIEW MATERIAL)

pgNbr=3
</ot>
</LTDLWOCR>
