<?xml version="1.0" encoding="ISO-8859-1"?>
<LTDLWOCR>
<tid>aac38d00</tid>
<bt>2065594188/4190</bt>
<dd>19991013</dd>
<dt>TRAN, TRANSCRIPT</dt>
<np>CAFFERTY,J; FELDMAN,M; SURGEON GENERAL</np>
<ca>CABLE NEWS NETWORK; VIDEO MONITORING SERVICES OF AMERICA</ca>
<no>BEFORE HOURS; CNNFN; MILLER; PHILIP MORRIS; RJR, R.J.REYNOLDS; SALOMON SMITH; VIDEO MONITORING SERVICES OF AMERICA</no>
<!-- Note:si:N326-->
<!-- Note:s:PARRISH,STEVE/SEC'Y FILES-->
<ti>TRANSCRIPT CNNFN BEFORE HOURS</ti>
<pg>3</pg>
<!-- Note:lu:FEDA/PRODUCED-->
<!-- Note:dl:20010122-->
<dl>20020709</dl>
<ot>VIDEO MONITORING SERVICES OF AMERICA, LP Page: 3
industry this year or over the last eighteen months. I
think until we see some resolution on the federal claim, or
at least some direction, I think perhaps for the next five
or six months you won't see much movement in the
tobacco--tobacco stock prices. This is a step in the right
direction, a long-term step in the right direction for
litigation. But they have an enormous challenge in front
of them, and if you do buy tobacco stocks, you buy them on
a high risk basis. But again, I would emphasize that this
is a small step, but it's in the right direction. And
perhaps it will get jurors to see another side of the
industry, and especially Philip Morris, in the months and
years to come.
Cafferty: All right, Martin, thank you for coming on such
short notice and sharing your thoughts with us. Nice to
have you on the broadcast.
Feldman: Thank you.
Cafferty: Martin Feldman is tobacco analyst at Salomon
Smith Barney, joining us from that firm's trading floor.
# # #

pgNbr=1
VIDEO MONITORING SERVICES OF AMERICA, LP Page: 2
Feldman: Well, I mean, I think you--you--you--you're
beginning to breach--sort of approach the litigation side
of it. Since health warnings did first appear in 1969
and--in 1964 when the Surgeon General told the world that
the cigarette smoking would kill--would kill people,
it--it--it means that they--that the soc--society does
generally know the risks anyway.
Cafferty: But the fact that the company has--has been
reluctant for want of a better word to--to fess up, to be
honest in--in--in its acknowledgement about what its
products are capable of doing to the human body.
What--isn't--isn't there an ingrained negative public
relations thing already there? And now if they're finally
saying, yes, it's true, we were reluctant. Yes, we did
fail to acknowledge. Yes, this stuff is terrible for you
and we didn't tell you about it. It seems it could set
them up for--for more of a fall. I don't know how--could
this--could this--how can this help them, I guess is what
I'm trying to get at?
Feldman: Well, look the--two things. First of all,
the--the juror--juries have taken a very negative attitude
towards tobacco. Three big cases this year, angle the
class action in Miami lost big time in the first phase for
the industry. Two west coast decisions tough for the
industry. And the juries are very upset about, you know,
partially because of the pu--the public perception of the
industry. And it--yes, the--I mean we--we--we're not going
to find medi`-good news about the product from a medical
point of view, but at least the--the--the point that the
industry has been deceiving the public perhaps begins to go
away as a result of this.
Cafferty: All right.
Feldman: In addition, the company is pointing out that
what it has been doing on its--in its Miller Beer si--side
and on the food side and the charitable giving it's been
doing, for example with battered women. Miller started
producing water rather than beer for flood victims. I mean
handing out free food. They think some of that will help
its public image, and I think they might be right there.
Cafferty: All right, as a--as an analyst of the tobacco
industry, how does an announcement like this affect you
when you look at these companies as potential investments?
Feldman: Well, I mean, I--I've told them--clearly Philip
Morris is the strongest tobacco company out there in terms
of market share, in terms of volumes. If you are going to
own a tobacco company, this is the only one with strong
fundamentals. Certainly R.7R is much weaker in comparison.
The big question, the concern that investors have is over
the litigation, and the litigation has been tough for the

pgNbr=2
VIDEOldCN:TORII:G
SERVICES
OFAI.IERICA. L.P.
330WC142dStxv
NnuYark fdwYak ILYA$
D171)362010
D1D)S6&amp;W6
LosAngelri Chieagn -- Philad.lPhia SanFnneirea D.boit
r3731WA111 131716&amp;41131 1719569399] M1954d3361 Q4fi&amp;3.4SU0
Boston OnDar Warhingtan Houston Miami
/61l1Y562111 19)116J65y55 /10D393)110 031769105 13095163581
Denvir HaMord SanDiago Phoanis Clmland
13031)33.@'IYq I&amp;4DZ766ER /6/954a185ti IW1195/1X5 II1BS]9R03
Baltlmon
/41014164445
~ ~rs An.ore
Traoscript
DATE	October 13,	1999
TIME	9:00-9:30 AM	
NETWORK
PROGRAM	CNNfn
Before Hours	
Jack Cafferty, anchor:
A stunning admission this morning from Philip Morris. The
tobacco company is admitting a link between smoking, cancer
and other diseases after decades of denial. And it's
offering this information on its Web site this morning as
part of a campaign to overhaul its public image. Martin
Feldman is tobacco analyst from Salomon Smith Barney. He
joins us now with some of the implications for the
industry. Marty, nice to have you with us.
Martin Feldman (Salomon Smith Barney): Thank you.
Cafferty: Let me just read one line out of this release
that's on the Web site. Quoting now, this is Philip Morris
speaking--quote, "There's an overwhelming medical and
scientific consensus that cigarette smoking causes lung
cancer, heart disease, emphysema and other serious diseases
in smokers. Smokers are far more likely to develop serious
diseases, like lung cancer, than non-smokers," unquote.
And I guess the questioning has to begin with, if you're
going to raise your profile, and the news is not good, and
that certainly is not good news, how can this help the
company's image?
Feldman: Well, I think one of the--one of the reasons the
company's image has been so low for so long is that the
public has felt that the company hasn't been truthful about
the hazards of smoking. The industry is now--has often
said can and may and perhaps. It's now being very
straightforward in saying this is what the--if scientific
evidence shows--evidence shows and we do not disagree with
it or we agree with it. And I think that they feel that
that will be a good thing.
Cafferty: But if--but if the company in effect is coming
public and saying, look, for years and years we have sold
products that can kill you, and we haven't told you that
they can kill you, isn't there a real possibility that this
campaign could just simply backfire?
For a videocassette(7V) or audio cassette(radio) of this news segment con tact your nearest VMS office.
Matnia/fuyp&amp;NbYV~MOnito,nrySavxesnfAmni~./ncmeymrybeusNlmntnml,eview.enrNsisoyrcvrcA. AnyVUbRatvntsbmadcastarpubrrcduyby/e'prnulu2ifdm
NOr1LElcJGbkNewcNetwe,k, bk. I994 ARXqhts Ra�ved. AmsmlbyVdeo Meme,npSenmrofAmev.N~. which n4e&lt;rcknsnonrdFryfet theacruncyoftnnttrytionernpraduetaa

pgNbr=3
</ot>
</LTDLWOCR>
