<?xml version="1.0" encoding="ISO-8859-1"?>
<LTDLWOCR>
<tid>aav96e00</tid>
<bt>2041944612</bt>
<dd>19940200/E</dd>
<dt>ADVE, ADVERTISEMENT</dt>
<fn>2041944516/2041944836/MISSING@ 2041944593/2041944691/HISPANIC TASK FORCE 940000</fn>
<!-- Note:si:N677-->
<!-- Note:s:FONTANEZ,JOSE/OFFICE-->
<ti>WINSTON X PRESS YOURSELF</ti>
<pg>1</pg>
<!-- Note:rn t="m":STMN/R1-093; STMN/R1-099-->
<!-- Note:lu:STMN/PRODUCED-->
<!-- Note:dl:19980605-->
<!-- Note:b:WINSTON-->
<dl>20020201</dl>
<ot>0
z . . . .. . . .~~..-,~
..,...~. ~ ... ,., ~ .. . ....,_ ......
.. ... .~,.. .... ~. .
0
M
c
I
0
0
�
pgNbr=1
</ot>
</LTDLWOCR>
