<?xml version="1.0" encoding="ISO-8859-1"?>
<LTDLWOCR>
<!-- forcebtag -->
<tid>aab20f00</tid>
<ti>P3-Misty Discounting Program</ti>
<dt>Form</dt>
<dt>Form</dt>
<dd>19970520</dd>
<!-- Note:ci:10004034-->
<!-- Note:rn t="o":4-->
<pg>1</pg>
<!-- Note:ag:30022018-->
<!-- Note:dl:19990326-->
<bt>621962109</bt>
<dl>20020201</dl>
<ot>P3-MISTY DISCOUNTING PROGRAM
Revised:
05/20/97
(E.g., 02P00J)
Assignment # 1 02TOOC
This Page Reflects Total Assignment Needs
P3 Misty promotions contain no SIP product. ONLY complete module below.
Material Code Item Description
Coupons
Qty Per Requested Total
02TOOC
Price Case Allocation Dollars
164015 Misty $.15 Pk Coupon $22.95 100
164020 Misty $.20 Pk Coupon $27.45 100
164025 Misty $.25 Pk Coupon $31.95 100
164030 Misty $.30 Pk Coupon $36.45 100
164100 Misty $1.00 Ctn Coupon $99.45 100
164150 Misty $1.50 Ctn Coupon $144.45 100
164200 Misty $2.00 Ctn Coupon $189.45 100
164250 Misty $2.50 Ctn Coupon $234.45 100
164300 Misty $3.00 Ctn Coupon $279.45 100
Total Misty Coupons
100000/100001 VPR/Buydown Funds Required 1.00 1
100002 Plus/Out Funds Required 1.00 1
Total Funds Required *
* Includes adjustments for product loading into other sections.
51,
5
39,416~
2,412 ~
41828
$182.25
$182.25
$39,416.00
$2,412.00
$41,828.00
$42,010.25
A.
pgNbr=1
</ot>
</LTDLWOCR>
