<?xml version="1.0" encoding="ISO-8859-1"?>
<LTDLWOCR>
<!-- forcebtag -->
<tid>aao30d00</tid>
<bt>508862988</bt>
<rc>JARRELL CR; RJR</rc>
<au>RJR; DOBBINS JT JR</au>
<bx>RJR5652</bx>
<!-- Note:b:WINSTON-->
<pc>LYERLY LA; RJR; WENDELBOE FN</pc>
<dd>19871110</dd>
<dt>LETTER</dt>
<!-- Note:co:Y-->
<np>WARDEN R</np>
<!-- Note:dl:20020423-->
<pg>1</pg>
<!-- Note:rn t="m":US COMPREHENSIVE REQUEST 201; US COMPREHENSIVE REQUEST 103; US COMPREHENSIVE REQUEST 46-->
<!-- Note:sh:20020306-->
<!-- Note:s:R&amp;D; BIOLOGICAL RESEARCH; BORGERDING MF; MASTER CHEMIST-->
<ti>CUSTOMER COMPLAINT - WORDEN. WINSTON ULT 100.</ti>
<!-- Note:tp:IN-HOUSE RESEARCH ON SMOKING &amp; HEALTH; SMOKING BY-PRODUCTS-->
<dl>20021018</dl>
<ot>10
RJRT Interoffice Memorandum
Re: Customer Complaint - Worden Date: November 10, 1987
WINSTON ULT 100
To: Mr. C. R. Jarrell From: J. T. Dobbins, Jr.
Marketing Development R&amp;D Tech. Srvcs.
This customer has sent samples in with the same complaint for three
years, always with the words "Stale or otherwise unsatisfactory" which
indicates that he didn't like the product but couldn't figure out why.
Even though some of the product has been from North Carolina and the
remainder has been from Florida, without exception, the packages he has
returned have been excessively inked during tax stamping. It has not
been possible to verify that the residual ink solvents were responsible
for his perception of bad taste since, unfortunately, the samples were
quite old when returned and, after receipt, many months elapsed in our
lab before analysis was possible. These samples that were checked in the
first week of November 1987 were manufactured between 11 and 18 months
earlier. Manufacture was coded 101076.
Purge-and-trap treatment prior to gas chromatography revealed no
significant difference between complaint and control samples. Without
fresh samples, we are still left wondering whether or not, by over-inking
his stamp machine, a wholesaler in Florida is routinely degrading the
quality of all cigarettes sold in that area.
~~.

~
J.~T.S-Dobns
. JiEI
/bmg
Xc: Mr. L. A. Lyerly
Mr. F. N. Wendelboe
N
ko
00
W

pgNbr=1
</ot>
</LTDLWOCR>
