<?xml version="1.0" encoding="ISO-8859-1"?>
<LTDLWOCR>
<tid>aar54a00</tid>
<bt>91771719</bt>
<dd>19930716</dd>
<dt>LETT, LETTER</dt>
<dt>PATE, PATENT; REPT, OTHER REPORT</dt>
<rc>GOLDBRENNER,RS</rc>
<ca>ABELMAN FRAYNE</ca>
<cr>ASSOCIATE GENERAL COUNSEL; LOR, LORILLARD</cr>
<no>HARLEY DAVIDSON</no>
<!-- Note:co:ATCH, ATTACHMENTS MISSING-->
<fn>91771454/91771772/HD TRADEMARK REG. V 930500 - 941200@ 91771455/91771771/AGREEMENTS HARLEY - DAVIDSON TRADEMARK REGISTRATION - VOL. V 930500 - 941200</fn>
<!-- Note:si:N14-->
<!-- Note:s:LEGAL DEPT FILE ROOM-->
<ti>CERTIFICATE OF REGISTRATION REPORT (OUR REF.: 828857)</ti>
<pg>1</pg>
<!-- Note:rn t="m":R1-056-->
<!-- Note:lu:FEDA/PRODUCED-->
<!-- Note:dl:20010914-->
<!-- Note:b:HARLEY-->
<dl>20040515</dl>
<ot>ABELMAN, FRAYNE &amp; SCHWAB
Attorney: at Law 708 Third Avenue
New York, NY 10017-4141
Telephone: (212) 949-9022
Cable "LAWABEL" New York
Tekx: 661108 and 27659^_Telecopier. (212) 949-9190; (212) 949+9188
RONALD S. GOLDBRENNER, ESQ.	July 16, 1993
Associate General Counsel
LORILLARD TOBACCO COMPANY
One Park Avenue
New York, New York 100165896	
~TIFI~ATL~+OF RF_CM"RATiON'RRPOR`I'
~~
(Our Ref.: b2b1s571
We are pleased to report that the Registration has been granted for the Trademark
identified below:
Owner :. HARLEY-DAVIDSON, INC. ,
Trademark : HARLEY-DAVIDSON LOGO I
Country : ROUMANTA
Registration No. .		17143	February 22, 1991
Application No. .		23796	February 22, 1991
RENEWAL DUE .			Febrvary 22, 2001
International, Class :	34		
r
Goods : Class heading especially cigarettes.
The Certificate is attached. Thank you for having entrusted this to our care.
~
lg(EM� i
,
Very truly yours,	
~

Abelman, Frayne &amp; Schwab	v
v
...
V
10

pgNbr=1
</ot>
</LTDLWOCR>
