<?xml version="1.0" encoding="ISO-8859-1"?>
<LTDLWOCR>
<!-- forcebtag -->
<tid>aau70d00</tid>
<bt>518298253</bt>
<rc>DAMIAN D; MI LAPEER</rc>
<au>WILHELM SR; RJR</au>
<bx>RJR5319</bx>
<pc>FILE 3 &amp; 8 NO LTR</pc>
<dd>19950220</dd>
<dt>CONSUMER RESPONSE LE</dt>
<!-- Note:co:Y-->
<np>RJR; WILHELM SR</np>
<!-- Note:dl:20020215-->
<pg>1</pg>
<!-- Note:rn t="m":US COMPREHENSIVE REQUEST 102-->
<!-- Note:sh:20020111-->
<!-- Note:s:MARKETING; CONSUMER RELATIONS; 02-10-06-10-->
<ti>THANK YOU FOR CONTACTING US.</ti>
<dl>20021018</dl>
<ot>17
12trp,
	Consumer Relations
Winston-Salem, N. C. 27102	
//
February 20
1995		
,
Ms. Diane Damian
3775 Mitchell Rd
Lapeer, MI 48446
Dear Ms. Damian:
Thank you for contacting us.	



e appreciate your interest in our quality premiums and value
your loyalty to our brand. We were sorry to learn that you were not pleased with your travel
package.
If you will return the travel package to me, I will be happy to issue a refund.
Send to:
R. J. Reynolds
P. 0. Box 7
Winston-Salem, NC 27102-0007
Attention: Sue Wilhelm
Consumer Relations
Plaza 11
Again, Ms. Damian, thank you for taking the time to contact us. All of us at Reynolds send our
best wishes.
Sincerely,
1fl1N~
~J 4Tr\_
S. R. Wilhelm
Consumer Relations Specialist
ref: #1765638
I
"We work for smokers:"

pgNbr=1
</ot>
</LTDLWOCR>
