<?xml version="1.0" encoding="ISO-8859-1"?>
<LTDLWOCR>
<!-- forcebtag -->
<tid>aav22f00</tid>
<bt>TIMS0036250</bt>
<dd>19790900</dd>
<dt>REPORT</dt>
<ti>TOBACCO ACTION NETWORK MONTHLY REPORT STATE AUDIT</ti>
<!-- Note:rn t="m":MSAG7-2q-->
<!-- Note:dp:00/00/96-->
<pg>1</pg>
<!-- Note:s:CB843; TI Storage Box 1184-->
<!-- Note:cn:Mississippi AG-->
<!-- Note:dl:19990518-->
<dl>20020201</dl>
<ot>( TpBAf.,~ ACTION NETWORK ,. MONTHLY REPORT
4"Y ~`.
STATE
ALASKA
ARIZQNA
_-___AEIKANS,A3 ..
CALIFORNIA
COLORADO
DELAWARE
DIST. COLUMBIA
GEQRGIA
HAWAII
ILLINOIS
INDIANA
KANSAS
KENTUCKY
MAINE
MARYLANO
MICHIGAN
MINNESOTA
___.M. zS,ISS IPP L_
MISSOURI
MONTANA
_.Nii&amp;RAS.KA__-.- _.__..__._
NEVAOA
NEW HAMPSHIRE
JER5EY- ..._.-
__
NEW MEXICO
NEW YORK
N(IRTH. CAROLINA-..
T
NORTH
DAKOTA
OHIO
_._Q!4LAHQMA.__..._____ _ .
OREGON
PENNSYLVANIA
......_
~ TEXAS
~ UTAH
o VERMONT . -
-
o Viacz~iia
w WASHINGTON
N w-~.~r~Yl~ctN~A
o WISCONSIN
WYOMING
TUTAlS
.~HnDE LS4ANQ_ ...
SOUTH CAROLINA
SOUTH pAKOTA
TENNESSEE
COUNT	ENRQLLEES PROSPECTS DUPi,ICATBS	w'O+MAILS
50. ._......	z?	0. __	0
9	2 7	0	0
56	16 37		0	3
45.			__4-	Q.
6i618	5*432 315		232	639
310	237 72		0	1
13~Q_.	..0 g4.__-____._.__._	...4 _	1
26	11 15	0	0
29	11 17	0	1
	29_Z 295 __-____.	._	0- _	7 _
111	48 62		0	1
57	42 11		0	4
784	398 374		6	6
335	121 214		1	3
	54_._.__ ._ 43--------.._____0	0
65	37 27	1	. 0
300	219 7x	1	8
_194..._	..7Z_---.. . _ ._.	_ - 1 _	0
114	89 g0	4	1
91	35 54	1	1
492	174 312	2	4
88	40 46	1	1
	_.._._28._ _ ._-._ ___. ___1.S__	... Q	
136	78 04	0	4
28	9 19	0	0
- 21.4	.1.79_		2.
33	17 16	0	0
77	50 2S	2	0
	
_ .
34.a _ _..- _ __5.I 8_	14 _	k._
26	13 12	0	1
1i994	453 1aS31	4	6
465_	89 374.__._.
-	1 _.	1
35	13 1~	2	~
227	76 149	0	2
72
_ ___..	47 23

_. _ ._ _	0	2
232	183 87	a	9
1i435	632 755	32	16
~2	Z4 26 _	1	~
120	36 83	0	1
100	92 8	0	0
79	27 5
4
_	0	1
873	477 3?	13	9
26	15 11	0	0
54	38 15	1	0
1�197	10-026 i4s	3	18
335	230 107	9	9
	14 z1_ . _	0	0
308	170 138	0	0
4	3 1	0	0
20,330	12~192 b,983	375	780
SEPPEMBER 1�7'~
,
pgNbr=1
</ot>
</LTDLWOCR>
