<?xml version="1.0" encoding="ISO-8859-1"?>
<LTDLWOCR>
<tid>aaj65c00</tid>
<bt>2082981762A</bt>
<!-- Note:br t="m":2082981759A/1762A-->
<dd>20001116</dd>
<dt>COMP, COMPUTER PRINTOUT</dt>
<dt>NEWS, NEWS ARTICLE</dt>
<np>ABUBAKAR,S; AHMAD,H; WHATFORD,M</np>
<ca>AGENCE FRANCE PRESSE</ca>
<no>MALAYSIAN HEALTH MINISTRY; PENANG ISLAMIC; PMUSA, PHILIP MORRIS USA</no>
<fn>2082981625A/2082981786/JEANNE BONHOMME SENT EMAIL - 20001100</fn>
<!-- Note:si:N592-->
<!-- Note:s:BONHOMME,JEANNE/CARLSTADT-->
<ti>"MALAYSIA OFFERS FREE HERBAL GUM FOR SMOKERS TO KICK HABIT"</ti>
<pg>1</pg>
<!-- Note:lu:FEDA/PRODUCED-->
<!-- Note:dl:20020819-->
<dl>20021209</dl>
<ot>"Malaysia Offers Free Herbal Gum for Smokers to Kick Habit"
Agence France-Presse (11/16l00)
The Malaysian Health Ministry will provide herbal chewing gum, at no charge, for smokers who want
to quit--over the next 45 days. Smokers attempting to quit need about 10 pieces of the "nicotine
polacrilex" gum according to Sallehudin Abu Bakar, the cancer and tobacco unit principal assistant
director. The government has established 150 bases in hospitals and clinics all over the country to
provide support for people trying to quit. The ministry may also limit advertising, whereas sources
say the Penang Islamic religious chief Hassan Ahmad recommends that authorities draw upon
religion to combat smoking. Hassan also indicates that smoking rates vary within ethnic groups in
Malaysia.
Note: E-mail Newsbriefs subscription requests, address changes, or reports of non-receipt to PMUSA
Newsbriefs Distribution. Refer questions on Newsbriefs content to Mark Whatford via e-mail
[Whatford, Mark] or phone (N.Y. x2323)

pgNbr=1
</ot>
</LTDLWOCR>
