<?xml version="1.0" encoding="ISO-8859-1"?>
<LTDLWOCR>
<tid>aax82c00</tid>
<bt>2081510213D</bt>
<!-- Note:br t="m":2081510213/0215-->
<dd>20000721</dd>
<dt>EMAI, E-MAIL</dt>
<au>HOLLERAN,J</au>
<rc>BERLIND,M; SCRUGGS,J</rc>
<pc>CARBONI,JA; LONG,HP; RIVERA,S; UPCHURCH,CD</pc>
<np>BERLIND,M; LONG,HP; SCRUGGS,J; UPCHURCH,CD</np>
<fn>2081510173/2081510253/REGULATORY MATTERS DOGGETT BILL (H.R. 2503) (JEH)</fn>
<!-- Note:si:R867-->
<!-- Note:s:HOLLERAN,JOHN/STORED FILES-->
<ti>RE: URGENT MATTER</ti>
<pg>1</pg>
<!-- Note:lu:FEDA/PRODUCED-->
<!-- Note:dl:20021218-->
<dl>20030115</dl>
<ot>-----Origlnal Message-----
From: Holleran, Jack
Sent: Friday, July 21, 2000 4:08 PM
To: Berllnd, Mark; Scruggs, John
Cc: Rivera, Salvador; Carboni, Judy A.; Long, Henry P.; Upchurch, Cicero D.
Subject: RE: Urgent Matter
Mark and John: I had the same question. (Mark, I've left you a voice mail on this.) Can you shed any light on
this? Henry and Cicero, FYI, since you've raised the same question.
Jack

pgNbr=1
</ot>
</LTDLWOCR>
