<?xml version="1.0" encoding="ISO-8859-1"?>
<LTDLWOCR>
<!-- forcebtag -->
<tid>aai00f00</tid>
<ti>TRAVEL SCHEDULE</ti>
<dt>FRMF, FILLED IN FORM;AGEN, AGENDA</dt>
<dt>FORM;MEETING MATERIALS</dt>
<dd>19820818</dd>
<rc>SANFORD,RA</rc>
<pc>HSIEH,TC</pc>
<np>HSIEH,TC;X/ACS</np>
<!-- Note:ci:10004026-->
<!-- Note:rn t="m":A4-->
<pg>1</pg>
<!-- Note:ag:81728-->
<fn>460 - ANALYTICAL &amp; PHYSICAL CHEMISTRY RESEARCH</fn>
<!-- Note:dl:19990326-->
<bt>650502526</bt>
<dl>20020201</dl>
<ot>Ts aosT na&gt;sl
PPOWN &amp; W/RLIAMSON TO6ACCOCOPnOFATiON
TRAVEL SCHEDULE
TO: LR. R. A. 9ANFORD
DATE AUGUST 18. 1982
CC: TREASURER CC: CC:
OQ DR. T. C. HSIEH CC: CC:
ITINERARV DF OR. T_ C_ NSIEN/im/#L56/460
		TIME	FLIG-ITNO.
DATE	DESTINATION	
LEAVE	
ARRIVE	(OrOtherMode
OfTravel)
9/13/82	Chicago	2:40 pm	2:40 pm	Lelta 152
	Ransas City	3:40 pm	5:04 pm	TWA 239
9/16/82	Chicago	9:20 am	10:30 am	Pnited 414
	louisville	12:05 pm	2:52 pm	CSA 127
HOTELOR
OTHER
ADDRESS:
Radisson Pwehlebach
KenBfls Citye Ho.
816-471-1400
PURPOSE
OFTRIP: To attend the 1982 ACS Annnal Meetin8 - Tobacco Flavoring Chevistry.

pgNbr=1
</ot>
</LTDLWOCR>
