<?xml version="1.0" encoding="ISO-8859-1"?>
<LTDLWOCR>
<!-- forcebtag -->
<tid>aar85d00</tid>
<bt>503654392</bt>
<rc>SCIENTIFIC ADVISORY BOARD &amp; STAFF</rc>
<au>KREISHER JH;CTR</au>
<dd>19700826</dd>
<dt>LETTER</dt>
<!-- Note:co:N-->
<np>MEIER H;HUEBNER;SAB;CTR</np>
<!-- Note:dl:19990521-->
<pg>1</pg>
<!-- Note:rn t="m":TEXAS INITIAL DISCLOSURE;CORDOVA 1RFP29-->
<!-- Note:s:LAW;HAIRSTON RC;LEGAL ASST-->
<!-- Note:tp:CTR/TIRC/TI-->
<dl>20020201</dl>
<ot>J
August 26, 1970
,
MENARANIDUM
T0: . � The Scientific Aflvisory Board and Staff
a
The'f 'Llowing recent pre=print is being circulated to
the Board to k~p them informed of progress with regard to the
virus-cancer rpothesis. 'Dr. Hans 2:eier, onc- of the authors
is a C.T.R. grantee.
Perhaps Dr. Huebner would be able to discuss the new
significant progress in this field at the forthcoming September 1970
S.A.B.. Meeting.
JHK:is
encl.

pgNbr=1
</ot>
</LTDLWOCR>
