<?xml version="1.0" encoding="ISO-8859-1"?>
<LTDLWOCR>
<tid>aan02c00</tid>
<bt>2085052973</bt>
<!-- Note:br t="m":2085052968/2973-->
<dd>20000712</dd>
<dt>EMAI, E-MAIL</dt>
<au>STANSEL,R</au>
<rc>FERNANDEZ,HL</rc>
<pc>COMES,CM; STANSEL,R; ZXCCAVICCHIO@CONSCO.COM</pc>
<np>FERNANDEZ,HL; WATSON,E; XX CHERYL</np>
<no>TA CONFERENCE</no>
<!-- Note:si:N823-->
<!-- Note:s:FERNANDEZ,HENRY/OFFICE-->
<ti>REVISED PYD RFP &amp; APPLICATION</ti>
<pg>1</pg>
<!-- Note:lu:FEDA/PRODUCED-->
<!-- Note:dl:20021230-->
<dl>20030115</dl>
<ot>2085052973
Fernandez, Henry L.
From: Stansel, Robin (Hulsey)
Sent: Wednesday, July 12, 2000 10:34 AM
To: Fernandez, Henry L.
Cc: Comes, Cheryl M.; 'ccavicchio@consco.com'; Stansel, Robin (Hulsey)
Subject: Revised PYD RFP &amp; Application
Henry --
Here is the revised PYD RFP &amp; application for your review. I will be in meetings and traveling all day today &amp; tomorrow,
but I will be back in my office in Richmond on Friday.
PYD RFP-YSP drafi 2000 PVO Grant
rev0ed ]._ ApplOalion Por...
Regarding the FOR ADDITIONAL INFORMATION section on page 3 of the RFP, does YSP now have their own website
which should be mentioned in that section?
I created a separate Contact Information sheet that is different for Corporate Affairs vs. YSP. Henry, you may want to fill in
some blanks or make some additions to yours. Cheryl, should I be the contact on the corporate affairs sheet, or someone
from the Conservation Company. Should I be the contact for RSVPs for the TA conference call, or can Eric Watson still
take those?
Robin Stansel

pgNbr=1
</ot>
</LTDLWOCR>
