<?xml version="1.0" encoding="ISO-8859-1"?>
<LTDLWOCR>
<!-- forcebtag -->
<tid>aab60f00</tid>
<ti>Package Warnings - Sir Walter Raleigh, Kite, Bugler Tobacco.</ti>
<dt>Letter</dt>
<dt>Correspondence</dt>
<dd>00000000</dd>
<au>B&amp;W</au>
<!-- Note:ci:10004026-->
<!-- Note:rn t="m":A4-->
<pg>1</pg>
<!-- Note:ag:12181328-->
<!-- Note:dl:19981123-->
<bt>689457393</bt>
<dl>20020201</dl>
<ot>Brown &amp; Williamson California Customers
Re: Package Warnings - SIR WALTER RALEIGH,
KIJ_E BUGLER Tobacco
Dear
You will be pleased to know that in the next several months
Brown &amp; Williamson will begin placing Proposition 65 package
warnings on its SIR WALTER RALEIGH, BUGLER and KITE tobacco
products under a stipulated Judgment issued and signed this
week by the California Attorney General and the industry.
Under the Judgment, Brown &amp; Williamson and other tobacco
manufacturers will begin packaging their products with these
warnings as soon as practibable and this packaging must be
accomplished within 150 days.
As you know, Brown &amp; Williamson, prior to the commencement of
the lawsuit, undertook actions to provide warnings which we
believe constituted compliance with the requirements of
Proposition 65. The stipulated Judgment confirms the Attorney
General's determination that under the circumstances it was not
appropriate to impose penalties against Brown &amp; Williamson and
the other tobacco products manufacturers, but it requires
Brown &amp; Williamson to place package warnings on its SIR WALTER
RALEIGH, BUGLER and KITE tobacco products and the other
manufacturers to place package warnings on their respective
products.
During the interim period while we are preparing such warnings,
Brown &amp; Williamson, in conjunction with the other tobacco
manufacturers, will continue to advertise Praposition 65
warnings in newspapers and to provide Proposition 65 shelf
signs and wall signs to California retailers upon request. Tne
Attorney General has indicated that the posting of these
warning signs near the product sheTves satisfies the law. We
urge you to post these warning signs and to continue selling
SIR WALTER RALEIGH, BUGLER and KITE tobacco products during the
transitional period while we prepare our new packages.
Thanks for your cooperation in marketing our products.
Very truly yours,
BROWN &amp; WILLIAMSON TOBACCO CORPORATION
689457393
pgNbr=1
</ot>
</LTDLWOCR>
