<?xml version="1.0" encoding="ISO-8859-1"?>
<LTDLWOCR>
<!-- forcebtag -->
<tid>aad54f00</tid>
<ti>-- No Title --</ti>
<dt>Letter</dt>
<dt>Correspondence</dt>
<dd>19580515</dd>
<au>Hanmer-HR</au>
<rc>Platzner-A</rc>
<np>HLB</np>
<!-- Note:co:Marginalia-->
<!-- Note:ci:10004026-->
<!-- Note:rn t="m":129-->
<pg>1</pg>
<!-- Note:ag:60330908-->
<!-- Note:dl:19981123-->
<bt>950190623</bt>
<!-- Note:br t="a":MNAT00720203/MNAT00720203-->
<dl>20020201</dl>
<ot>'Pub $ugEestio
He Filter Ti
Multiple(;
May 15, 1958
/
iW491de s
PranlAxu
Now Jersq
Asar Mr. Platawrl
Thank you for your 3etNr of May 14s relatin` to a o19aret6e
"4riple Piltera.
Ynile we appreoiaba your AgNrwt in the o1BWtt4e l+Wustrya vo
do not feel that we oonld ubilite the fap flltar referred to
in our sanutaeWrint Psvwaae. lMra an Quite ator eoRoun6
filters aawieroiallt trailabla tod,y uboQPini PrinolplM TW
aLdlar to the ow yon dnorlbb
Very truly 7'wmI
B. S. 8arar
D1ne0or or BaawA
1, :
~:iizeh
ma
pgNbr=1
</ot>
</LTDLWOCR>
