<?xml version="1.0" encoding="ISO-8859-1"?>
<LTDLWOCR>
<!-- forcebtag -->
<tid>aaw24d00</tid>
<bt>507411438</bt>
<rc>TURK L;DIAMOND BULLET</rc>
<au>PRILLAMAN LF</au>
<bx>RJR3149</bx>
<!-- Note:b:CAMEL-->
<pc>KAHLER J;SRO PACE;KIGER L;BEROTH W</pc>
<!-- Note:rn t="p":1RFP98;1RFP99;1RFP101-->
<dd>19900110</dd>
<dt>LETTER</dt>
<!-- Note:co:N-->
<np>KAJLER J</np>
<!-- Note:dl:19980227-->
<pg>1</pg>
<!-- Note:rn t="m":MINNESOTA 1RFP93-->
<!-- Note:sh:19961231-->
<!-- Note:s:MARKETING;SPORTS MARKETING;HOPE JS;MGR-->
<ti>CAMEL MUD &amp; MONSTER SERIES SOUVENIRS.</ti>
<!-- Note:tp:STRATEGY/RESEARCH RE: UNDERAGE SMOKING; SPORTING AND ENTERTAINMENT-->
<dl>20020201</dl>
<ot>January 10, 1990
Mr. Larry Turk
c/o Diamond Bullet
930 Washington Ave.
Miami Beach, FL 33139
Dear Larry:
Subj: Camel Mud &amp; Monster seriee souvenirs
As discussed, please proceed with utilizing the Camel Mud
&amp; Monster Series logo on any and all applicable items -
caps and t-shirts.
Any and all items should first be approved by Jim Kahler
and myself prior to production of same.
As information, our logo can not be utilized on any items
sized or sold to children.
Please call if you have any questions regarding this
matter. Your immediate attention to this matter, given
the schedule, will be appreciated.
Sincerely,
Larry F. Prillaman
LFP:js/a:383
cc: Jim Kahler - $RO/PACE
Larry Kige .~r
Wes Beroth
pgNbr=1
</ot>
</LTDLWOCR>
