<?xml version="1.0" encoding="ISO-8859-1"?>
<LTDLWOCR>
<!-- forcebtag -->
<tid>aak44f00</tid>
<ti>Tar &amp; Nicotine Factory Lot Sample</ti>
<dt>Smoke/Tobacco Analysis</dt>
<dt>Science</dt>
<dd>19931201</dd>
<np>ATC</np>
<!-- Note:b:Montclair FF Menthol 100 s-->
<!-- Note:ci:10004026-->
<!-- Note:rn t="m":79-->
<pg>1</pg>
<!-- Note:ag:60326912-->
<!-- Note:dl:19981123-->
<bt>950234632</bt>
<!-- Note:br t="a":MNAT00707162/MNAT00707162-->
<dl>20020201</dl>
<ot>TAW. &amp; NICOTINE FACTORY LJT SAMPLE
December 1, 1993
Initials &amp; Machine #: CD3
System Number: 93-1026-22
Project Code: MCMFF10
PS Number: 93-1505
Sample Type: R
Sample: MONTCLAIR FF Menthol 100's
Cigarette len. 99 Filter len. 31 Tipping len. 35 wt. 109.8 g/100 cigts
Mfg'd Date 11/01-12/93 Branch ATC Ports 10
Length Smoked 61 Run 4 T/H 76.0/60.0
---------------------._____.__---------.----------_-------------------------------
Port Puff TPM Water DPM Nicotine TAR
No. Count mg/cigt mg/cigt mg/cigt mg/cigt mg/cigt
------ ------- ---------- ---------- -------- ---------- -_-------
1 9.6 21.08 2.37 . 18.71 1.22 17.49
2 10.2 20.14 2.13 18.01 1.20 16.81
3 9.8 20.34 2.11 18.23 1.18 17.05
4 9.9 20.10 2.13 17.97 1.21 16.76
5 10.1 19.86 2.12 17.74 1.17 16.57
6 9.6 19.68 1.97 17.71 1.19 16.52
7 9.7 21.14 2.22 18.92 1.25 17.67
8 10.1 20.34 2.13 . 18.21 1.23 16.98
9 9.7 20.96 2.42 18.54 1.16 17.38
10 9.7 20.92 2.52 18.40 1.19 17.21
-------------------------..----_____-..-----_____--------------------------------
Average	9.9 20.46	2.21 18.24 1.20 17.04
		-------	--------------	--------------	-------
_		5 U M M A R Y_______		
				R
ti


Puff Count	
mg/cigt
9.9	
mg/puff	
std. dev
.207	
coef. var
2.095	a
o
Nic/Tar
7.04
Tar	17.04	1.73	.390	2.289	
Nicotine	1.20	.12	.028	2.324	
TPM	20.46	2.07 .	.531	2.596	
Water	2.21	.22	.170	7.695	
DPM	18.24	1.85	.402	2.205	
---
pgNbr=1
</ot>
</LTDLWOCR>
