<?xml version="1.0" encoding="ISO-8859-1"?>
<LTDLWOCR>
<tid>aag15e00</tid>
<bt>2022909405</bt>
<!-- Note:br t="m":2022909404/9405-->
<!-- Note:br t="o":PATPM1485-->
<dd>19940608</dd>
<dt>FORM, FORM</dt>
<dt>NOTE, NOTE</dt>
<au>GLENN,C</au>
<rc>LLOYD,P</rc>
<ca>PM, PHILIP MORRIS</ca>
<no>R+G</no>
<!-- Note:co:ATTY, ATTORNEY WORK PRODUCT;  CONF, CONFIDENTIAL-->
<fn>2022909389/2022909433/PM 1485 AUSTRALIA; </fn>
<!-- Note:si:R475-->
<!-- Note:s:SCHARDT,JIM/LATERAL FILES-->
<ti>PM 1485 AUSTRALIA / R&amp;G 33426</ti>
<pg>1</pg>
<!-- Note:rn t="m":STMN/R1-005; STMN/R1-072-->
<!-- Note:lu:STMN/PRODUCED-->
<!-- Note:dl:19980605-->
<dl>20020201</dl>
<ot>11
PHILIP MORRIS
MANAGEMENT CORP.
Telefax Number (804) 274-4780
Telephone Number: (804) 274-2822
To
Fax. No.
From
Date
Subject
Number of
Pages to Follow
.
Message
-o-
LL�
C-W"" C;6.'J~~
vG.- a sr - 9 ~i
Ausctiol;Q
r l `.i.5~ s~2 -5~
PHILIP MORRIS MANAGEMENT CORP.
Courier Address: 4201 Commerce Road, Door 17, Richmond, Virginia 23234
Mailing Address: P.O. Box 26583, Richmond, Virginia 23261-6583
Priviieged and Confidential information intended only for the use of the addressee(s) named above. If the
reader of this message is not the intended recipient or the employee or agent responsible for delivering the
message to the intended recipient(s), please note that any dissemination, distribution or copying of this
communication is strictly prohibited. Anyone who receives this communication in error is kindly requested to
notify us Immediately by telephone and to return the original message to us at Philip Morris Management Corp. P.O.
Box 26583, Richmond, Virginia 23261-6583 via U.S. mail.
pgNbr=1
</ot>
</LTDLWOCR>
