<?xml version="1.0" encoding="ISO-8859-1"?>
<LTDLWOCR>
<tid>aag53c00</tid>
<bt>93375472</bt>
<dd>19921002</dd>
<dt>FORM, FORM</dt>
<dt>BUDG, BUDGET/BUDGET REVIEW</dt>
<au>WINKELMAN,S</au>
<rc>ACESTE,M</rc>
<pc>AUGUSTYN,K; DEBLASIO,B; FRANKLIN,A; HUE,R; JONES,M; MCHUGH,J; SMITH,T; WAGGAMAN,W</pc>
<ca>SAATCHI SAATCHI</ca>
<pc>LOR, LORILLARD; SAATCHI SAATCHI</pc>
<!-- Note:si:N3-->
<!-- Note:s:BRAND MANAGEMENT/SECRETARY STATION-->
<ti>SIGNED PRODUCTION ESTIMATE FORM TRUE MICRO LIGHTS 920000 AD CAMPAIGN EXPLORATORY WORK</ti>
<pg>1</pg>
<!-- Note:rn t="m":R1-354-->
<!-- Note:lu:FEDA/PRODUCED-->
<!-- Note:dl:20020409-->
<!-- Note:b:TRUE-->
<dl>20030115</dl>
<ot>SiGNED PRODUCTSON ESTIMATE FORM
ra -
i~~IG1Z1C{1,
:ktane Aceste ~ Suzanne Winkelman
c:~E/R F,SGt
lor'111i rWA-
wao�er l ~ 1 cjq 7_
E5'~unrE40 �
~u
:SnMArE':r:E . .
I y Ld ~ k + ( i2 ~
E~ (ca+~ ;
COMISSI NABLE
COSTS s
OLD TOTALS: (If Revisions) S
ac ccu
au
iRKM
._ New '~ Revision
z, ZqS, i5 i$ li, c I9 z3
-C5 ~ $ lU ~~,-7
GROSS
GROSS
REA30lV'b FOR REYNIQl/ttt
_ . , oTMEn ui60RwErroN
Obtain Numter from Cliant Accounting.
' It this ie a Production Eatimate, attaeh a copy of tM aio Sh..t.
~
iruru~E
cc: LQRIL.LARD
K. Augustyn
W. Waggaman
T. Smith
J. McHugh
B. DeBlasio
SAATCHI
A. Franklin
M. Jones
R. Hue

pgNbr=1
</ot>
</LTDLWOCR>
