<?xml version="1.0" encoding="ISO-8859-1"?>
<LTDLWOCR>
<!-- forcebtag -->
<tid>aab35f00</tid>
<ti>International Status Report, June 1993</ti>
<dt>Report/Study</dt>
<dt>Report</dt>
<dd>19930709</dd>
<np>ATCO;RJ Reynolds;Polski-Tyton;Reidsville;Reemtsma;SEITA</np>
<!-- Note:b:Carlton;American;Kent;Lark;Winston;Merit;Malibu;Pall Mall;Lucky Strike;Riviera-->
<!-- Note:ci:10004026-->
<!-- Note:rn t="m":Attached to a Responsive Document-->
<pg>4</pg>
<!-- Note:ag:60033605-->
<!-- Note:dl:19981123-->
<bt>970358851/8854</bt>
<!-- Note:br t="a":ATX040025225/ATX040025228-->
<dl>20020201</dl>
<ot>INTERNATIONALSTATUS REPORT
JUNE 1993
OVERVIEW:
Total export shipments in June were 186 million units, up 91% from 97 million in June 1992. Year-to-date
shipments were 1,103 million units, up 33% from 828 million last year. Year-to-date shipments to Japan
were slightly ahead of last year and on forecast. Shipments to the Middle East continue to be exceptiorially
strong. li. S. Tax Free/Caribbean is ahead of forecast. Year-to-date Commercial Exports are on par with last
year and behind forecast.
Monthly Export Seles 1993 vs 1992
Y-T-D June: 1.103 vs 828 million - up 33%
Januery
Februa:y
163
Mareh
April
Y-T-O June 1993 vs 1992
473
May
186
June
Asia Mid-East&amp; U.STaxFree Commercial
Europe Caribbaan Export
pgNbr=1
Lrternational Status Report
June 1993
ASLAN MAI2KE1S
Jman
Year-to-date shipments of 321.4 million are 6% ahead of forecast and 3% ahead last year. In=
market sales from UNI to the retail trade are as follows:
UNi Sales (Million)	June YTD 93	June YTD 92	%+/-
CARLTON Plus Box	4.7	6.4	-27
CARLTON King	16.0	20.4	-21
CARLTON 100's	21.1	20.7	+2
CARLTON 100's Men.	78.0	71 6	+9
CARLTON King Box	61.2	42.1	+45
Total CARLTON	181.0	1612	+12
Total AMERICA?i family	93.5	131.6	-29
Total ATCo.	274.6	292.8	
Total CARLTON sales continue to be progressive - up 12% year-to-date versus last year.
However, May and June sales of CARLTON King Box were depressed by about 20% due to
increased competitive activity from "Frontier", Kent Super Lights, and Lark Super Lights.
We expect improvement in July sales of CARLTON due to increased activity levels
throughout the third quarter. This situation is being closely monitored.
MID EAST/EUROPEAN MARKETS
Mid East
Year to date shipments were 469 millions units, up 65% from 283 million last year. Both
AMERICAN and CARLTON continue to achieve volume increases. Year to date CARLTON
in-market sales are up over 30% over the same period last year. AMERICAN is doing even
better with AMERICAN LIGHTS achieving over 10 million units per month.
There is enormous activity in the low priced sectors with R. S. Reynolds, in particular,
dropping prices in many markets. WINSTON for example, dropped in Saudi Arabia from
SR36 to SR21 per pack; taking it from the premium sector to the low price sector.
2
pgNbr=2
International Status Report
June 1993
Of immediate concern is the launch of MERIT 1, targeted directly against CARLTON. So far
most MERIT I smokers seem to be coming from other MERIT brands. Gallaher has
launched a strong advertising campaign in Saudi and Kuwait to counteract the threat.
Poland
Polski-Tyton, Radom is now out of stock of AMERICAN Lights 100's and is selling their IasT
100 cases of AMERICAN Full Flavor. During the month of June an order was placed for one container of AMERICAN Lights 100's but was cancelled as the government has been constantly changing their regulations. As to affixing Polish banderoles on packages, the effective date now for product to reach the
marketplace is August 1st Anything found after that date in the marketplace will be
considered smuggled goods. Thus Polski-Tyton cancelled the order until they are able to
obtain banderoles for the order. Hopefully these banderoles vnll fit our type of machines in
Reidsville. At the same time we are still having informal talks with the Radom factory
facility and Gostkov facility, both owned by Polski-Tyton with respect to local license to
manufacture in Poland. We are also waiting to see if the privatization plan goes forward,
which would permit Reemtsma, Hamburg to purchase the Poznan factory. Thus we could
possibly have three factories with which to make our locally produced product. This is the
only way we can maintain high presence in the Polish marketplace with any degree of volume
or income.
Ramania
We continue to put all operations on hold, pending our new importer/distributor's completion
of forming a company and getting government permits for importation of cigarettes. This
should be accomplished sometime in the third quarter of this year. We will then be able to
relaunch the AMERICAN Family and launch MALIBU.
Miscellaneous Pavtem EaroneZkraine and Kazak/vtan
Sales to these markets continue to be non-existent or very small due to the fact that high
tariffs, high inventory levels in the marketplace and lack of hard currency affect almost
everyone in the C.LS.
A recommendation will be made to management shortly as how to proceed in Russia based
on the new marketing environment.
France - Licensed Production
In June the sale of the trademarks of PALL MALL and LUCKY STRIKE in France was
completed. We now look forward to having new discussions with SEITA concerning their
interest in CARLTON and AMERICAN Lights and Ultra Lights for the French market.
3
pgNbr=3
International Status Report
7une 1993
Bu
A new importer was appointed on June 24 and immediately an order was raised for one .
container for 8 million units of AMERICAN Full Flavor out of Rotterdam. This will be
followed by an order for AMERICAN Full Flavor box and when Reidsville can produce it, a
container of AMERICAN Lights 100s. With these orders will have Bulgaria back on track
again.
U.S. TAX FREE &amp; COMMERCIAL EXPORTS
U.S. Dutv Free
Year-to-date 62 million units were shipped up 138% versus last year. New Brand line-up and
pricing recommendations have been submitted and approved. New brand shipments expected
to begin September 1.
U.S. Oversens Militarv
As forecast, due to troop redeployment and foreign base closings, year-to-date 17 million
units were shipped, down 9% from last year. New Brand line-up recommendations for U.S.
Duty Free also applies to Overseas Military and shipments of same will begin September 1.
Puerto Rico
Year-to-date 8 million units were shipped, up 6% versus last year. AMERICAN Full Flavor
Kings Box and RIVIERA Full Flavor Kings Box will be introduced in September.
Commercial Fxports
Year-to-date Commercial Exports were 132 million units, the same as last year. Commercial
Exports is running 22% behind forecast. .
geneN
/st.IDSS
pgNbr=4
</ot>
</LTDLWOCR>
