<?xml version="1.0" encoding="ISO-8859-1"?>
<LTDLWOCR>
<tid>aas49c00</tid>
<bt>2082224694</bt>
<!-- Note:br t="m":2082224694/4694B-->
<dd>19990914</dd>
<dt>EMAI, E-MAIL</dt>
<au>NIXON,GM</au>
<rc>SOLANA,RP</rc>
<pc>PATSKAN,GJ</pc>
<np>PATSKAN,GJ</np>
<fn>2082224678/2082224715/MISC. INBIFO PUB. LIST</fn>
<!-- Note:si:R543-->
<!-- Note:s:NIXON,GERRY/OFFICE-->
<ti>RE: MANUSCRIPT REVIEW</ti>
<pg>1</pg>
<!-- Note:lu:FEDA/PRODUCED-->
<!-- Note:dl:20020909-->
<dl>20021209</dl>
<ot>2082224694
From:
Sent:	Nixon, Gerry M.
Tuesday, September 14,	
1999 12:55 PM
To:
Cc:
Subject:	Solana, Rick P.
Patskan, George J.
RE: Manuscript Review	
George arid I were viewing the completion of the manuscript review process as the end of work on the submission, other
than mailing it to a journal. We are planning for success in the review process, af(owing the normal two weeks for
management review, and assuming that there would be virtual(y no change as a result of that process, since the folks
involved have been involved all along. We do not see entry into management review occuring any sooner than Dec!,n7ber
1, as data is still being generated. Barring anything unforeseen, we should be able to acti,iai3y submit the manuscripts to
the journal(s) by the end of the year.

pgNbr=1
</ot>
</LTDLWOCR>
