<?xml version="1.0" encoding="ISO-8859-1"?>
<LTDLWOCR>
<tid>aaz16c00</tid>
<bt>2083319138D/9139</bt>
<!-- Note:br t="m":2083319138C/9140-->
<dd>20000623</dd>
<dt>EMAI, E-MAIL</dt>
<au>LARGO,EG</au>
<rc>BOURQUE,MD; LEVY,CJ</rc>
<pc>WEBER,M</pc>
<np>WEBER,M</np>
<fn>2083319009/2083319306/LEVY E-MAIL 20000600</fn>
<!-- Note:si:N325-->
<!-- Note:s:LEVY,CAROLYN/CARLSTADT-->
<ti>RE: ADVANCEMENT PLANNING NEXT STEPS</ti>
<pg>2</pg>
<!-- Note:lu:FEDA/PRODUCED-->
<!-- Note:dl:20020723-->
<dl>20021209</dl>
<ot>2083319139
I(and Michelle if she is available) can meet with you on Monday at 1 pm to deliver and review your AP material.
Please confirm.
Ed

pgNbr=1
-Original Message-----
From: Largo, Edward G.
Sent: Friday, June 23, 2000 3:14 PM
To: Levy, Carolyn J.; Bourque, Michael D.
Cc: Weber, Michelle
Subject: RE: Advancement Planning Next Steps
Carolyn,
9

pgNbr=2
</ot>
</LTDLWOCR>
