<?xml version="1.0" encoding="ISO-8859-1"?>
<LTDLWOCR>
<tid>aak96e00</tid>
<bt>2057722187/2189</bt>
<dd>19900523</dd>
<dt>MEMO, MEMORANDUM</dt>
<dt>SCRT, REPORT, SCIENTIFIC</dt>
<au>HALLDABNEY,J; MANWARING,A</au>
<np>HENDRICKS,B; MANWARING,A; WILLIS,V</np>
<no>POL, PRODUCT OPINION LAB</no>
<!-- Note:pa1:2057722187/2057722198&lt;/pa1-->
<!-- Note:si:R637-->
<!-- Note:s:WILLIS,VIVIAN/CANDY ROOM-->
<ti>POL MEMO 0702 POL 0702 - 85MM MONADIC TESTING - DISTINCTIVE PROTOTYPE 1</ti>
<pg>3</pg>
<!-- Note:rn t="m":STMN/R1-087-->
<!-- Note:lu:STMN/PRODUCED-->
<!-- Note:dl:19980605-->
<!-- Note:b:BARCLAY; CAMEL; CARLTON; DORAL; KENT; LUCKY STRIKE; MARLBORO; MERIT;  NOW; PARLIAMENT; RALEIGH; RICHLAND; TRUE; VANTAGE; WINSTON-->
<dl>20020201</dl>
<ot>**This memo is confidential to the business of the company: it should be carefully
handled, is not transferable to another individual, and is not to be photocopied.**
POL MEMO 0702
DATE: May 23, 1990
POL TEST NUMBER: 0702
TITLE: POL 0702 - 85mm ART Monadic Testing - Distinctive Protoype 1
DESCRIPTION: (with the 215 blend and casing 8611-100-1; no aftercut)
TEST REQUESTER: B. Hendricks/V. Willis		
POL STUDY LEADER: A. Manwaring		
~
PREPARED BY: A. Manwaring/J. Hall-Dabney		
PURPOSE: Testing ART Models= monadically		
PROCEDURE [BALLOT]: Monadic NV87SN		
SAMPLE SIZE: 600
SMOKER GROUPS:
Ultra Low	E
Usable Returns
190	a RETURNED:_76

--"	
True 85mm	24		
Carlton 80/85mm	29		
Kent III 80/85mm	25		
Vantage Ultra Lights 85mm	24		
Barclay 80/85mm	18		
Winston Ultra Lights 85mm	17		
Merit Ultra Lights 80/85mm	47		
Now 80/85mm	6		
Flavor Low	202		
Winston Lights 80/85mm	30		
Camel Lights 80/85mm	16		
Marlboro Lights 80/85mm	81		
Kent Kings 80/85mm	10		
Lucky Lights 80/85mm	1		
Raleigh Lights 85mm	1		
Parliament 80/85mm	7		
Richland Lights 85mm	1		
Doral Lights 85mm	4		
Merit 80/85mm	23		~
Vantage 85mm	22		�
Kent Golden Lights 80/85mm	6		~St
ANALYTICAL RESULTS: (See attachment)
CIGARETTES MADE: 2/9/90 CIGARETTES SHIPPED: 3/2/90
DATA DATE: 3/30/90
pgNbr=1
RESULTS: Three Art 85mm monadic tests were conducted. They were POL 0701 (Control
Art 85mm with the 215 blend without casing/aftercut), POL 0702 (Art 85mm - Distinctive
Protoype 1 - with the 215 blend and casing 8611-100-1; no aftercut), and POL 0703 (Art
85mm - Distinctive Prototype 2 - with the 215 blend and with aftercut 8776-92; no
casing). Each test was mailed to 300 ultra low smokers and 300 flavor low smokers.
Before each panelist smoked and evaluated the cigarettes they were asked to read the
concept. The concept was stated as follows: The Tobacco in these cigarettes has had
97% of the nicotine removed. This is done by a natural patented process, much like
caffeine is removed from coffee. Experience the NEW TASTE of nicotine-extracted
cigarettes.
The data from these 3 Art monadic tests were analyzed together using an analysis of
variance with test and delivery (ultra low and flavor low) as grouping variables. The
results for the control Art and the 2 distinctive flavors showed no main cigarette
effects. That is, there were no significant differences between any of the 3 models
tested by the total panel on any of the scales tested (acceptability, strength, and
purchase intent). However, there were main delivery effects on all 3 scales. This
showed that the ultra low smokers rated the cigarettes higher than did the flavor low
smokers. There was also a test-by-delivery interaction (p=.0278) on the scale of
liking. This showed that the flavor low smokers did not rate any of the Art models
significantly different, however the ultra low smokers rated the control Art without
any casing or aftercut as significantly better. The means for the 3 scales are listed
below. Based on the means for the purchase intent scale, there does not seem to be
much interest in these nicotine-extracted cigarettes. Also, included in the tables
are the frequencies for the purchase intent question.
Acceptability
Smoker Group
Test # Cigarette Ultra Low Flavor Low Total
0701 Control (215,no cas/aftercut) 4.06 ~ 3.46 3.73
0702 Distinctive Prototype 1 3.51 3.62 3.57
0703 Distinctive Prototype 2 3.67 3.46 3.55
Total 1 3_751 1 3.51 1
Strength
Smoker Group
Test # Cigarette Ultra Low Flavor Low Total
0701 Control (215,no cas/aftercut) 2.92 2.30 2.57
0702 Distinctive Prototype 1 2.96 2.53 2.73
0703 Distinctive Prototype 2 2.99 2.36 2.63
Total 1 2.96 u 1 2.39 u
r`
pgNbr=2
Purchase Intent
--=-Smoker Group
Test # Cigarette Ultra Low Flavor Low Total
0701 Control (215,no cas/aftercut) 2.63 2.29 2.44
0702 Distinctive Prototype 1 2.41 2.43 2.42
0703 Distinctive Prototype 2 2.49 2.29 2.38
Total 1 2 * 51 1 2.33 1
Purchase Intent Frequencies for POL 0701
Response ~
Definitely would not buy
Probably would not buy-_
Might or might not buy -
Probably would buy
Definitely would buy
Frequency
135
114
106
85
21
a
Purchase Intent Frequencies for ;--P_OL 0702
Response Frequency
Definitely would not buy 135
Probably would not buy 116
Might or might not buy 96
Probably would buy 76
Definitely would buy 30
Purchase Intent Frequencies for POL 0703
Response Frequency_
Definitely would not buy 133
Probably would not buy 134_
Might or might not buy 84
Probably would buy 79
Definitely would buy 22
pgNbr=3
</ot>
</LTDLWOCR>
