<?xml version="1.0" encoding="ISO-8859-1"?>
<LTDLWOCR>
<tid>aal10c00</tid>
<bt>2085273456</bt>
<!-- Note:br t="m":2085273444/3464-->
<dd>20020129</dd>
<dt>EMAI, E-MAIL</dt>
<au>PARRISH,S</au>
<rc>PFEIL,ME; ROBERTS,P</rc>
<no>DOJ; FDA, FOOD AND DRUG ADMINISTRATION; HEADS UP</no>
<!-- Note:si:N905-->
<!-- Note:s:PFEIL,MICHAEL/OFFICE-->
<ti>FW: HEADS UP</ti>
<pg>1</pg>
<!-- Note:lu:FEDA/PRODUCED-->
<!-- Note:dl:20030121-->
<dl>20030215</dl>
<ot>-----Original Message-----
From:	Parrish, Steve	
2085273456
Sent:
To:
Subject:	Tuesday, January 29, 2002 9:04 AM
Roberts, Peggy; Pfeil, Michael E.
FW: Heads Up	
See the editorial regarding DOJIFDA. Is it worth an LTE laying out our position on DOJ and our support of FDA?

pgNbr=1
</ot>
</LTDLWOCR>
