<?xml version="1.0" encoding="ISO-8859-1"?>
<LTDLWOCR>
<!-- forcebtag -->
<tid>aas55a00</tid>
<bt>531440863</bt>
<rc>FOREMAN DD; SMITH JF</rc>
<au>MILLER BK</au>
<bx>NA</bx>
<dd>19980205</dd>
<dt>EMAIL; LETTER</dt>
<!-- Note:co:N-->
<np>WYDEN</np>
<!-- Note:br t="o":RJR 141017986; 70053 2101-->
<!-- Note:dl:20040928-->
<pg>1</pg>
<!-- Note:rn t="m":US COMPREHENSIVE REQUEST 309-->
<!-- Note:sh:NA-->
<!-- Note:s:USDOJ; PRODUCTION 13-20; CD; 041702;-->
<ti>WYDEN-PRESS COVERAGE IN OREGONIAN.</ti>
<dl>20041015</dl>
<ot>From: Miller, Barry K.
To: Foreman, Donald D.; Smith, Jan Fulton
CC:
BCC:
Subject: Wyden-press coverage in Oregonian
Primary Date: 2/5/1998 6:51:53 AM
Last Modified Date: 1998-Feb-05 06:51:53
Last Touched Date:
Sent Date: 1998-Feb-05 06:50:00
Received DateDate: 1998-Feb-05 06:51:53
Attachments:
005DF1.DOC
Arranged by date, latest first. See Wyden's name in bold
and underlined.
More to come- 1)national newspaper coverage 2) transcripts
of hearings and press conferences
Do you want TV? I expect it will be mostly rehash of the
sound bites reported in the press, but I can look for "Meet
the Press" type interviews.
RJR0000000141017986
700532101

pgNbr=1
</ot>
</LTDLWOCR>
