<?xml version="1.0" encoding="ISO-8859-1"?>
<LTDLWOCR>
<!-- forcebtag -->
<tid>aaz80a00</tid>
<ti>Test Market Pickup Of Carlton 100 s Menthol Box Cigarettes</ti>
<dt>Memo</dt>
<dt>Correspondence</dt>
<dd>19830207</dd>
<au>Sprinkle-RS-III, ATCO</au>
<rc>McGuire-TF</rc>
<pc>Truitt-RP</pc>
<!-- Note:b:Carlton-->
<!-- Note:ci:10004026-->
<!-- Note:rn t="m":130-->
<pg>1</pg>
<!-- Note:ag:60001640-->
<!-- Note:dl:19981123-->
<bt>950672754</bt>
<!-- Note:br t="a":ATX02 0076285/ATX02 0076285-->
<dl>20020201</dl>
<ot>M1~O 4251aW
ME,MORANDI,:1
r
0
February 7, 1983
c~~fis. ~Ginc~ei ,uzra &lt;~oGatCeo--f':pm,ono
Mr. I. F. McGuire, Manager - Sales Operations
R. S. Sprinkle, III,
Vice President - Research and Development
Test Market Pickup of CARLTON 100's Menthol Box Cigarettes
Visual examination and testing have been completed on 'che above
cigarettes purchased in the San Antonio, Texas, open area and
returned to the DeparCment of Research and Development on
February 2 in accordance with your instructions.
Six cartons were received (one coded April; four, November, and
one unidentified). The appearance of the packages and cigarettes
was good. Moisture values were acceptable and smoke taste was
normal.
All of this merchandise is considered to be salable.
SGB:ODL
CC: Mr. R. P. Truitt, Executive Vice President
Mr. T. C. Hays, Executive Vice President
Mr. C. H. Mullen, Vice President - Sales
ifr. C. C. Kern, Jr., Vice President - MenufacCure and Leaf
Mr. R. J. Leisure, Manufacturing Coordinator
be: RDC/ECC/EPB/JFA, PHL/PRC/DRB,
RSS, JGB
ATx02 0076286
pgNbr=1
</ot>
</LTDLWOCR>
