<?xml version="1.0" encoding="ISO-8859-1"?>
<LTDLWOCR>
<tid>aat25e00</tid>
<bt>2023741090/1091</bt>
<!-- Note:br t="m":2023741090/1095-->
<dd>19850604</dd>
<dt>MEMO, MEMORANDUM</dt>
<au>STIRLEN,R</au>
<rc>FREEMAN,W</rc>
<pc>BICK,I; DRIGGS,P; ROPER,R; SCULLY,J; VOLZ,P</pc>
<np>M,H &amp;lt;MAXWELL,H&amp;gt;; POOLE,G</np>
<ca>PM, PHILIP MORRIS</ca>
<cr>PM, PHILIP MORRIS</cr>
<no>LEO, LEO BURNETT AGENCY; MARCANN; P+G; RJR, R.J.REYNOLDS</no>
<fn>2023741043/2023741140/MISSING; </fn>
<!-- Note:si:N113-->
<!-- Note:s:BRAND MANAGEMENT/CARLSTADT-->
<ti>H.M. HOUR</ti>
<pg>2</pg>
<!-- Note:rn t="m":STMN/R3-014-->
<!-- Note:lu:STMN/PRODUCED-->
<!-- Note:dl:19980605-->
<!-- Note:b:MARLBORO-->
<dl>20020201</dl>
<ot>0
PHILIP MORRIS,. II.S.A. INTEROFFICE CORRESPONDENCE
120 PARK AVENUE, NEW YORK, N.Y. 10017
TO: W. Freeman DATE: June 4, 1985
FROM: R. Stirlen
SUBJECT: H.M. HOUR
The excitement is starting to build! The first small
butterflies of the season begin to flutter in the stomachs of
the players. The blue suits come out of moth balls and the
black shoes get shined. With a tang in the air, the season is
upon us - the presentation season building to H.M. Hour. Can
your nerves stand it for another year?
Seriously, now is the time to pull the presentation together.
Attached is a revised outline which reflects my thoughts on the
flow of the presentation.
In order to be ready for July 11, I would like your
preliminarily thoughts by the week of June 10 and detailed
material the week of June 17 on the following:
. Overall any changes you feel are required to include
additions, deletions or changes in emphasis.
. The Leo Burnett assessment of the state of the business
for 1985 to include 25's and the forecast for year-end.
. Your thoughts on any line extension opportunities that
exist between now and the first quarter of 1986. This
would include 25's as well as a restaged Menthol, Ultra
Lights or a repackaged Lights.
. Gary Poole's assessment of the Switching Study with
special emphasis of the possible increased strength of RJR
versus Marlboro.
. The best way to present Marlboro print, specials and
outdoor advertising. Can we develop a more impactful
alternative to wallpapering the room with the latest print
and Marcann pools?
. The best way to address the question of our development
of and search for new cowboys. Remember that this was a
specific question from H.M. last November.
. The best way to present the 1985 MarAoro promotions to
include a teaser glimpse of the 1986 Country Store.
pgNbr=1
.
2
W. Freeman June 4, 1985
. Thoughts you many have on improving our low inventory
situation at retail. Ideas from the P&amp;G side may shed
some light here.
. The best way to add punch and excitement to the
promotions presentation. Now that we have sent a
photographer to shoot most of these events, we should have
material to give H.M. the feeling of actually being at the
events.
In general, I want to do everything we can to make this
presentation informative but also interesting-and fun. Our
basic goals and strategies have not changed over the past few
years, so we have to add some excitement.
Let's discuss further this week so we can get ving.
/ra
cc: I. Bick
P. Driggs
R. Roper
J. Scully
P. Volz
pgNbr=2
</ot>
</LTDLWOCR>
