<?xml version="1.0" encoding="ISO-8859-1"?>
<LTDLWOCR>
<!-- forcebtag -->
<tid>aad04f00</tid>
<ti>-- No Title --</ti>
<dt>LETT, LETTER</dt>
<dt>CORRESPONDENCE</dt>
<dd>19780519</dd>
<au>PEPPLES,E</au>
<rc>KELLY,J</rc>
<np>DAGAN,J/X;MCDOWELL/X;STEED,B/X;WOODWARD/X;X/GLASER;X/CATCD;X/CALIFORNIANS FOR COMMON SENSE;XXDENNIS/X</np>
<!-- Note:co:MARG, MARGINALIA-->
<!-- Note:ci:10004026-->
<!-- Note:rn t="m":A9-->
<pg>1</pg>
<!-- Note:ag:494510-->
<fn>CCS - ACTION PLAN/INITIATIVE CORRESPONDENCE MAY  78-JUNE  78</fn>
<!-- Note:dl:19981123-->
<bt>685090739</bt>
<dl>20020201</dl>
<ot>r~-~~ a~y(
w) 19, 1979
[K. JerY [elly
IDe SoWceo loetitute, Ino.
1418 g Street. N.V.
Buite 1200 gcutBOSery Bullding
g.eEtogton, D.C. �0008
Be.r Jacl:
Bocloead 1. e report on the dlesa) seating ahlch .en held 1n
CellforeL on Y) B. It spuares suetl/ eftB the teq fev
Gleser, which u you know L by far the hlg/est hoewe ln the
etete. Repatahly Glaeer had its pMple out in force for the
oetlne. lhs .wting w net Just a flop for IMmL end GYyCD.
it undercut the reyutatlon ef Cp u" flrst-class pnlltlcal
operttlon.
wtnEprd &amp; acWwell heve esiC ee shoeld wIn proelded there ara
no tuames. I gueee this o e did not re.ult Lo a turn&gt;eer,
hut certainly (1) Oloer needs to M paforteE and aseured
that fL5 le le goYL, profeea]oaal EaYdm and will mt be a
etu.hlrhuthle operetlon gad (2) we Hemt afford a repetltiou
of lueptnese e u lo our own houee tecauee the co.y.ef people
cen M turced pfI ]o.t S1ke Gla.er .u.
Alen swlosee L a notice EeelgnKlnQ Byron Steed .a 661'e
fSA emtact fo_ Nortewre C llfornAs. Joho DMgee 1e the u
for 9uuthern Callfotole. lould you p1eOe let CCB rvow teat
Steed end Oeg.n are car aee in hllfOrula.
gy Dowt regerd..
pvrdlally,
Ep/elt
mmeeuree
685096 7 s
pgNbr=1
</ot>
</LTDLWOCR>
