<?xml version="1.0" encoding="ISO-8859-1"?>
<LTDLWOCR>
<tid>aaj85e00</tid>
<bt>2024263313</bt>
<!-- Note:br t="m":2024263313/3314-->
<dd>19850503</dd>
<dt>LETT, LETTER</dt>
<au>MAXWELL,H</au>
<rc>DAMATO,AM</rc>
<ca>PM, PHILIP MORRIS</ca>
<cr>SENATE</cr>
<!-- Note:co:MARG, MARGINALIA-->
<fn>2024263147/2024263358/GOVERNMENT PHILIP MORRIS INC. 850000;  2024263148/2024263357/GOVERNMENT PHILIP MORRIS INC. 850000; </fn>
<!-- Note:si:N19-->
<!-- Note:s:MAXWELL,HAMISH/CARLSTADT-->
<pg>1</pg>
<!-- Note:rn t="m":STMN/R1-004-->
<!-- Note:lu:STMN/PRODUCED-->
<!-- Note:dl:19980605-->
<dl>20020201</dl>
<ot>J
,;.: S�._f?"L,A'w1 .
PHILIP 11--10RRIS
INCORPORATED
120 PARK AV E NU E. N E W. YOR K. N.Y. 1002
HAMISH MAa"M ELL
CHAIRMAN'OF THE BOARD
May 3, 1985
The Honorable Alfonse M. D'Amato
United States Senate
Washington, D. C. 2051~0
Dear Senator D'Amato:
It was kind of you to write to me. I take
this opportunity to offer you our sincere
sympathy and condolences on~the death of
your grandmother.
Obviously you were very much missed in
Richmond last week, but I do hope that you
will find the time sometime soon to visit
with our senior management and board members.
With very many thanks for your courtesy and
with kindest regards,
Yours sincerely,
Hamish Maxwell
I
pgNbr=1
</ot>
</LTDLWOCR>
