<?xml version="1.0" encoding="ISO-8859-1"?>
<LTDLWOCR>
<tid>aam35e00</tid>
<bt>2040890245</bt>
<dd>19850628</dd>
<dt>LETT, LETTER</dt>
<au>WEILLER,PJ</au>
<rc>PRINCIOTTA,J</rc>
<pc>KORNBLUTH,P</pc>
<ca>THOMSON LEEDS</ca>
<cr>PM, PHILIP MORRIS</cr>
<no>SAFEWAY</no>
<fn>2040890198/2040890257A/V.S. SAFEWAY CHECK STAND PEN</fn>
<!-- Note:si:N495-->
<!-- Note:s:KORNBLUTH,PHYLLIS/CARLSTADT-->
<ti>SAFEWAY VIRGINIA SLIMS PEN PROJECT - OUR 3805-S9520</ti>
<pg>1</pg>
<!-- Note:rn t="m":STMN/R2-039-->
<!-- Note:lu:STMN/PRODUCED-->
<!-- Note:dl:19980605-->
<!-- Note:b:VIRGINIA SLIMS-->
<dl>20020201</dl>
<ot>Thomson-Leeds Company, Inc.
111 Fifth Avenue
New York, New York 10003
212-473-0900
June 28, 1985
Mr. John Princiotta
Philip Morris, Inc.
120 Park Avenue - 5th Fl.
New York, NY 10017
Point of Purchase
Merchandrsfng
Sales Promotion
Marketing Programs
Retail Environments
Re: Safeway Virginia Slims Pen Project - Our 3805-S9520
Dear John:
This letter will confirm prices and specifications for the
Virginia Slims Pen and Pen Holder we have created and designed
for you.
Each unit consists of a 2-piece base, chain and pen.
The base and pen will be molded of high impact.styrene. Overall
size of base is 3-1/2" x 3-1/2" x 1" plus 1" overhung for
attaching. Size of pen is 6" long with a tapered barrel.
We to print and supply 3 Mead tapes printed 2 colors from your
artwork. One tape will have the month and the other 2 will in-
clude numbers. We will hot-die stamp in 1 color Virginia Slim's
logo on the base and insert 3 springrolls in place. We will
supply a ball chain 18" long, made of 3/16" steel balls per
sample. We will supply 4 special screws to assemble base in
field. We will supply a 5-1/4" ball point refill and permanently
seal it in the pen.
We will injection mold the pen in 2 pieces, insert refill and
sonic seal the pen together with chain in place.
Packing: Each unit in a polybag, 25 displays per carton.
Price: 25,000 units ........... $3.68 each
plus $2,700. for revised samples.
Delivery: We to start shipping August 30, and complete within
2 weeks.
Best personal regards.
Co ia
et./er a. AgIller

PJw/gl
cc: Ms. Phyllis Kornbluth
pgNbr=1
</ot>
</LTDLWOCR>
