<?xml version="1.0" encoding="ISO-8859-1"?>
<LTDLWOCR>
<!-- forcebtag -->
<tid>aas34f00</tid>
<ti>Request For Check</ti>
<dt>Invoice</dt>
<dt>Financial</dt>
<dd>19540727</dd>
<au>ATCO</au>
<rc>Medical College Of Virginia</rc>
<np>Medical College Of Virginia</np>
<!-- Note:co:Marginalia;Pages Out of Order-->
<!-- Note:ci:10004026-->
<!-- Note:rn t="m":125-->
<pg>1</pg>
<!-- Note:ag:60275111-->
<!-- Note:dl:19981123-->
<bt>950289858</bt>
<!-- Note:br t="a":MNAT00396873/MNAT00396873-->
<dl>20020201</dl>
<ot>REQUEST FOR CHECK�7~-/
DATE PAY.
~

NMioal Collo�a of YSre1n1
e
PAYA6LR TO
Riohwn619. Yirdnla
~DDnn.
CRCCK tIGRHR
/On OIlIC[ MAXAO.n
DEECRIBE PULLY PAYMENT TO BE MADEi '			
lklaWrleMSnt of r u			
			
			
			
			
			
			
			
			
			
				
u.T. x.G D.-				
"n"'TO-
CLKVYnex.	CHARGE TO ACCOUNT.	IBBUINGDEPT.	exncvrrvx
APPMOVAL
'I~YIC` xOx !


x.Y.O	. '	PRLPARCO RY
ACCOVNT
DIYTRIRVTIO// DY
A1MOV[D DV	
pgNbr=1
</ot>
</LTDLWOCR>
