<?xml version="1.0" encoding="ISO-8859-1"?>
<LTDLWOCR>
<!-- forcebtag -->
<tid>aaw05a00</tid>
<bt>529216151/6152</bt>
<rc>MURPHY PA; BECK MD; TUTTLEOLM DL; SWAUGER JE; R&amp;D</rc>
<au>TUTTLEOLM DL; MURPHY PA</au>
<bx>NA</bx>
<!-- Note:b:DORAL; CAMEL TURKISH GOLD-->
<pc>PENCE DH</pc>
<dd>20000727; 20000728; 20000803</dd>
<dt>EMAIL; LETTER</dt>
<!-- Note:co:N-->
<np>BECK M; RJR; WILLIAMS G; CARPENTER C</np>
<!-- Note:br t="o":RJR 1185050101; 70026 3418-3419-->
<!-- Note:dl:20040624-->
<pg>2</pg>
<!-- Note:rn t="m":US COMPREHENSIVE REQUEST 443; US COMPREHENSIVE REQUEST 450-->
<!-- Note:sh:NA-->
<!-- Note:s:USDOJ; PRODUCTION 14-3; CD; 20020311;-->
<ti>DORAL. TURKISH GOLD.</ti>
<dl>20040715</dl>
<ot>-Patrick
-----Original Message-----
Yrom: Tuttle-01m, Donna
Sent: Thursday, July 27, 2000 2:32 PM
To: Murphy, Patrick A. (R&amp;D); Beck, Michelle D.
Cc: Pence, Deborah
Subject.: doral
Importance: Hiqh
1-]i y a -
Yai.ri ck, when you get the total number of hOR11L domesti c
sticks produced for 7999, please forward the number to
Michelle Heck. Michelle will calculate (approximate) total
pounds of tobacco used in DORAI, and in turn (using MU]s)
calculate the poundage of DAP, ammonium hydroxide and urea.
Michelle, using 1999 RJR poundage figures, determine how
the addition of the new DORIIL poundages wou]d affect the
numbers.
[Deborah, please note if I have anything wrong here..... ]
Patrick, could you also ask the question concerning
projected vo]ume of Turkish Gold for this year? I've
already asked Carolyn Carpenter, but she mentioned that she
would be "in-and-out" of the office and she knew that I was
leaving after today. Your contacts may be better. Then,
Michclle can run these numbers, too.
Thanks!!!!!
Donna Tuttle-01m
Donna Tutt]e-0]m
RJR0000001 185050101
70026 3419

pgNbr=1
From: Tut.t.] e- 0] m, I onna
To: Swauger, James
CC:
BCC:
Primary Date: 8/3/2000 72:27:19 PM
Last Modified Date: 2000-Aug-03 12:27:19
Last Touched Date:
Sent Date: 2000-AUg-03 12:27:19
Received Date: 2000-Aug-03 12:27:79
Subject: TURK]SH GOLD
. .......~....,~..,........r . ._,..............
Attachments:
. . ... . .. . .. . . ... . . . . .... ....... . . . . . . . . . . ... ..... . . .. . .. . . .. . . . . . . . .. . . .. . .. . . .. . . . . .. . .. . ... . . . . . . . . .. . . . .. . . . . . . . . . . . . . . . ~ . , , , . . , ... . , , , , . , , , ... , , , . , , . , . , , , .. . , .. , . . . , , . , , . , , .......... . , . , , , . , , .. , , .. , , .. , , . . , , ... , , . , , , . _
Sorry I didn't have you on the cc: ]ist......... 1 hit
"reply to a]l" and just noticed you were not on there. Thx,
D.
-----Origina] Message-----
From: Tutt ] c- 0] m, Donna
Sent: Thursday, August 03, 2000 9:23 AM
1'o: Murphy, Patrick A. (R&amp;D); Beck, Michelle D.
Cc: Pence, Deborah
Subject: RE: dora]
For TURY.]SH GOLD, the projected volume for this year if 943
million sticks. The selling rate, at this time, is 25
million sticks per week. Therefore, on an annualized basis,
this would be ].3 billion sticks per year. In November,
TURKISH GOLD 100mm will be launched. The projected volume
is 777 million sticks. The selling rate is projected to be
7 million sticks per week or 364 million sticks on an
annualized basis.
Donna
-----Original Message-----
From: Murphy, Patrick A. (R&amp;D)
Sent: Friday, July 28, 2000 9:54 AM
To: Tuttle-0]m, Donna; Fteck, Michelle D.
Cc: Pence, Deborah
Subject: RE: doral
According to George Williams, the total number of Doral
(all styles) sticks produced in 1999 was 27,131,150,800.00.
That's 27 billion, 131 million, 150 thousand, 8 hundred.
He was unable to produce any projected volumes at this
time.
RJR0000001 185050101
70026 3418

pgNbr=2
</ot>
</LTDLWOCR>
