<?xml version="1.0" encoding="ISO-8859-1"?>
<LTDLWOCR>
<!-- forcebtag -->
<tid>aag69c00</tid>
<bt>50153590/3590</bt>
<ti>MAURICE GREEN, PH.D., INSTITUTE FOR MOLECULAR VIROLOGY, ST. LOUIS UNIVERSITY MEDICAL CENTER, ST. LOUIS, MO  FIRST RENEWAL APPLICATION NO. 1419R1  &amp;quot;AMPLIFICATION OF HUMAN ADENOVIRUS TRANSFORMATION PROTEINS IN PROKARYOTIC AND EUKARYOTIC CELLS.</ti>
<dd>19820811</dd>
<dt>MEMORANDUM</dt>
<au>STONE D, CTR</au>
<rc>BRENNAN; FELDMAN; HOWLEY</rc>
<!-- Note:dl:20010130-->
<pg>1</pg>
<dl>20021115</dl>
<ot>THL COIINCIL FOR TOBA,CCC RESEARCH-U.S.A., INC.
GRnNT APPLICATION NO. 1419R1
CANCER
Aug. 11, 1982
TO: The conan.ittee comprising Dr. Brennan, Feldman and Howley
SUBJECT: Maurice Green, Ph.D., Institute for Molecular Virology, St. Louis
University Medical Center, St. Louis, MO
First Renewal Application No. 1419R1
"Amplification'of Human Adenovirus Transformation Proteins in
Prokaryotic and Eukaryotic Cells"
HISTORY: Application No. 1419 requesting $56,881 for the first year of a
three year study was approved by the SAB in Oct. 1982. Budget
estimates for the second and third years were $56,356 and
$60,864, respectively.
RE(XIEST: Application No. 1419R1 requests $75,110 for the second year of
the study.
DOC.'[IlENTS SOBNLiI&lt;P.ED (attached) :
1. Application dated 6/26/82 (17 pages)
2. CVs of Dr. Symington and Mr. Braclmrarui (6 pages)
3. Reprints (2 in number)
4. Manuscript (1 in rnmnber)
5. PR No. 1 covering period 1/1/82 - 6/30/82
COMVENT: As progress appears to be satisfactory, this application will
be handled admin.istratively and withheld from the bulky SAB agenda
for the October 1982 meeting, unless you object.
See page 5 of application for personnel and eXperinental changes.
/ff
�
DAVID STONE
50153590

pgNbr=1
</ot>
</LTDLWOCR>
