<?xml version="1.0" encoding="ISO-8859-1"?>
<LTDLWOCR>
<tid>aas62c00</tid>
<bt>2077651802/1803</bt>
<dd>19960205</dd>
<dt>MEMO, MEMORANDUM</dt>
<dt>ROUT, ROUTING SLIP</dt>
<au>PARRISH,SC</au>
<rc>BARTLETT,DT; BOLAND,JE; BORELLI,TJ; BOTTICELLI,JC; COLBY,LA; COLLAMORE,TJ; COOPER,D; CRAWFORD,DL; DENNIS,DL; DRISCO,GE; DUNHAM,JR; FLOURNOY,H; FRENCH,ST; GAMBLE,WC; GOMEZ,FD; HAN,VC; IRASTORZA,HF JR; KNOX,GL; LIEBENGOOD,HS; MARDEN,RE; MCKITTRICK,BE; MIRABELLA,PF; NEKOLA,KA; NICOLI,DP; PRESSL,LP; REESE,RE JR; ROGERS,RL JR; SANDERS,D; SCOTT,GR; SLAVITT,JJ; SORRELLS,JH JR; WALLS,TA; WHIST,A; WOODWARD,EA</rc>
<pc>CARLSON,TN; LITTLE,GG; MAHON,JM; MCDONNELL,AT; MULDERIG,JJ; WALL,CR</pc>
<np>MAHON,JM</np>
<ca>PMMC, PHILIP MORRIS MANAGEMENT CORP</ca>
<cr>PMMC, PHILIP MORRIS MANAGEMENT CORP</cr>
<!-- Note:co:ATTY, ATTORNEY WORK PRODUCT; CONF, CONFIDENTIAL; MARG, MARGINALIA-->
<fn>2077651661/2077651957/HSL CORRESPONDENCE 960100 - 960400</fn>
<!-- Note:si:N925-->
<!-- Note:s:GOVT AFFAIRS/CARLSTADT-->
<ti>LITIGATION DOCUMENT COLLECTION</ti>
<pg>2</pg>
<!-- Note:lu:FEDA/PRODUCED-->
<!-- Note:dl:20021205-->
<dl>20030115</dl>
<ot>DISTRIBUTION:
Dede T. Bartlett
James E. Boland
Thomas J. Borelli
James C. Botticelli
Thomas J. Collamore
Lillian A. Colby
David Cooper
Derek L. Crawford
Darienne L. Dennis
Gayle E. Drisco
John R. Dunham
Hartina Flournoy
Stephanie T. French
William C. Gamble
Francis D. Gomez
Victor C. Han
Hector F. Irastorza, Jr.
George L. Knox
Howard S. LiebengoodlA/
Roy E. Marden
Beverly E. McKittrick
Peter F. Mirabella
Kathleen A. Nekola
David P. Nicoli
Lance P. Pressl
Robert E. Reese, Jr.
Ralph L. Rogers, Jr.
Donna Sanders
Gregory R. Scott
Joshua J. Slavitt
John H. Sorrells, Jr.
Tina A. Walls
Andrew Whist
Ellis A. Woodward
cc: Terence N. Carlson
Gregory G. Little
Jean M. Mahon
Alfred T. McDonnell
John J. Mulderig
Charles R. Wall
`-Lucj" -T V CAZO.ZA,...

pgNbr=1
i
PHILIP MORRIS MANAGEMENT CORP. INTER-OFFICE CORRESPONDEN E
		120 PARK AVENUE, NEW YORK, N.Y. 10017
TO:	DISTRIBUTION	DATE: February 5, 1996
FROM:	Steven C. Parrish	PRIVILEGED AND CONFIDENTIAL
		ATTORNEY/CLIENT COMMUNICATION
RE:	Litigation Document Collection
	
As many of you know, the Legal Department is conducting a
comprehensive document collection necessitated by recently served
discovery demands in several smoking and health related litigations.
The procedures for completing this collection will need your full
cooperation and participation.
In order to properly respond to the demands served, we need to
interview each of you and collect your documents. Those who have
not yet been contacted will be contacted shortly.
To expedite the collection process and help us prepare for your
interview, please ask your secretary to provide a current list of your
active files as well as a rough estimate (e.g. in linear inches or feet) of
the volume of the files. The file lists and estimates should be sent to
Jean Mahon at 120 Park Avenue - 23rd floor. Should you have any
questions, please call Jean at extension 2056.
Thank you very much for your continued cooperation and
assistance.
~T~.e

pgNbr=2
</ot>
</LTDLWOCR>
