<?xml version="1.0" encoding="ISO-8859-1"?>
<LTDLWOCR>
<tid>aad62c00</tid>
<bt>2076346366B/6367</bt>
<!-- Note:br t="m":2076346145/6372-->
<dd>20000204</dd>
<dt>PRES, PRESS RELEASE</dt>
<np>CLINTON; ETHERIDGE,B; REED,B; WOODHOUSE,B</np>
<no>CONGRESS; HOUSE; SMALL BUSINESS ADMINISTRATION; USDA, U.S. DEPT OF AGRICULTURE; WA POST</no>
<!-- Note:co:EXTR, EXTRA-->
<!-- Note:si:N402-->
<!-- Note:s:LATTANZIO,TED/OFFICE-->
<ti>ETHERIDGE REACTS TO ADMINISTRATION PLANS FOR FLOYD AID, TOBACCO TAX INCREASES</ti>
<pg>2</pg>
<!-- Note:lu:FEDA/PRODUCED-->
<!-- Note:dl:20021202-->
<dl>20030115</dl>
<ot>NEWS RELEASE
CONGRESSMAN BOB ETHERIDGE
NORTH CAROLINA
FOR IMMEDIATE RELEASE
Contact: Brad Woodhouse
DATE: February 4, 2000
Phone: (202) 225-4531
~theridge Reacts to Administration Plans for Floyd Aid, Tobacco Tax
creases
WASHINGTON - Yesterday the Clinton Administration announced
that it would ask Congress to provide $304 million in emergency aid for the
victims of Hurricane Floyd. Among other items the request includes $81
million for farmers whose tobacco was damaged in the storm, $77 million to
buy uninhabitable homes, $51 million for Small Business Administration
loans, and legislation to allow the Department of Agriculture to use up to
$50 million in existing funds to help farmers repair or replace damaged farm
structures. Etheridge fought for these provisions last year and supported
their inclusion in the Administration's request.
The President's Domestic Policy Advisor Bruce Reed
announced yesterday in an interview with the Washington Post that the
Administration would ask Congress, as part of its fiscal year 2001 budget
request, to increase excise taxes on cigarettes by 25 cents per pack and to
impose penalties on the cigarette companies of $3,000 for each underage
smoker if youth smoking rates are not cut in half by 2004. The following is
a statement from U.S. Rep. Bob Etheridge (D-Lillington) regarding these
developments:
"Yesterday's developments are bitter-sweet for the people of
North Carolina," said Etheridge. "I appreciate the Administration working
with us to include critical funding for the victims of Hurricane Floyd in
its budget request. Our citizens in eastern North Carolina are still trying
to rebuild their lives from this devastating storm. This is just the
~beginning of the process of trying to obtain additional disaster relief for
ur citizens, but it's a bright beginning. It's now up to the congressional
eadership to work with us to fine-tune the Administration's request and to
pass a fair disaster relief bill for the victims of Hurricane Floyd.
1

pgNbr=1
"t am disappointed that the Administration has decided once
again to ask for an increase in tobacco taxes. Our tobacco farmers and
their families have suffered enough. I want to reduce underage smoking, but
at a time of record budget surpluses it makes no sense to raise taxes and
impose new penalties, especially on struggling farmers and moderate and
is low-income taxpayers. As I have every year since being elected to Congress,
I will stand up and fight for our farm families and oppose any new tobacco
taxes. I will continue to work with my colleagues in the House, both
Republicans and Democrats, to make sure that this misguided proposal is dead
on arrival on Capitol Hill."
-30-
�
�
2076346367
2

pgNbr=2
</ot>
</LTDLWOCR>
