<?xml version="1.0" encoding="ISO-8859-1"?>
<LTDLWOCR>
<!-- forcebtag -->
<tid>aav06d00</tid>
<bt>50527995/7995</bt>
<ti>CASE NUMBER 5832</ti>
<dd>19951003</dd>
<dt>LETTER</dt>
<au>MCALLISTER HC, CTR</au>
<rc>HOLDEN JA, UNIV UT HEALTH SCIENCE CENTER</rc>
<!-- Note:d:FORMAL APPLICATION CANNOT BE FUNDED-->
<!-- Note:dl:20010130-->
<pg>1</pg>
<dl>20021115</dl>
<ot>THE COUNCIL FOR TOBACCC RF,SFARCH-U.S.A., INC.
SUVYORTIN(d BIOMEDICAL INVESTIhATiON 900 THIRD s1l-ESL-E
NEw YORIi. N Y 10022
(212) 421-89E5
HARMON O. MCALLISTER. pH.D.
V3U4 PREtlIOEIiT - REBF.AR(,H
SCIBNT[FfC DIRECTOR
October 3, 1995
Joseph A. Holden, M.D., Ph.D.
Division of Anatomic Pathology
University of Utah
Health Science Center
Salt Lake City, UT 84132
RE: Case number 5832
Dear Dr. Holden:
Your recent inquiry concerning support by this Council for a
proposed research project has now been considered by the
members of the Scientific Advisory Board.
They asked me to notify you that they cannot encourage formal
application for support of this study at the present time.
We trust that you will obtain the support you seek elsewhere.

non C.
AlIisre
HCM/simla
Enclosures

pgNbr=1
</ot>
</LTDLWOCR>
