<?xml version="1.0" encoding="ISO-8859-1"?>
<LTDLWOCR>
<tid>aao80e00</tid>
<bt>92151713/1714</bt>
<dd>19930310</dd>
<dt>MEMO, MEMORANDUM</dt>
<au>TELFORD,G</au>
<rc>MOLLOY,S; NICOLAISEN,P</rc>
<pc>BAYLIES,T; GIORDANO,L; HARBUSFROMME,R; JAMES,T; LINDSLEY,V; ORLOWSKY,M; SMITH,T</pc>
<np>XX KATE; XX MARY; XX RICHARD; XX TERRY</np>
<ca>LOR, LORILLARD</ca>
<cr>LOR, LORILLARD</cr>
<!-- Note:co:MARG, MARGINALIA-->
<fn>92151651/92151738/MISC. BUDGET INFO (OLD); </fn>
<!-- Note:si:N86-->
<!-- Note:s:NICOLAISEN,PAT/OFFICE-->
<ti>HARLEY-DAVIDSON 930000 TEST MARKET SPENDING</ti>
<pg>2</pg>
<!-- Note:rn t="m":R1-126-->
<!-- Note:lu:STMN/PRODUCED-->
<!-- Note:dl:19980605-->
<!-- Note:b:HARLEY-->
<dl>20020201</dl>
<ot>MEMORANDUM
K
~
March 10, 199~
To: P. Nicolaisen -
S. Molloy
FROM: G. Telford
RE: HARLEY-DAVIDSON 1993 TEST MARKET SPENDING
-------------------------- -,-a_,_,--_.-o._,._,..~,__~,&lt;&gt;-~:_o~,= ~- - - - - - - - - - - - -
Attached find Harley-Davidson's 1993 Test Mar.:cet Advertising Budget,
revised per agreement with Management on February 26, 1993. Total
Advertising remains unchanged.
In addition, Exhibits 1A and 1B itemize in sequence the Advertising
spending changes and their explanations.
The following details changes to the currently planned 1993
Advertising activity that were agreed to on February 26th:
MEDIA
 PRINT
The final two months (Sept/Oct) of Year I magazine weight were
reduced by 50% in all four test markets.
Note: Chattanooga, whose final two planned months of Year I are
Dec'93/Jan'94, will reduce magazine weight by 50% in Nov/Dec for
budget reasons (vs. Dec'93/Jan'94). Therefore, Chattanooga will
offset the loss of weight in Sept/Oct via the addition in
Sept/Oct of People and Sports Illustrated. These two
publications will duplicate the targeted impressions lost with
the reduction in currently planned publications.
 OOH
The final month (September) showing level was reduced from 75 to 25
in both Full Price Markets (Houston/Galveston and Minneapolis/St.
Paul) via the elimination of postings.
.n
..-
~
~
~
~
w
pgNbr=1
 PRODUCTION
Further work on non-essential projects (Nightglow, 3-D, and
Holoprism) was cancelled. Additional savings were generated in
updated estimates of on-going projects (execution of �Indigo� and
"Desert Sky", and long-term Harley creative.)
 FEE
Reduced per spending reductions.
Attachment
cc:	T.	Baylies
	L.
V.
M.
T.
R.
T.	Giordano
Lindsley
Orlowsky
Smith
Harbus-Fromme
James
hdadv

pgNbr=2
</ot>
</LTDLWOCR>
