<?xml version="1.0" encoding="ISO-8859-1"?>
<LTDLWOCR>
<tid>aar40e00</tid>
<bt>04106546A</bt>
<dd>19730000/E</dd>
<dt>ADVE, ADVERTISEMENT</dt>
<!-- Note:co:EXTR, EXTRA-->
<fn>04105250/04107633/MISSING</fn>
<!-- Note:si:N17-->
<!-- Note:s:MAU/OFFICE-->
<ti>CAN YOU SPOT THE CAMEL FILTERS SMOKER? CAMEL FILTERS. THEY'RE NOT FOR EVERYBODY</ti>
<pg>1</pg>
<!-- Note:lu:STMN/PRODUCED-->
<!-- Note:dl:19990212-->
<!-- Note:b:CAMEL-->
<dl>20020201</dl>
<ot>CAMEL
Camel Filters.
They're not for everyboQy.
- 9mNe~Rm..ann, In ~nEeI
0
1972
96S90t60
~
6 4 / a-s4&amp; A 1~11 4/ a6!~-46 _e
Conyouspot Canyouspot
the Camel Filters smoker?
M ml
1973
n
the Camel Filters smoker?
1974
0 4/4 6S4e~ c

pgNbr=1
</ot>
</LTDLWOCR>
