<?xml version="1.0" encoding="ISO-8859-1"?>
<LTDLWOCR>
<tid>aan92c00</tid>
<bt>2082969591</bt>
<dd>19941109</dd>
<dt>LETT, LETTER</dt>
<rc>PLOTKIN,J</rc>
<np>BILLIES; CAPPELLI; CLEMENCE; HEINRICH; KELLY,C; ROTHENBERG</np>
<ca>PMMC, PHILIP MORRIS MANAGEMENT CORP</ca>
<cr>MORVILLO ABRAMOWITZ</cr>
<!-- Note:co:ATCH, ATTACHMENTS MISSING-->
<fn>2082969305/2082969812/CAPPELLI - MISCELLANEOUS DOCUMENT DISCOVERY PHILIP MORRIS COMPANIES, INC. V. CHUBB, ET AL. 58361-001 PRE - 930700</fn>
<!-- Note:si:N846-->
<!-- Note:s:DESEL,PAULA/CARLSTADT-->
<pg>1</pg>
<!-- Note:lu:FEDA/PRODUCED-->
<!-- Note:dl:20021218-->
<dl>20030115</dl>
<ot>PHILIP MORRIS
MANAOEMENTCORP.120 PARK AVENUE, NEW YORK, NY 10017-5592 �(212) 8805000
DENISE F. KEANE
VICE PRESIDENT a
DEPUT'GENERALCOUNSEL
VIA FAX
November 9,1994
Jeff Plotkin, Esquire
Morvillo, Abramowitz, Grand, Iason &amp; Silbergerg
565 5th Avenue
New York, New York 10017
Dear Jeff::
Further to the attached, I would like you to pull together what I will refer to as
the confidential documents, basically your memoranda relating to Cappelli and
Heinrich and status reports received from Clarence Kelly.
I would also like to set up a meeting with you to further advance our resolution
of issues as they relate to tour proposed anti-trust action.
Finally, I would like to know if the firm has heard from Clemence's lawyer on
the insurance carve out and would also like to address the issue of restitution if it
arises in the context of the Billies and Rothenberg sentencing hearing.
(2r2) 8803076
Sincerely,
.
N
0
00
N
(O
0)
tD
CA
CD
~
pgNbr=1
</ot>
</LTDLWOCR>
