<?xml version="1.0" encoding="ISO-8859-1"?>
<LTDLWOCR>
<!-- forcebtag -->
<tid>aas28c00</tid>
<bt>507555668</bt>
<bx>RJRC2876</bx>
<!-- Note:b:WINSTON-->
<dd>19900921</dd>
<dt>GRAPHICS</dt>
<!-- Note:co:N-->
<!-- Note:dl:19980227-->
<pg>1</pg>
<!-- Note:rn t="m":MINNESOTA 1RFP93; SCOTT 1RFP58; SCOTT 1RFP26; SCOTT 1RFP27; SCOTT 1RFP30; SCOTT 1RFP29; SCOTT 1RFP35; SCOTT 1RFP1-9; SCOTT 1RFP16-17; SCOTT 1RFP21; WALLACE 1RFP1; US COMPREHENSIVE REQUEST 444; US COMPREHENSIVE REQUEST 377; US COMPREHENSIVE REQUEST 67; US COMPREHENSIVE REQUEST 140; US COMPREHENSIVE REQUEST 145; LONGDEN INT12; MINNESOTA 1RFP93-->
<!-- Note:sh:19961231-->
<!-- Note:s:MARKETING; BRAND BUSINESS UNIT; SIMMONS MA; MARKETING DIR-->
<ti>I. USAGE DYNAMICS. A/B. PROFILE OF WINSTON USUAL BRANDERS/OCCASIONAL USERS*.</ti>
<!-- Note:tp:YOUNG ADULT SMOKING; MARKETING RESEARCH-->
<dl>20030415</dl>
<ot>I. Usage Dynamics
A/B. Profile of WINSTON Usual
randers/Occasional Users*
Core
Usual
Branders
1M ]N
Other
Usual
Branders
M (x)
Frequent
Occasional
Users
~.2$$ 19~2
M (x)
Infrequent
Occasional
Users
(x) (x)
Male	63	68	66	63		64	70	63	61
Female	37	32	34	37		36	30	37	39
18-24	9	8	16	12		11	y 20	21	19
25-34	18	16	16	16		20	21	23	21
35-49	43	40	33	40		37	~ 24	29	+ 34
50+	30	36	35	32		32	35	27	26
Grade School	3	5	2	2		5	2	3	2
High School	69	64	60	61		63	68	58	62
Some College+	28	31	38	37		32	30	39	36
&lt;515,000	20	23	24	~ 16		18	y 27	27	27
$15,000-525,000	28	29	39	- 32		38	37	29	33
&gt;525,000	52	48	37	y 52		44	~ 36	44	40
White Collar	37	36	33	33	4-	36	~ 29	37	33
Blue Collar	31	30	24	27		26	- 19	24	26
Other	32	34	43	40		38	y 52	39	41
White	94	94	96	95		91	95	95	93
Non-White	6	6	4	5		9	5	5	7
Supermarkets	40	40	45	~ 37		42	39	47	42
Conv/Gas	29	25	24	27		24	30	24	25
Other	31	35	31	36		34	31	29	33

pgNbr=1
</ot>
</LTDLWOCR>
