<?xml version="1.0" encoding="ISO-8859-1"?>
<LTDLWOCR>
<tid>aas29c00</tid>
<bt>2505414398</bt>
<!-- Note:br t="m":2505414398/4399-->
<dd>19980219</dd>
<dt>FORM, FORM</dt>
<dt>LETT, LETTER</dt>
<au>NUNNALLY,N</au>
<rc>SCHAFFERNICHT,H</rc>
<!-- Note:co:ATCH, ATTACHMENTS MISSING; ILLE, ILLEGIBLE; MARG, MARGINALIA-->
<fn>2505414125/2505414694/TELEFAX-EINGANG AB 980106 BIS 980423</fn>
<!-- Note:si:I62-->
<!-- Note:s:INBIFO ARCHIVE/ANNEX-->
<ti>FACSIMILE TRANSMISSION</ti>
<pg>1</pg>
<!-- Note:lu:FEDA/PRODUCED-->
<!-- Note:dl:20020911-->
<dl>20021209</dl>
<ot>, Feb. 19, 1998 10:46AM
Na.6284 P, 1/20


! Cin
FACSIMILE TRANSMISSIO14 20.F911998
~~~ 3~
Total number of
pages including
this cover letter:
20
If you did not
receive all the
pages, please call:
~04-752-5637
Our fax number:
804752-5600
Date: February 19, 1998
Please deliver the
following pages to: Extension: Fax No.:
Dr. Helmut Schaffernicht 011-4922033031 011-492203303362
These pages are from: Neal Nunnally
N
O
T
E
S
eemut.
Responses from last phone call are attached.
Regards,
Neal

pgNbr=1
</ot>
</LTDLWOCR>
