<?xml version="1.0" encoding="ISO-8859-1"?>
<LTDLWOCR>
<!-- forcebtag -->
<tid>aah4aa00</tid>
<bt>10386315/6315</bt>
<ti>WORLD CONGRESS OF PATHOLOGY  RIO DE JANEIRO SEPT. 25-29, 1978</ti>
<dd>19780929</dd>
<dt>FILE FOLDER</dt>
<bx>186</bx>
<!-- Note:dp:19960628-->
<!-- Note:rn t="m":135-->
<np>WORLD CONGRESS OF PATHOLOGY</np>
<!-- Note:d:CONFERENCE INFORMATION FOLDER-->
<!-- Note:lu:MNAG-->
<pg>1</pg>
<dl>20020201</dl>
<ot>-World CovWess of = hatfaology _,ri
Rio d� &lt;Jdteixo Sept . 25-a9,19Z8 !i
~

pgNbr=1
</ot>
</LTDLWOCR>
