<?xml version="1.0" encoding="ISO-8859-1"?>
<LTDLWOCR>
<!-- forcebtag -->
<tid>aaj64d00</tid>
<bt>506443977</bt>
<bx>RJRC3930</bx>
<dd>19710524</dd>
<dt>REPORT</dt>
<!-- Note:co:Y-->
<np>MILLER C;HARPER;MCKENZIE J;SAINTSING B</np>
<!-- Note:dl:19990107-->
<pg>1</pg>
<!-- Note:rn t="m":MINNESOTA LETTER REQUEST 19961216-->
<!-- Note:sh:19970318-->
<!-- Note:s:R&amp;D;PRODUCT &amp; APPLIED TECH;LAWRENCE BM;MGR-->
<ti>N-FORMYLPYRROLIDENE. FLAVOR/AROMA THRESHOLD LEVELS.</ti>
<dl>20020201</dl>
<ot>COMPOUND: N-Formylpyrrolidene
STRUCTURE:
RATING: C
GRAS STATUS: (Not positively
identif ied tobacco isolate)
DATE EVALUATED: 5-24-71
EVALUATOR: McKenzie, Saintsing &amp; Harper FLAVOR/AROMA THRESHOLD LEVELS: SIMPLE SYRUP . TOBACCO
PRACTICAL USE LEVELS:
Fi.AVOR/AROMA DESCRIPTION: Pack Aroma:
about 0.001%
about 0.005%
Slight, musty, green
Tobacco Smoke: Little or no effect

pgNbr=1
</ot>
</LTDLWOCR>
