<?xml version="1.0" encoding="ISO-8859-1"?>
<LTDLWOCR>
<tid>aad84a00</tid>
<bt>2044408901</bt>
<dd>19950504</dd>
<dt>TELE, TELEX</dt>
<dt>MEMO, MEMORANDUM</dt>
<au>NAVARRO,M</au>
<rc>CARRARO,T; COUGHLIN,M; DARAGAN,K; LAUFER,D; MARTIN,M; MCCORMICK,B; PRAGER,G; WITTENBAUER,P</rc>
<np>DARAGAN,K; HENDRICKSON,P</np>
<no>RUSSELL MUSEUM</no>
<!-- Note:pa1:2044408883/2044408926&lt;/pa1-->
<!-- Note:si:N344-->
<!-- Note:s:DARAGAN,KAREN/SEC'Y FILES-->
<ti>RUSSELL MUSEUM PM'S DONATION</ti>
<pg>1</pg>
<!-- Note:lu:FEDA/PRODUCED-->
<!-- Note:dl:20040610-->
<dl>20040615</dl>
<ot>Page 1
Media Inquiry for Martin, Maria
0 To: Carraro, Tara; Coughlin, Mary; Daragan, Karen; Laufer, David; Martin, Maria; McComnick,
Brendan; Prager, Greg; Wittenbauer, Patches
From: Navarro, Manuel
Date: Thu, May 4, 1995 4:12 PM
Reporter: Pam Hendrickson
Phone No. 406-727-8787
Media Outlet:
Russell Museum
Location: Montana
Topic: PM's Donation
Deadline: tomorrow
She said that PM donated alot of money to the Russell Museum and she wants to mention
this in her publication. But she would like to get a press release from PM first, or speak with
someone here. She was asking for KD.
�
~
b
~
~
CID
~
~

pgNbr=1
</ot>
</LTDLWOCR>
