<?xml version="1.0" encoding="ISO-8859-1"?>
<LTDLWOCR>
<tid>aaz71e00</tid>
<bt>01129642/9643</bt>
<dd>19630000/E</dd>
<dt>CHAR, CHART/GRAPH</dt>
<!-- Note:co:MARG, MARGINALIA-->
<fn>01129580/01129740/SLOAN-KETTERING INSTITUTE 1963</fn>
<!-- Note:si:G60-->
<!-- Note:s:SCHULTZ/BASEMENT GMP (VPRD)-->
<pg>2</pg>
<!-- Note:rn t="m":R1-004; R1-041; R1-062-->
<!-- Note:lu:STMN/PRODUCED-->
<!-- Note:dl:19980605-->
<!-- Note:b:OLD GOLD-->
<dl>20020201</dl>
<ot>f1WI
,Mm~ assmae
1M RD

.
188' IM 290
189' RD 291.
1.90 ItD: 9,92
191 AD 293,
07

pgNbr=1
.
6w
669
a1.1296,13

pgNbr=2
</ot>
</LTDLWOCR>
