<?xml version="1.0" encoding="ISO-8859-1"?>
<LTDLWOCR>
<tid>aac42e00</tid>
<bt>2062498263/8265</bt>
<!-- Note:br t="m":2062498262/8266-->
<dd>19961114</dd>
<dt>PRES, PRESS RELEASE</dt>
<au>ELMETS,D</au>
<np>BEEMAN,B; CRAIG,S; GIBSON,E; KRAMER,D; PAXTON,S</np>
<ca>COALITION FOR RESPONSIBLE TOBACCO RETAIL</ca>
<no>CA ASSN OF NEIGHBORHOOD STORES; CA BEVERAGE MERCHANTS; CA DISTRIBUTORS ASSN; CA GROCERS ASSN; CA INDEPENDENT OIL MARKETERS; CA INDEPENDENT OIL MARKETERS ASSN; CA RETAILERS ASSN; ELLER MEDIA; INDEPENDENT GROCERS ASSN OF NORTHERN CA;  KOREAN AMERICAN GROCERS ASSN; NATL ASSN OF POLICE ORG;  NORTHERN CA GROCERS ASSN; PEACE OFFICERS RESEARCH ASSN OF CA;  US JUNIOR CHAMBER OF COMMERCE</no>
<!-- Note:pa1:2062498249/2062498276&lt;/pa1-->
<!-- Note:si:N810-->
<!-- Note:s:GOVT AFFAIRS/SACRAMENTO CA REGION 12-->
<ti>MAJOR EFFORT ANNOUNCED TO PREVENT UNDERAGE TOBACCO SALES IN SAN FRANCISCO RETAIL STORES</ti>
<pg>3</pg>
<!-- Note:rn t="m":STMN/R1-093; STMN/R1-099-->
<!-- Note:lu:STMN/PRODUCED-->
<!-- Note:dl:19980605-->
<dl>20020201</dl>
<ot>7
Coalition for Responsible Tobacco Retailing
170 L Street, Sufte 810
Sacramento, California 95814
916-329-9180 [office]
916-329-9188 [faxl
FOR IMMEDIATE RELEASE Contact: Douglas Elmets
November 14,1996 (916) 329-9180
MAJOR EFFORT ANNOUNCED TO PREVENT UNDERAGE TOBACCO
SALES IN SAN FRANCISCO RETAIL STORES
San Francisco - Several major California retail associations representing
thousands of retailers, wholesalers and grocers statewide, unveiled plans today
to unite their efforts to prevent the underage sale of tobacco products in San
Francisco. Law enforcement officials and the U.S. Junior Chamber of Commerce
also joined in to outline their plans to support the coalition's efforts to prevent
the underage sale of tobacco products.
"We are joining this effort because we recognize that we can make a
greater impact on the youth access to tobacco issue by working together," said
Beth Beeman, Vice President of the California Grocers Association which
represents 6,000 retail outlets. "It's against the law to sell tobacco products to
anyone under 18 years of age, and no one wants to sell tobacco products to
minors. Through the WE CARD program which offers merchant training and
education programs, I'm confident we can work to prevent underage tobacco
sales."
pgNbr=1
Evelyn Gibson of the California Independent Oil Marketers pointed out
that the new efforts will focus on ensuring that San Francisco retailers are fully
trained and informed about laws regulating tobacco sales to minors. To this end,
the coalition will host retail training sessions to teach retail employees how to
understand and comply with state laws regarding the sale of tobacco products.
The first free training session in San Francisco is scheduled for November 21st.
"This training addresses the specifics on how to perform proper ID checks
on customers who wish to purchase tobacco as well as how to refuse a sale to an
underage customer," Sharon Paxton of the Northern California Grocers
Association explained. "Minors have become creative in the ways they try to
purchase tobacco products. We have to be just as creative in finding ways to
attack this problem."
Also joining the prominent California retailers Steve Craig president of
the Peace Officers Research Association of California (PORAC) and executive
board member of the National Association of Police Organizations (NAPO). "It's
going to take a cooperative effort of retailers, police officers, parents, and
concerned citizens. With the support of the law enforcement community,
together we can educate retailers and prevent the underage sale of tobacco
products. That's why NAPO is promoting the WE CARD program. We plan to
give law enforcement officials here in San Francisco and across the state the tools
to help educate retailers," Craig added while displaying the new materials.
To further emphasize the collective effort, Dennis Kramer, national
program manager for the U.S. Junior Chamber Commerce was present to outline
the JAYS program. "As a part of the JAYS effort (Jaycees Against Youth
Smoking), we are personally delivering custom WE CARD kits to retail outlets in
San Francisco. Already we have visited dozens of retail outlets to drop off our
materials and explain the state laws," Kramer pointed out.
pgNbr=2
The coalition also announced that Eller Media would be donating 50
billboards over the next few months to run the bright yellow and red "WE
CARD, under 18, no tobacco" signs around San Francisco. The first billboard
was on display on the corner of Van Ness Avenue and Turk in San Francisco.
"We hope the visibility of these billboard will help create a greater awareness in
and around San Francisco that retailers will be asking for ID," said George
Broder with Eller Media.
I The California associations working together include the California
Grocers Association; the California Retailers Association; the California
Association of Neighborhood Stores; the California Independent Oil Marketers
Association; the California Beverage Merchants; the California Distributors
Association; the Northern California Grocers Association; the Independent
Grocers Association of Northern California; Korean-American Grocers
Association and Eller Media. The California efforts are coordinated with the
National Coalition for Responsible Tobacco Retailing which is comprised of 12
trade associations involved in the manufacture, sale and distribution of tobacco
products. The coalition has distributed 27,000 WE CARD training kits in
California since January, 1996.
Retailers interested in participating in the training efforts should call toll free 1-
888-TRAIN03 (888-872-4603) for more information
pgNbr=3
</ot>
</LTDLWOCR>
