<?xml version="1.0" encoding="ISO-8859-1"?>
<LTDLWOCR>
<!-- forcebtag -->
<tid>aad70d00</tid>
<bt>517618513/8514</bt>
<rc>RJR</rc>
<au>KAROL SV; OH PARMA</au>
<bx>RJR5349</bx>
<!-- Note:b:NON-RJR BRANDS-->
<dd>19961212</dd>
<dt>HANDWRITTEN; CONSUMER LETTER</dt>
<!-- Note:co:N-->
<!-- Note:dl:20020215-->
<pg>2</pg>
<!-- Note:rn t="m":US COMPREHENSIVE REQUEST 61-->
<!-- Note:sh:20020111-->
<!-- Note:s:EXTERNAL RELATIONS; CONSUMER RELATIONS; RECORD CENTER; RECORD CENTER; 45-04-04-04-->
<ti>I AM REQUESTING SURVEYS, CONTEST OFFERS &amp; FREE CIGARETTE COUPONS.</ti>
<dl>20021018</dl>
<ot>R.~: ~e E~ No Jos� o~~ c
bT58 T9LTS
~/NcS%^Dnl Ca e
9fI l oa ~
r~z.vrJa.cJ ;
/zG
rz,
F~n' i nl Gf~A
M
D~R2
r
c
Su ~ , .a
&lt;.
~.,_~~-
~

pgNbr=1
51761 8513
(Z~ry(/sri.v GJ $~2v~ S~
S~
a-P
~ L 6 ~G~/f-iprLs ~ o/D

~q
-
~
zS l~~P2r
~,u~o
kip 6d.
~5 0 ~0 ~ ,"OP,6Z,
7,o,si ~, p,g,ek vi.aa1 &amp;ol5,
Pgg^4, 0f1/o 44134
lg;p

pgNbr=2
</ot>
</LTDLWOCR>
