<?xml version="1.0" encoding="ISO-8859-1"?>
<LTDLWOCR>
<tid>aao96e00</tid>
<bt>2051443366</bt>
<!-- Note:br t="m":2051443365/3366-->
<dd>19890300/E</dd>
<dt>REPT, REPORT, OTHER</dt>
<dt>MANU, MANUAL, HANDBOOK, CATALOGUE</dt>
<!-- Note:pa1:2051443365/2051443366&lt;/pa1-->
<fn>2051443307/2051443634/MISSING</fn>
<!-- Note:si:R787-->
<!-- Note:s:WATKINS,MIKE/OFFICE-->
<ti>FORMAT FOR DELTA I METHODS</ti>
<pg>1</pg>
<!-- Note:rn t="m":STMN/R5-002-->
<!-- Note:lu:STMN/PRODUCED-->
<!-- Note:dl:19980605-->
<dl>20020201</dl>
<ot>r
Format for Delta I Methods
I. Introduction: Give a brief description of what is being measured
and how the measurement is made. Also include sample types,
units of measure, method precision, and any limitations that
might exist.
II. Apparatus and Reagents: List instruments, equipment, sample
preparation needs, reagents, etc. Include the part or model
number (if available) and the recommended supplier and
supplier's address (city, state).
III. Operating Conditions: List operating conditions for the
instruments and associated equipment. Include only special
instrument calibration steps that are required. Refer to
manuals for general operating instructions.
IV. Standardization: List the steps required for standardization.
Include information about the standards (i.e., concentration,
purity, type).
V. Sample Analysis: List steps required for sample preparation and
analysis.
VI. Calculations: List the formulas for any calculations that are
required.
VII. References: List any outside references that might be helpful.
Do not include instrument manuals.
-2 -
t
pgNbr=1
</ot>
</LTDLWOCR>
