<?xml version="1.0" encoding="ISO-8859-1"?>
<LTDLWOCR>
<tid>aar24e00</tid>
<bt>2024946350/6352</bt>
<!-- Note:br t="m":2024946346/6363-->
<dd>19850501</dd>
<dt>REPT, REPORT, OTHER</dt>
<!-- Note:co:FLFR, FRENCH LANGUAGE-->
<fn>2024946275/2024946589/PM INC. -- LEG. &amp; REGULATORY MATTERS -- FOREIGN -- CANADA -- ADDITIVES (840000); </fn>
<!-- Note:si:N28-->
<!-- Note:s:LEGAL DEPT/CARLSTADT-->
<ti>DECLARATION CONCERNANT UNE LISTE CONTENANT TOUS LES ADDITIFS DISPONIBLES POUR USAGE DANS LES CIGARETTES ET LES TABACS COUPE FINE FABRIQUES AU CANADA</ti>
<pg>3</pg>
<!-- Note:rn t="m":STMN/R1-082-->
<!-- Note:lu:STMN/PRODUCED-->
<!-- Note:dl:19980605-->
<dl>20020201</dl>
<ot>Le ler mai 1985
DiCLARATION CONCERNANT UNE LISTE CONTENANT TOUS LES ADDITTFS
DISPONIBLES POUR USAGE DANS LES CIGARETTES ET LES
TABACS COUPE FINE PABRIQV S AU CANADA
Lea fabricants canadiens de 99% des produits de
cigarettes consomm4s au Canada ont compilfi une Liste qui contient
tous lea additifs disponibles pour usage dans les cigarettes et les
tabacs coupe fine fabriqubs au Canada. Ces fabricants, Benson &amp;
Hedges (Canada) Inc., Imperial Tobacco Limit6e, RJR-Macdonald Inc.
et La Compagnie Rothmans de Pall Mall Canada Limitfie, n'utilisent
pas d'autres additifs dans la fabrication des cigarettes et des
tabaca coupe fine, que ceux qui sont sur la Liste.
La Liste afit6 fournie au Ministre de la Sant6 et du
Bien-etre social par les quatre fabricants avec 1'autorisation de
la remettre aux citoyens qui d6sirent la consulter.
Tous lea fabricanta canadiens de cigarettes utilisent
certains additifs dans la fabrication de leurs produits. Ces
additifs sont commun6ment classifibs comme pr6servatifs, humectants
et saveurs et sont utilis6s dans la formulation et le traitement
des produits du tabac. Le menthol en eat un exemple. De fagon
g6nbrale, lea cigarettes fabriqufies au Canada et qui sont les plus
fum6es (958) sont faites de tabac jaune de Virginie seulement et ne
contiennent que peu d'additifs.
En diff6rentes occasions, au cours des sept derniAres
ann6es, lea fabricants de produits du tabac ont individuellement
fourni sur demande A la Direction de la protection de la santb du
Miniat4re de la Sant4 et du Bien-fitre social lea renseignements sur
lea additifs aur demande. Ces renseignements ont toujours 6tb
consid6r6s comme fitant la propri6ti et lea secrets commerciauz de
chaque compagnie. De plus, de telles informations et lea
formulations s'y rapportant, sont consid4r6es comme des
informationa d'ordre concurrentiel et avaient 6tb fournies sur une
base strictement confidentielle. En fournissant A la Direction de
la protection de la santfi la Liate ci-jointe des additifs
disponibles a 1'usage de 1'industrie, lea secrets commerciaux et la
position concurrentielle de chaque fabricant, en ce qui a trait A
chaque marque de cigarette et de tabac coupe fine, sont prot6g6e.
2024946350
pgNbr=1
a
2
En compilant la Liste, le personnel scientifique et
de recherche de chacun des quatre fabricants s'est aaaurb que lea
additifs 4taient approuv4s pour usage au Royaume-Uni sous
1'autoritb des directives du Comit6 acientifique ind&amp;pendant sur le
tabac et la sant4 (Independent Scientific Committee on Smoking and
Health) qui conseille le Minist&amp;re de la Sant6 et de la S6curit4
sociale ('.Department of Health and Social Security) du Royaume-Uni,
(le "Hunter Committee"), ou en Allemagne de 1'Ouest sous 1'autorit4
de la Loi sur la nutrition et lea produits de consommation de la
Opublique F6d4rale Allemande. Chaque fabricant e aussi accept6 de
ne pas utiliser d'additifs dont 1'usage eat prohib4 dana lea
cigarettes et lea tabacs coupe fine en Allemagne de l'Ouest. Ils
ont de plus accept6 que toute addition A la Liate devra respecter
lea normes du Royaume-Uni et de 1'Allemagne de 1'Ouest.
Le "Hunter Committee" eat un comit6 ayant une forte
repr6sentation m6dicale et scientifique, nomm4 par le Gouvernement
du Royaume-Uni pour btudier et faire rapport sur un grand nombre
d'aspects de la question tabac et sant&amp;. Dana son deuxi&amp;me rapport
de d4cembre 1978, il traite tr6s largement des additifs du tabac et
publie une liste approuv6e, bas4e sur lea informations
scientifiques disponibles de 1'usage A long terme sans dangerpour
la sant6. Le "Hunter Committee" a aussi 4tabli des directives pour
1'analyse et 1'ajout d'additifs A la liste, et, suba6quemment un
nombre d'ajouts ont bt4 faits. L'Allemagne de 1'Oueat a aussi
d4velopp4 des directives pour 1'approbation des additifs. Ces
directives ont donn&amp; lieu &amp; 1'approbation d'un certain nombre
d'additifs de saveur qui n'ont pas fitb conaid6r4s par le "Hunter
Committee". Les directives du Royaume-Uni et de l'Allemagne de
l'Ouest, sont consid6r4es comme rbflbtant lea connaissances lea
plus avanc6es sur le sujet dans le monde occidental.
I1 eat I noter que lea Etats-Unis ont rbcemment
promulgu4 le "Comprehensive Smoking Education Act.' Cette loi
pr6voit, entre autres, le d4p8t annuel aupr4s de la Secr4taire 3 la
Santb et aux Services humaina (Secretary of Health and Human
Services) d'une liste de tous lea ingr6dients ajout4s au tabac dana
la fabrication des cigarettes. Cette loi doit entrer en vigueur le
13 octobre 1986. Toutea lea informations peuvent etre fournies par
1'interm6diaire d'une tierce personne et sont expressfiment
d6signbes comme fitant des secrsts commerciaux ou des informations
confidentielles en vertu de la Loi d'acc4s A 1'information (Freedom
of Information Act). Cette loi pr4voit que lea informations ne
seront r4v6l6ea A personne sauf au Congr4s am&amp;ricain (Congress) ou
d l'un de sea sous-comit4s et cela sur une base confidentielle.
pgNbr=2
3
Chaque fabricant canadien a l'intention de fournir ~
la Direction de la protection de la sant6 un certificat annuel
attestant que tous lea additifs utilisEe par ce fabricant durant
1'annLe pr6ctdente se trouvent sur la Liste.
Les quatre fabricants ont de plus acceptfi de
coop6rer, comme ils 1'ont fait dans le.pass6, avec tous lea
m6decins canadiena, dont lea patients souffrent d'allergies que
1'on pr6tend "etre imputables au fait de'fumer des cigarettes
canadiennes ou des tabacs coupe fine contenant un ou plusieurs des
additifs sur la Liste. Cependant, il est reconnu que, dans la
plupart des cas, ceci donnera lieu A une recommendation aux
patients affect6s de cesser de fumer et, qu'en aucun cas, lea
informationa faisant l'objet d'un droit de propri6tfi ou constituant
des secrets commerciaux d'un fabricant ne seront rbvfil6es.
pgNbr=3
</ot>
</LTDLWOCR>
