<?xml version="1.0" encoding="ISO-8859-1"?>
<LTDLWOCR>
<!-- forcebtag -->
<tid>aal85a00</tid>
<bt>531291919</bt>
<bx>NA</bx>
<dd>20000110</dd>
<dt>EMAIL; REPORT</dt>
<!-- Note:co:N-->
<np>ASSOC PACKAGING; EASTMAN; AMERICAN FILTRONA; CELANESE; MIQUEL Y COSTAS &amp; MIQUEL SA; NORTH ST; RJR; SHOREWOOD; SLATE NCL; SMURFIT; SOUTHERN</np>
<!-- Note:br t="o":RJR 1539026976; 70049 4400-->
<!-- Note:dl:20050216-->
<pg>1</pg>
<!-- Note:sh:NA-->
<!-- Note:s:USDOJ; PRODUCTION 20-5; CD 24; 20020417-->
<ti>DECEMBER, 1999 (19991200) OCCURRENCES BY QUALITY ALERT TYPE.</ti>
<dl>20050225</dl>
<ot>DECEMBER, 1999 OCCURRENCES BY QUALITY ALERT TYPE
SUPPIJF.R
ASSOC PACKAGING
EASTMAN
FILTRONA
HOECHST
MIQUEL
NORTH STATE
RJRP
RJRP
RJRP
RJRP
SHOREW OOD-L
SLATE/NCL
SMURFIT
SMURFIT
SOUTHERN
ITEM TYPL
PALLET STRETCH WRAP
FILTER TOW
PURCHASED FILTER
POLY WRAP
CIGARETTE PAPER
CRUSHPROOF BOX
CARTONS
CRUSHPROOFBOX
TIPPING - NON-PERF
WRAPPING LABEL
SUPPLIER TOTAL:
CRUSIIPROOF BOX
PACKINSERT
CASE DOMESTIC
CASE EXPORT
SUPPLIER TOTAL:
CASE DOMESTIC
SUPPLIER TOTAL:
RF.PORT TOTALS:
Prinled 10-Jan-00
QUALITY ALRRTTYPE:
RE:JN:CTS
INFORM. IN-HOUSE RETURN RECALI.
1
2
6
3
9
9
9
33
I
2
2
5
9
1
1
4
RJR0000001539026976
7DD49 4400

pgNbr=1
</ot>
</LTDLWOCR>
