<?xml version="1.0" encoding="ISO-8859-1"?>
<LTDLWOCR>
<tid>aah81f00</tid>
<bt>2028633525/3526</bt>
<!-- Note:br t="m":2028633450/3612-->
<dd>19920406/Q</dd>
<dt>REPT, REPORT, OTHER</dt>
<dt>BIBL, BIBLIOGRAPHY</dt>
<au>BARBOU,B</au>
<no>BERGEN OP ZOOM; FTR, FABRIQUES DE TABAC REUNIES S.A.</no>
<!-- Note:co:CONF, CONFIDENTIAL; EXTR, EXTRA-->
<!-- Note:si:E1-->
<!-- Note:s:LIBRARY-NEUCHATEL/REPORTS-->
<ti>WHISTLER 920100 - 920300</ti>
<pg>2</pg>
<!-- Note:rn t="m":STMN/R2-038-->
<!-- Note:lu:STMN/PRODUCED-->
<!-- Note:dl:19990523-->
<!-- Note:b:MARLBORO-->
<dl>20020201</dl>
<ot>RESEARCH AND DEVELOPMENT', NEUCHATEL - QUARTERLY REPORT'
DIVISIO'N' . PROCESS DEVELOPMENT
SUBJECT TITLE' . WHISTLER
PERIOD COVERED : JANUARY - MARCH 1992.
WRITTEN BY . Barbou-B. (BBA)'
KEYWORDS . whistler, primary, process, pm, european,,
affiliate, equipment
OBJECTIVES
Collect and update information on Primary equipment and process
unit operations of PM European affiliates producing Marlboro
blends.
Develop a standardized! format within Process Development for
equipment andiprocess'data in order to have albaseline from which
comparisons can be madle and operational differences identified.
STATUS
The "PRIMARY INFORMATION" reports containing information on
equipment and process d'ataof the PM' European Primaries are att
thie:following various stag~es of completion :
- Bergen-op-Zoom:(1) : first u'pdate d!istributed
- Bierlim (2) . first update distr'ibuted'
- Munich (3) . original version distributed
- FTR (4) . original version distributed
- Comparison . draft version in preparation,
Information was collected in Munich and Bergen-op-Zoom.
PLANS
Outline the major differences between the four affiliate
primary operations (comparison), therefore establishing the
original version soon.after the BOZ'2nd update.
Establish a similar dbcunnentation for the Miniprimary..
pgNbr=1
RESEARCH AND DEVELOPMENT, NE[ICHATEL - Q'UARTERLY REPORT
Continue to update the individual reports oni &amp; yearly basis,
or after completion of major changes in one of the Primaries.
An update for Bergen-op-Zoom andl Munich, and also the
collection of information in,FTR are scheduled for Q2-Q3/92.
REFERENCES
(1)	Pulfer-P.,	Primary Information BOZ, November 1991�
(2)	Barbou-B.,	Primary Information Berlin, March 1992
(3)	Pulfer-P.,	Primary Information Munich, June 1990
(4)	Pulfer-P.,	Primary Information F.T.R., April 1991
BBA/ang/April 6, 1992
whis192 . qir.
pgNbr=2
</ot>
</LTDLWOCR>
