<?xml version="1.0" encoding="ISO-8859-1"?>
<LTDLWOCR>
<tid>aav34c00</tid>
<bt>83543679/3681</bt>
<dd>19980617/P</dd>
<dt>COMP, COMPUTER PRINTOUT</dt>
<dt>NEWS, NEWSPAPER ARTICLE</dt>
<au>LIPMAN,L</au>
<np>BUTTERWORTH,R; CHILES,L; GRAHAM,R; MACK,C; MCCAIN,J; SALEM,C; TUCKER,K</np>
<ca>PALM BEACH NEWSPAPER; PALM BEACH POST</ca>
<no>COMMERCE COMM; FINANCE COMM; FL; MN; MS; SENATE; TX; WA</no>
<fn>83543235/83543699/FLORIDA AFFIDAVIT OF RICHARD A. DAYNARD FEE APPLICATION ON BEHALF OF CASTANO PLAINTIFFS LEGAL COMM. SUBMITTED BY ROBERT L. REDFERN</fn>
<!-- Note:si:N14-->
<!-- Note:s:LEGAL DEPT. FILE ROOM/LATERAL FILE-->
<ti>TOBACCO BILL COULD COST STATE $ 4 BILLION, CHILES WARNS</ti>
<pg>3</pg>
<!-- Note:rn t="m":R1-027-->
<!-- Note:lu:FEDA/PRODUCED-->
<!-- Note:dl:20020107-->
<dl>20030115</dl>
<ot>PAGE 5
The Palm Beach Post, June 17, 1998
When the senate began takinq up the tobacco bill last month, it was expected
. to raise $ 65 billion for anti-smoking efforts during its first five years.
ates would have received 40 percent of that, or $ 27 billion.
Provisions cut into settleitlent
A maYriage tax amendment shifted $ 16 billion to provide tax relief to
couples with incomes below $ 50,000. Another amendtdent shifted $ 3 billion to
veteran health programs.
Those provisions reduced the amount available to all states from S 27 billion
to 6 18 billion during the first five years.
Further reducing Florida's share are formulas that would trim the state's
portion of a national settlement from 5.5 percent to as low as 4.7 percent.
The effect of all those provisions - when calculated over 25 years - could
slash the state's $ 11 billion settlement by $ 4 billion, state officials cla.im.
That computation did not include another amendment that would double
expenditures for drug interdiction activities.
Charlie Salem, director of the Florida Washington Office, said it Wes unclear
whether money for the drug amendment would come from the tobacco lbil,l or general
federal revenues. If the money came from the tobacco bill, that would trim
Plor.ida's share even further.
,
Hoth senators working hard
Graham and Mack had tried to protect Florida from losing any money under a
national bill. When the Senate Finance Committee took up the tobacco bi11
earlier this year, it inserted an amendment that said states which have already
reached a settlementt would be guaranteed at least their settlement amount.
But that provision was dropped last ID.onth when the full 5enate began
on5idering the tobacco bill as it was crafted by Sen. John Mceadn, chairman of
the CommeXce Committee.
Mack has filed an amendment - which Grabam supports - to ceinstate the
guarantee that settled states will receive their full settlement amount.
Graham also is working on another amendment to adjust the distribution
formula so Florida and other settled states receive their Lull payments.
The prospects of either the Mack or the Graham amendment coming to a vote
dimmed Tuesday. Republiaan and Democratic leaders suggested that they would be
willing to drop dozens of pending amendments on either side if they could r2ach
an agreement to bring the bill to a final vote soon.
Mack and Graham both expressed concern about how the senate bill would shift
money away from the emphasis on teen smoking, medioal research and support for
the states.
Senate only half the battle

pgNbr=1
7TR STORY of LeVel 1 printed in FULL format.
Copyright 1998 Pa11n Beach Newspaper, Inc.
The Ealm 8each Post
June 17, 1998, Wednesday, FINP,L 6DITION
StCTION: A SEGTION, Pg. LA
LENGTHc 1001 words HEAALYNE: TOERCCP BILL COULD COST SPATS $ 9 BILLION, CIIILES Sq7i,RNB
BTLINB: Larry Lipiaan, Palui Beacls Post Staff Writer
DATELINE: WASBINGTON
PAGE 4
BODY:
Florida could lose $ 4 billion of its $ 11 billion settlement with cigarette
mttkers i� a bill being considered by the Senate becomes law, Gov. Lawton
Chiles warned Tuesday.
The Senate's $ 516 billion, 25-year tobacco bill originally envisioned that
states would receive about $ 200 billion, roughly the same share thoy would have
received under the $ 36B.5 billion agreement the tobacco industry reached with
state attorneys general a year ago this Saturday.
But a series of amendments in the past-three kWeeRS - including a tax break
for married couples, extra money for veterans health care and internsi'fied
narcotics interdiction - has reduced the amount of money that would be available
for anti-smoki.zig efforts and to the states.
Florida's settlement, reached in August, stipulated that it could be
superseded by a national settlement �'substantially equivalent " to the
agreement reached by the attorneys general.
When that agreement was reached, Florida Attorney General Bob Butterworth
redicted Florida would receive at least as much under a national bill as under
the state's case. But Chiles wacned Tuesday that the Senate bill could slash
Florida's payments by 35 percent.
`-We fought our battle with Big Tobacco te ensure our kids were protected
from a life of addiction. We pledged to use the money to improve health care for
our children, " Ghiles said .in a letter to Florida Sens. Bob Gxaham, a Democrat,
end Connie Mack, a Republican.
"Nle have made tremendous strides in achieving both of these goals.
Unfortunately the legislation the Senate is considering ... threatens these
important initiatives," chiles said.
Rim Tucker, deputy general counsel in ButterwoFth's office, said last year's
agreement was supposed to settle the 40 state cases pending against the
tobacco industry. so far, Eour states have settlede Florida, Texas, Mississilapi
and Minnesota.
" They (senators) have lost sight of the goal of why we're doing it, "'kuckex
said.

pgNbr=2
</ot>
</LTDLWOCR>
