<?xml version="1.0" encoding="ISO-8859-1"?>
<LTDLWOCR>
<tid>aae82c00</tid>
<bt>2078785295B</bt>
<!-- Note:br t="m":2078785295/5299-->
<dd>19990211</dd>
<dt>EMAI, E-MAIL</dt>
<au>MAHER,RE</au>
<rc>DARAGAN,KM; EISEN,K; SANSONE,JM</rc>
<pc>LEVY,CJ; SCHURMANN,JD; WILLIAMS,RF</pc>
<np>LEVY,CJ; SCHURMANN,J</np>
<!-- Note:si:N344-->
<!-- Note:s:DARAGAN,KAREN/COMPUTER FILES-->
<ti>Y2K BUSINESS PARTNERS - YSP PROGRAM</ti>
<pg>1</pg>
<!-- Note:lu:FEDA/PRODUCED-->
<!-- Note:dl:20021212-->
<dl>20030115</dl>
<ot>-Original Message---	
N
From:	Robert E
(Bob)
Maher	
Sent:	.
,
February 11
1999 2:56 PM
Thursday	O
To:	,
,
Daragan, Karen M.; Sansone, Jodi M.; Eisen, Karen	J
CD
Cc:	Schurmann, Josette D.; Williams, Bob F.; Levy, Carolyn J.	J
Subject:	Y2K Business Partners - YSP Program	W

folks
Good afternoon	~
N
,
.
I am enclosing two documents for your review. One is the preliminary business partner inventory list, the other is a very	~
~
brief overview of the Business Partner Program and an outline of the first two phases.	td
BP Program - YSP_9PUSt.xls
Condensed.doc
Please take a few minutes to read through the program document with regard to assigning a Criticality Rating to each of
the business partners listed on the inventory. This rating dictates the amount and type of assessment that will need to be
performed. Once we have assigned a rating to each partner on the inventory, there is a"sign-off' sheet that must be
signed by Carolyn. I would like to have the criticality ratings assigned next week so that I can get our database updated as
well as have a signed copy of the inventory on file with the Y2K Project Management Office.
I'll be glad to assist you in any way possible to accomplish this deliverable. Please do not hesitate to contact me with
questions or concerns. Josette Schurmann (the BP Coordinator for Marketing) has also offered her assistance to answer
questions and provide guidance. She is located at 100 Park-4th floor.
Bob Maher
LS. Finance/HR
Phone 274-2574
Page 1-888-702-2591
1

pgNbr=1
</ot>
</LTDLWOCR>
