<?xml version="1.0" encoding="ISO-8859-1"?>
<LTDLWOCR>
<tid>aac67c00</tid>
<bt>2073453929</bt>
<dd>19940131</dd>
<dt>MEMO, MEMORANDUM</dt>
<dt>BUDG, BUDGET, BUDGET REVIEW</dt>
<au>MIKULAY,RL</au>
<rc>CAMPBELL,W</rc>
<pc>BERAN,D; MAHAN,M; MORGAN,J; SCHUYLER,B; STEELE,H; SZYMANCZYK,M; WEXLER,L</pc>
<ca>PMUSA, PHILIP MORRIS USA</ca>
<cr>PMUSA, PHILIP MORRIS USA</cr>
<no>AWMA; FVB; GPA; MCLANE; PM; SR TEAM</no>
<!-- Note:si:N124-->
<!-- Note:s:MARKET RESEARCH/CARLSTADT-->
<ti>LOW END ALLOWANCE REDUCTION</ti>
<pg>1</pg>
<!-- Note:lu:FEDA/PRODUCED-->
<!-- Note:dl:20030606-->
<!-- Note:b:BASIC; CAMBRIDGE; DEEP DISCOUNT; DORAL; MARLBORO; PRIVATE LABEL-->
<dl>20030815</dl>
<ot>-~ t `t'
PHILIP MORRIS USA ` INTER-OFFICE CORRESPONDENCE
120 PARK AVENUE, NEW YORK, NY 10017-5592
TO: William Campbell DATE: January 31, 1994
FROM: Bob Mikulay
SUBJECT: Low End Allowance Reduction
Recommendation
The timing and magnitude of an allowance reduction on Basic and Private Labels was
discussed with your Sr. team. We all concur that we should elirninate the remaining
$1.50/1000 rebate on Basic and reduce the off-invoice allowance on Private labels by
$1.50/100t1. The announcement of both changes would be made via separate mailgrams on
2/7/94 with an effective date of 3/17/94.
Rationale
1)
2)	Allows the shifting of funds, as planned, to the new Wholesale Masters program.
Addresses the existing pnce gap between Premium and the low-end by reducing O/I
allowances on Private Label
Marlboro	x 1.92
Cambridgc / Doral	1.53
Basic	1.51
Ikep Discount	1.36
3) Consistent with our goal of increasing PM's involvement in Discount Brands while
reducing our dependency on Private Label volume.
4) February 7, is four days prior to the presentation of Wholesale Masters to the trade at
AWMA. The 3/17 effective date allows an orderly transition for the trade as well as a
two week pay-back period before quarter end of any excess volume between 2/7 and
3/17. (Note appropriate allocations on Basic and FVB will be determined prior to the
announcement. )
Risks
1) Competitive allowances remain unchanged requiring incremental targetted retail
programs to defend Basic.
2) The new P/L contracts with McLane and GPA have not yet been signed. We will push
to finalize prior to 2/10.
RLM:DH
cc: D. Beran
M. Mahan
J. Morgan
B. Schuyler
H. Stecle
M. Szymancryk
L. Wexler
pgNbr=1
</ot>
</LTDLWOCR>
