<?xml version="1.0" encoding="ISO-8859-1"?>
<LTDLWOCR>
<!-- forcebtag -->
<tid>aah24f00</tid>
<ti>RALEIGH 800000 CALENDARS</ti>
<dt>MEMO, MEMO</dt>
<dt>CORRESPONDENCE</dt>
<dd>19791204</dd>
<au>CORTWRIGHT,ML</au>
<rc>STOVER,TJ;STOVER,TJ/X</rc>
<pc>GRIFFITH,JS;STCLAIR,ML;VEATCH,RA</pc>
<!-- Note:b:RALEIGH-->
<!-- Note:co:MARG, MARGINALIA-->
<!-- Note:ci:10004026-->
<!-- Note:rn t="m":J106-->
<pg>1</pg>
<!-- Note:ag:174020-->
<!-- Note:dl:19981123-->
<bt>558004393</bt>
<dl>20020201</dl>
<ot>Memorandum .
. J.
To: JT
Stover
. cc: . ~ J. S. Griffith ~
R. A. Veatch ~ '
~ ~ M. L. St. Clair
From: . M. L. Cortwright
Date: December 4, 1979
Subject: RALEIGH 1980 Calendars
Per our conversation of December 4, it is our understanding that field
distribution of RALEIGH 1980 Calendars will be handled as follows:
AvailableRALEIGHCalcndars
1) Shipped to Field Personnel including
Military ASAP (apprnx. l, 252 persons
@ 100 calendars each) to be used as .
free giveaway items (riot tapc-ons) to
friends, trade, retail, etc +(,y.sw- ~
2) Shipped to Military Field Sales ASAP
to be used as tape-ons (2, 000 each)
3) Remaining calendars will be issued in
conjunction with the Battle Kit and will
be available through requisition only.
_
Please call if there are any questions.
M. L. C.
/la
333,000	~'
125,200	
40,000	"
167,800	V
pgNbr=1
</ot>
</LTDLWOCR>
