<?xml version="1.0" encoding="ISO-8859-1"?>
<LTDLWOCR>
<!-- forcebtag -->
<tid>aax62f00</tid>
<bt>TIMN0278220/8221</bt>
<au>TOOHEY WD # TOBACCO INSTITUTE</au>
<dd>19820510</dd>
<dt>PRESS RELEASE</dt>
<!-- Note:rn t="m":MN1-35-->
<bx>97</bx>
<!-- Note:dp:11/27/96-->
<pg>2</pg>
<!-- Note:s:CB694, TI STORAGE BOX 780-->
<!-- Note:d:PROPOSED CHANGE OF THE CURRENT HEALTH WARNING ON CIGARETTE PACKAGES AND ADVERTISING-->
<!-- Note:cn:Minnesota AG-->
<!-- Note:dl:19980605-->
<dl>20020201</dl>
<ot>THE TOBACCO INSTITUTE 1875 I STREET, N.W. WASHINGTON, D.C. 20006
CONTACT: WILLIAM D. TOOHEY, JR.
800/424-9876 X856
202/457-4856
--------------------------------------------------------------------
FOR RELEASE, 7:00 A.M., MONDAY, MAY 10, 1982
Washington, D.C., May 10 -- A 1981 Federal Trade Commission
staff report on cigarette advertising misused data from consumer
attitude studies in an attempt to "minimize the extent of public
awareness" of smoking and health issues, a marketing expert says in
testimony prepared for a Senate committee today. The highly publi-
cized,FTC report, which concluded that Americans are "insufficiently
aware" of possible risks from smoking, has resulted in proposed
legislation to change the current health warning on cigarette packages
and advertising.
In his statement to the Senate Commerce Committee, which is
considering the bill, Dr. Yoram. Wind said the studies and surveys
cited in the FTC staff report in actuality demonstrated an "extra-
ordinarily high" level of consumer awareness of smoking and health.
issues. He said this level is "much higher than one would expect
to result from normal advertising and marketing methods."
Dr. Wind is a professor of marketing at the University of
Pennsylvania's Wharton Schoo-l and the former editor of both the
Journal''of Marketing and the Journal of Consunier Research.
-more-
TIMN 278220
pgNbr=1
3
TOBACCO 2222
"The efforts of the FTC staff to minimize the extent of
public awareness on these issues are based on misinterpretations
and misuse of the studies cited in the report and a fundamental
confusion between awareness and belief," Wind said.
"To the extent that the labeling and advertising proposals
contained in the proposed legislation are based on the recommendations
and conclusions of the FTC staff report, those proposals are without
factual or theoretical support and are unlikely to achieve the
bill's objective," Wind said.
###
TIMN 278221
pgNbr=2
</ot>
</LTDLWOCR>
