<?xml version="1.0" encoding="ISO-8859-1"?>
<LTDLWOCR>
<tid>aay64e00</tid>
<bt>1000051223/1225</bt>
<!-- Note:br t="m":1000051215/1225-->
<dd>19750709</dd>
<dt>TRIP, TRIP REPORT</dt>
<dt>OUTL, OUTLINE</dt>
<au>OSDENE,TS</au>
<np>BRABETS; GRAY,A</np>
<no>IITRI; NCI, NATL CANCER INST</no>
<fn>1000051135/1000051545/TWG NCI NIH 1975 1974</fn>
<!-- Note:si:R2-->
<!-- Note:s:OSDENE,THOMAS/ANTEROOM-->
<ti>SITE VISIT - IITRI</ti>
<pg>3</pg>
<!-- Note:rn t="m":STMN/R1-147-->
<!-- Note:lu:STMN/PRODUCED-->
<!-- Note:dl:19980605-->
<dl>20020201</dl>
<ot>IS TE VISIT - IITRI - July 9, 1975
The site visit team met with the potential project members..
Dr. A. Gray gave introductory remarks and reviewed the proposal in
some detail. He also related their experience regarding the'
reviewed the tTtoxic facility" and we then spent a good amount of
synthesis of the highly toxic dioxin derivatives.. Mr. Brabets
time seeing the actual facility. The meeting concluded with a
general discussion, comments, and recommendations follow:

1.
2.
SAFETY

(a) The "toxic facility" is fully operational and.is very well
adequate and it was stated that 3-liter flask could be
operated in the glove box.
(f) Spacesuits were in close proximity of the toxic facility
air filters was demonstrated.
(e) The space for the synthetic phase of the project is
people present.
(d) A most adequate system for the disposal of contaminated
(c) A very sound awareness of "safety" was demonstrated by all
(b) Four glove boxes are available for volatile carcinogens,
.and.additional ones could be made available if, required.
~
thought out.
thus enabling rapid rescue and decontamination operations
to be undertaken. ~
O
Overall, the facility was extremely good. ~
N
N
N
PROPOSED METHODOLOGY W
(1)
Appears to be adequate although a more careful literature
search would be in order.
...
_:
pgNbr=1
(2) Closer communication between project director and lab
personnel is recommended.
SYNTHETIC CAPABILITIES
A specific staff member has been assigned to the project.
private discussions with him, I was impressed by his background
and experience with highly toxic chemicals. He appears to have
high awareness of working in glove boxes and the techniques
required.
4. ANALYTICAL CAPABILITIES
Instrumentation appears to be adequate.
I got the impression that a more highly qualified analytical
che?nist would strengthen the analytical capabilities of
the project.
5. GENERAL COMENTS
competence of the contractor, one or two preps be awarded
in the first instance.
6. RECObiNfENDATIONS
(1)
The "Toxic Lab" is 'operable at the present time.
Excellent safety awareness by the IITRI staff.
Convenient lab due to the proximity of the "carcinogen"
repository, enabling one to cut out one transportation
stage at this time.
Assuming that time is of the essence in the preparation
of the carcinogens, I would recommend that the contact be
awarded to IITRI.
(2) So as to satisfy the NCI project officer of the overall
N
N
�P
..
pgNbr=2
(3) That an experienced senior analytical chemist be`.added
_,:--to the staff.
..
r

N
CA
pgNbr=3
</ot>
</LTDLWOCR>
