<?xml version="1.0" encoding="ISO-8859-1"?>
<LTDLWOCR>
<tid>aav48e00</tid>
<bt>1000790664</bt>
<!-- Note:br t="o":CFNC8101713-->
<dd>19810306</dd>
<dt>MEMO, MEMORANDUM</dt>
<dt>CHAR, CHART/GRAPH</dt>
<au>GRIZZEL,RE</au>
<rc>LONGEST,WG</rc>
<pc>ANDERSON,WH; BUSS,MJ; EICHORN,PA</pc>
<no>THORPE &amp; RICKS</no>
<!-- Note:co:MARG, MARGINALIA-->
<!-- Note:si:R100-->
<!-- Note:s:CENTRAL FILES/DATABASE CORRESPONDENCE-->
<ti>CHEMICAL COMPOSITION OF DEALER STRIP TOBACCO SAMPLES, 800000 CROP BURLEY TOBACCO (LIFF)</ti>
<pg>1</pg>
<!-- Note:rn t="m":STMN/R3-012-->
<!-- Note:lu:STMN/PRODUCED-->
<!-- Note:dl:19980605-->
<dl>20020201</dl>
<ot>PHILIP MORRIS U. S. A.
INTER-0RFICE CORR'ESP0NDENICE
RICHMOND, VIRGINIA
idt
To: . Mr. W. G. Longest oate: March 6, 1981
'prom: . R. E. Grizzel C,81- G-1 71
~
SuEject: .
Chemical Composition of Dealer Strip Tobacco Sampdes, 19 80 Crop.
BURLEY TOBACCO ( L1FF )
Thorpe &amp; Ri cks, Inc.
Rocky Mount, NC
Total
LBS.	
Belt	
Grade	% Total
Alka'loids	% Total
Nitrogen	%
TVB	%
PEE	%'
Soll. NHi,	%
Ash
82,56]	Burley	TB57	3.66	4.4	0.9	6.1	0.40	1!6.2
100,403	Burley	TB57	3'.65	4.5	1.0	5.5	0.47	1'6.6
36,522	Burley	TB34	3.90	4.1	01.9	5.7	0.33	17.7
85,078	Burley	TiB34	3.99	4.3'	0.9	6.0	0.38	17.3
46,814	Burley	TB34	4.02	4.0	0.9	6.0	. 0.36	17.2
79,100	Burley	TB34	4.15	4.2	1.0	6.3	0.39	17.2
27,240	Burley	TB3X	3.09	3.7	0.7	5.9'	0.22	19.4
40,007	Burley	TB3X	3.26	3'.9	0.7	5.9	0.24	19.41
50,145	Burley	TB5X	2.81	3'.8	0.7	5.9	0.25'	19.2'
62'�100	Burley	TB34	4.12	4.2	0.9'	6.0	0.35	16.8'
Results reported on,12o moisture basis.
REG/bpp
cc: Dr. P. A. Eichorn
Mr. M. J. Buss
Analytical Rpsearcfi File
Mr. W. H. Anderson
%
Nitrate
Nitrogen
01.42
01.48
0.47
0.47
0.40.
0.47
0.56.
0.58
0.50
0.42
pgNbr=1
</ot>
</LTDLWOCR>
