<?xml version="1.0" encoding="ISO-8859-1"?>
<LTDLWOCR>
<!-- forcebtag -->
<tid>aai65f00</tid>
<ti>The American Tobacco Company - 1975, Tall 120 s, Magazines, Estimated Expenditures (Net)</ti>
<dt>Financial Document</dt>
<dt>Financial</dt>
<dd>19751014</dd>
<!-- Note:b:Tall-->
<!-- Note:ci:10004026-->
<!-- Note:rn t="m":19-->
<pg>1</pg>
<!-- Note:ag:60032570-->
<!-- Note:dl:19981123-->
<bt>990705996</bt>
<!-- Note:br t="a":ATX040004782/ATX040004782-->
<dl>20020201</dl>
<ot>October 14, 1975
			The American Tobacco Company - 1975
			. TALL 120's .	
			Magazines	
			Estimated Expenditures (Net)
Month		Space	Contingenc.y	Total
August		$1,000	--	$1,000
September		1,000	-- `	1,000
October		5,000	--	5,000
November		26,000	$1,000 -	27,000
December		20,000	1.000 '	21,9Q2
	Total	$53,000	2,000	55,000

pgNbr=1
</ot>
</LTDLWOCR>
