<?xml version="1.0" encoding="ISO-8859-1"?>
<LTDLWOCR>
<tid>aai66e00</tid>
<bt>2054491138</bt>
<dd>19910107</dd>
<dt>FORM, FORM</dt>
<dt>CHAR, CHART, GRAPH, TABLE, MAPS;  REPT, REPORT, OTHER</dt>
<au>BESIMER,D</au>
<!-- Note:pa1:2054491132/2054491145&lt;/pa1-->
<fn>2054491001/2054491300/RECORDS RETENTION</fn>
<!-- Note:si:C61-->
<!-- Note:s:DRYE,VERA/REC MGT-->
<ti>RECORDS INVENTORY FORM</ti>
<pg>1</pg>
<!-- Note:rn t="m":STMN/R1-023-->
<!-- Note:lu:STMN/PRODUCED-->
<!-- Note:dl:19980605-->
<dl>20020201</dl>
<ot>RECORDS INVENTORY FORM
~
,
I
i
d b
t
nven
or
y.
e
~ Location of Record(s): &amp;
Cost Cen r #:
_
Code
S
Cost Center N
4
" V
4&amp;
bwo,G~'~~

File Titles or File Group	'Media &amp;
Volume	Date or Date Range
(MM/DD/YY)
		
		
		
~		
		
		
		
		
		
		
		
		
		
		
		
		
Form Reviewed By:
(Records Coordinator)
Date:
' KEY TO MIDLA CQDES:
D = Diskette
M = Microfiche
PT = Paper
R = Microfiim Rotl
~
C
CJ~
~
~
CA
I-~+
%.%W
6- Go
pgNbr=1
</ot>
</LTDLWOCR>
