<?xml version="1.0" encoding="ISO-8859-1"?>
<LTDLWOCR>
<tid>aan68e00</tid>
<bt>2023086366/6367</bt>
<!-- Note:br t="m":2023086356/6396-->
<dd>19880000/E</dd>
<dt>ADVE, ADVERTISEMENT</dt>
<np>SURGEON GENERAL</np>
<!-- Note:si:N28-->
<!-- Note:s:LEGAL DEPT/CARLSTADT-->
<ti>WHAT'S N-EXT? NICOTINE-EXTRACTION IS N-EXT.</ti>
<pg>2</pg>
<!-- Note:rn t="m":STMN/R1-004; STMN/R1-061; STMN/R1-079-->
<!-- Note:lu:STMN/PRODUCED-->
<!-- Note:dl:19980605-->
<!-- Note:b:NEXT-->
<dl>20020201</dl>
<ot>WHAT'S
NEXT
-
4p~
rlV~
W
~"'Wthat's Next" (Ml-ext) 1 W
~
~.
pgNbr=1
NICOTIN
EXTRACTION
Is
N*E
-
hitoducftg
theFirstNicotine�Extracted, F1'avor RichCgarette.
Though you'd never;know from the
taste of it. \�EXT is Jetinitely missing
something.
\icocinc:
97%' uflit hai been removed bc i
nem+atl'naoural nicoune-excraction
process, The N-EXT Process.
Inspired by a decatteinauon
method that removes cafteine trom
cottee ne.ipplied che same mechtDdlto
cxtraLt the nicotine from ciKarettes:
And since we onlc cskruut the
nicotine. you lllcnio% the ~ame tull
tTiv-or,)t vour ~unrent brand.,
Ri~.h rlaaxmnathoutnicoolne:,
Thut i o+mcrhin_K no otherr
cigarettefias to otter.
AIl bcuuwe N-EXT is missing
the somethinsr the} %e gor.
N EXT. THE N-EXT BREAKTHROUGH IN SM(JKING.

SURGEON GENERAL'S WARNING: Cigatette
Smoke Contains Carbon Monoxide.
-~-~

pgNbr=2
</ot>
</LTDLWOCR>
