<?xml version="1.0" encoding="ISO-8859-1"?>
<LTDLWOCR>
<tid>aav98c00</tid>
<bt>89096279/6281</bt>
<dd>19740530</dd>
<dt>MEMO, MEMORANDUM</dt>
<dt>BRPL, BRAND PLAN; CHAR, CHART/GRAPH/MAPS</dt>
<au>TOTI,CW</au>
<rc>MUELLER,J</rc>
<pc>CUNNINGHAM; GIACOIO; HERRIN; MASTANDREA; MAU; MOLITO; RUFFALO; WELBORN</pc>
<np>L,PL; LUTNER; S,S; W,CB</np>
<ca>LOR, LORILLARD</ca>
<cr>LOR, LORILLARD</cr>
<!-- Note:co:ILLE, ILLEGIBLE; MARG, MARGINALIA-->
<fn>89096151/89096400/SALES SERVICE</fn>
<!-- Note:si:G136-->
<!-- Note:s:BRANCH ADMIN/BASEMENT GMP-->
<ti>NEWPORT SAMPLE 4 - PACK PROGRAM</ti>
<pg>3</pg>
<!-- Note:rn t="m":R1-056-->
<!-- Note:lu:FEDA/PRODUCED-->
<!-- Note:dl:20011218-->
<!-- Note:b:NEWPORT-->
<dl>20030115</dl>
<ot>89096281
~
,
4

pgNbr=1
N1ENIORANDUM
Mav 30, 1974
FROM:
Mr. JoLn Mueller
Charles W. 'Poti
SUBJECT: NliWPOP:P SNdPLE 4 - PACK PROGRTtid
This is to confirm our various discussions regarding the distribution of
NEWPORT 4 packages in a mass/group sampling program to commeace mid-June,
1974.
Areas to be sam,yled and agreed time periods are as follows:
4 of
Division 4 Packs
Pioek of June 17Lh (5 days)
Los Imgelos 27m
' y~
San 3ornadino 19&gt;7 ~ ~~,r
Glendale 27D1 - Y4
Long Beach 276i . ti
Total L.A. 100M
t9eek of July lst (3 days)
Providc:ce, R.L. 25:�;
Portland, Me. 5?;
Total Field nl 3oA1
N,awark, N.J. ' 1525
xicl:sville, N.Y. 15P1
'1'otal Pic1d 112 3UM
Camdun, N.J. 30M
W. Phila, Pa. 15M
# of
Cases	Total
Cigarettes	
54	l0Ai1	
38	76m	
54	108111	
54	108D;	
200	400M	
		2 D
50	100PI	
10	^&lt;0,1	
30	6oM	
30	60M	" jadh-p.
60	120M	
30	60M	
V
d

pgNbr=2
Mr. John Mucller -2- May 30, 1974
The above quantities are baced on best estimates of per man distribution
by area. Obviously, more sampling can be readily accomplished on the
Jersey Shore boardwalks than in t'.ie small shore townships up the coast.
The sampling location will be selected by the D.M., but it is envisioned
to occur in resort and beach areas - with the objective of reaching
large groups of young adult conswners 1.91ere thcy congregate and while
they're in a relaxed frame of mind. This would include restaurants,
canteens, hot-dog stands, bowling alleys, etc.
Where feasible, a sampling brochure (currently in use with our 20-pack
sampling program) would be distributed along with the 4-pack. Quantities of
these are available in the Division involved. ,
Fmy sample 4-packs remaining, after the major group effort, would be
distributed during the normal course of retail work in subsequent weeks.
To insure freshness, we have been advised that 30 days is the recommended
life of a 4-pack, therefore the West Coast product will be produced
during the week of June 4th, to arrive on tiiecoast June 13th and the
East Coast product will be produced during the week of June 17th, to
arrive in Divisions by June 27th.
Sf you have any questions or comments, please let me know. Legal.aspects
of this sampling program are being covered. '
C. W. T
aaT/am
cc: Messrs . Ounn in&lt;.)ilmn
[11 l C p i 0
IIUl:rlil
MA:;tandrea
M.lu I
Molito
Ruffalo /
welbor v/n
i
O

pgNbr=3
</ot>
</LTDLWOCR>
