<?xml version="1.0" encoding="ISO-8859-1"?>
<LTDLWOCR>
<tid>aau25a00</tid>
<bt>81887334</bt>
<dd>20020400/E</dd>
<dt>LETT, LETTER</dt>
<au>XX CHRISTINA</au>
<rc>XX RUTH</rc>
<np>CARTER,A</np>
<no>98 DEGREES</no>
<!-- Note:si:N172-->
<!-- Note:s:BRESSLER,JORDAN/ELECTRONIC E-MAIL-->
<pg>1</pg>
<!-- Note:lu:FEDA/PRODUCED-->
<!-- Note:dl:20040706-->
<dl>20040715</dl>
<ot>Ruth,
We have been asked (by the same people who saw 98 Degrees ala Lorillard at
the State Fair last year) if we knew how to get tickets for the upcoming Fair. This
girl follows Aaron Carter all over the country and knows that he will be performing
this year.
It's really no big deal, but I wanted to check with you to see if this may be a
sponsored concert and if you would have the inside track on how to get good
seats. If you have any info, please let me know.
Thanx,
Christina
81887334

pgNbr=1
</ot>
</LTDLWOCR>
