<?xml version="1.0" encoding="ISO-8859-1"?>
<LTDLWOCR>
<tid>aao91e00</tid>
<bt>00842190</bt>
<dd>19830824</dd>
<dt>MEMO, MEMORANDUM</dt>
<au>POOLE,AA</au>
<rc>STONE,CJ</rc>
<pc>BENNETT,MB; MARMOR,RS; MINNEMEYER,HJ</pc>
<fn>00842087/2195 /A 79</fn>
<!-- Note:si:G41-->
<!-- Note:s:LIFE SCIENCES LAB 20/LAB FILES-->
<ti>SOLUBILITY OF MATERIALS FOR ACUTE CARDIOVASCULAR AND RESPIRATORY STUDIES</ti>
<pg>1</pg>
<!-- Note:rn t="m":R1-004-->
<!-- Note:lu:STMN/PRODUCED-->
<!-- Note:dl:19980605-->
<dl>20020201</dl>
<ot>MEMORANDUM
Autust 24, 1983
TO: C. J. Stone
FROM: A. A. Poole
SUBJECT Solubility of Materials for Acute Cardiovascular and
Respiratory Studies
According to the SOP for Determination of Solubility of Materials
for Acute Cardiovascular and Respiratory Effects Study in Beagle
Dogs, the solubilities of the most recently tested materials are
provided as follows:
A. Insoluble according to this SOP:
A54, A58, B163, A79, A85, B165
B. Soluble according to this SOP:
A53, A47, A62, A66, A63, A16 (low-dose), A67, A68, A78, A110
A. A. Poole
/lp: 1
Xc:	
M.	
B.	
Bennett
	R.
H.	S.
J.	Marmor
Minnemeyer
pgNbr=1
</ot>
</LTDLWOCR>
