<?xml version="1.0" encoding="ISO-8859-1"?>
<LTDLWOCR>
<!-- forcebtag -->
<tid>aad82a00</tid>
<bt>528001750</bt>
<rc>CROSSLIN CS; LAY A; SINGLETON JW; SMITH JF; MOSKOWITZ SW</rc>
<au>HOWARD DP</au>
<bx>NA</bx>
<!-- Note:b:WINSTON-->
<dd>20000727</dd>
<dt>EMAIL; LETTER</dt>
<!-- Note:co:N-->
<!-- Note:br t="o":RJR 1137089411; 70014 3249-3250-->
<!-- Note:dl:20030716-->
<pg>1</pg>
<!-- Note:sh:NA-->
<!-- Note:s:USDOJ; PRODUCTION 9-11; CD; 20020115;-->
<ti>RESPONSE TO WINSTON RACING NATION MATTER.</ti>
<!-- Note:tp:MSA IMPACT; MSA COMPLIANCE; SPORTING AND ENTERTAINMENT-->
<dl>20030915</dl>
<ot>From: Howard, David P.
To: Crosslin, Carole S.; Lay, Ashley; Singleton, John W.; Smith, Jan Fulton; Moskowitz,
Seth W.
CC:
BCC:
Primary Date: 7/27/2000 10:05:10 AM
Last Modified Date: 2000-Jul-27 10:05:10
Last Touched Date:
Sent Date: 2000-Jul-27 10:05:10
Received Date: 2000-Jul-27 10:05:10
Subject: Response to Winston Racing Nation matter
Attachments:
Winston racing nation resnonce to Calif. AG.doc
Attached is the approved response to questions about Winston Racing Nation compliance
with the MSA.
David
RJR0000001 137089411
700143249

pgNbr=1
</ot>
</LTDLWOCR>
