<?xml version="1.0" encoding="ISO-8859-1"?>
<LTDLWOCR>
<tid>aax62a00</tid>
<bt>2070711252/1253</bt>
<dd>19791210</dd>
<dt>ADVE, ADVERTISEMENT</dt>
<dt>NEWS, NEWS ARTICLE</dt>
<np>SURGEON GENERAL</np>
<ca>WA POST</ca>
<no>BW, BROWN &amp; WILLIAMSON; FTC, FEDERAL TRADE COMMISSION; LYNCH TRANSCRIPTION SERVICE</no>
<!-- Note:co:MARG, MARGINALIA; SIZE, NON-STANDARD PAPER; VARI, ARCHIVE LOCATION VARIANCE SHEET-->
<fn>2070711247/2070711286/KOOL MILDS - 790000</fn>
<!-- Note:si:N618-->
<!-- Note:s:CAMISA,RICHARD/CARLSTADT-->
<ti>NEW KOOL MILDS 100'S.</ti>
<pg>2</pg>
<!-- Note:lu:FEDA/PRODUCED-->
<!-- Note:dl:20030819-->
<dl>20030915</dl>
<ot>IMAGE
NOT
AVAILABLE
ONLINE
The material referenced in the associated
index listing is available in the Minnesota
Tobacco Document Depository. Please
see this website's home page for additional
information regarding the Depository.
pgNbr=1
IMAGE
NOT
AVAILABLE
ONLINE
The material referenced in the associated
index listing is available in the Minnesota
Tobacco Document Depository. Please
see this website's home page for additional
information regarding the Depository.
pgNbr=2
</ot>
</LTDLWOCR>
