<?xml version="1.0" encoding="ISO-8859-1"?>
<LTDLWOCR>
<!-- forcebtag -->
<tid>aas01f00</tid>
<ti>File Note: Expert Panel Assessment of Kool KS CPT Samples/236.</ti>
<dt>Report</dt>
<dt>Report</dt>
<dd>19870421</dd>
<au>Walker-L;B&amp;W</au>
<pc>Cantrell-D;Kounnas-C;Riehl-T;Reynolds-M;Gravely-L;Pugh-C;Tharaldson-J;Scholten-D;Bandy-B;B&amp;W</pc>
<!-- Note:b:Kool KS-->
<!-- Note:ci:10004026-->
<!-- Note:rn t="m":A4 H83 -->
<pg>1</pg>
<!-- Note:ag:11569924-->
<fn>Kool KS Imprvmt  860000- 870000</fn>
<!-- Note:dl:19981123-->
<bt>621079866</bt>
<dl>20020201</dl>
<ot>BROWN &amp; WILLIAMSON TOBACCO CORPORATION
RESEARCH, DEVELOPMENT &amp; ENGINEERING
FILE NOTE
TITLE: EXPERT PANEL ASSESSMENT OF KOOL KS CPT SAMPLES/236
AUTHOR: L. A. Walker
DATE: April 21, 1987
CC: D. V. Cantrell, C. N. Kounnas, T. F. Riehl, M. L. Reynolds,
L. E. Gravely, C. B. Pugh, J. Tharaldson, D. L. Scholten,
B. A. Bandy
A problem with the taste of the K001. KS natural/synthe[ic menthol CPT
samples was found. Consequently, it was recomnended the CPT samples
not be fielded. Expert panel results show both test and control CPT
samples do not deliver the intended taste. Marketing and MRD have
agreed with this recoimnendation. As of this writing, tobacco has
arrived in the Development Center for a remake. Fabrication of the
test and control is scheduled for the week of April 20 in the
Development Center.
6:.'10i9Sf E;
pgNbr=1
</ot>
</LTDLWOCR>
