<?xml version="1.0" encoding="ISO-8859-1"?>
<LTDLWOCR>
<!-- forcebtag -->
<tid>aap14d00</tid>
<bt>507787664</bt>
<bx>RJR1202</bx>
<!-- Note:rn t="p":1RFP88;1RFP93;1RFP107-->
<dd>19900410</dd>
<dt>SCRIPT</dt>
<!-- Note:co:Y-->
<np>FLEISHMAN HILLARD;DEEZER D</np>
<!-- Note:dl:19980227-->
<pg>1</pg>
<!-- Note:rn t="m":MINNESOTA 1RFP71;CASTANO 1RFP1;BURTON 2RFP16-->
<!-- Note:sh:19960104-->
<!-- Note:s:EXTERNAL RELATIONS;PUBLIC RELATIONS;OSMON HE;STAFF VP-->
<ti>SCRIPT FOR ""RAP"" ADVERTISMENT. TOBACCO EDUCATION CAMPAIGN -- ""RAPPERS"".</ti>
<!-- Note:tp:NICOTINE AND ADDICTION; YOUNG ADULT SMOKING-->
<dl>20020201</dl>
<ot>APR :0 '90 14:04 FLE=SHMqN HILLARD INC-SflCTO
P.P
~~ ~
I
I
'rQ8ACC4 EDUCATION CAMPAIGN --- "RAPPERS"
I
Chorus: we use to pick it
Now they want us to smoke it
We use to pick it
Now they want us to smoke i.t
We use to pick it
Now they want us to smoke it
Yeah right, you must be jokin'
tobacco blacks it's kil],in' many
the ages start from 15 to 20
cancer it be givin'
keepin' brothers from livin'
six feet under the ground they are diggin'
you thought you was a dope
now you addicted to smokin'
if you keep this up there's no hopin'
we don't have to smoke it
plus it ain't right
cigarettes are killin' black men
faster than whites
Repeat Chnous
So the ones that are smokin'
don't think you are mellow
'eause the real deal,
it makes your teeth turin yellow
and another thing I must tell
I don't like a lady that smokes
' cause It makes her breath smell
so next time when you buy a pack
think about my rap
those nasty green boxes
ain't where it's at
clogs your lungs, makin' you cough
so if you ain' t smokin'
don't think you are soft
Deezer D just tellin' you the deal
listen up youngsters, tobacco kills
Downtown, midtown, you know the brand
sellin' to blacks, the youth and women
hey want us to smoke it, but I think it's siily
now they try to give it away f ree in Philly
half a million deaths of blacks you can trace zo smoke
believe what I'm say7.a1', it's legalized dope

pgNbr=1
</ot>
</LTDLWOCR>
