<?xml version="1.0" encoding="ISO-8859-1"?>
<LTDLWOCR>
<tid>aaf35e00</tid>
<bt>2021500950</bt>
<!-- Note:br t="m":2021500947/0963-->
<dd>19890530</dd>
<dt>MEMO, MEMORANDUM</dt>
<dt>AGEN, AGENDA</dt>
<au>GLASTEIN,H</au>
<rc>LEVY,C; NELSON,D; SABELLA,S; SCHYLER,B; SCULLY,J</rc>
<np>BUCCELLATO,V; GLASTEIN,H; LEVY,C; MYRACLE,J; NELSON,D; SABELLA,S; SCHYLER,B; SCULLY,J; SUTER,M</np>
<np>A,H; S,H</np>
<ca>PM, PHILIP MORRIS</ca>
<cr>PM, PHILIP MORRIS</cr>
<!-- Note:co:ILLE, ILLEGIBLE;  MARG, MARGINALIA-->
<fn>2021500895/2021500964/B557 890000 MERIT - NEXT (BRAND FILES - PM); </fn>
<!-- Note:si:N321-->
<!-- Note:s:SERRANO,MARK/CARLSTADT-->
<ti>NEXT MEETING: RICHMOND</ti>
<pg>1</pg>
<!-- Note:rn t="m":STMN/R1-004-->
<!-- Note:lu:STMN/PRODUCED-->
<!-- Note:dl:19980605-->
<!-- Note:b:NEXT-->
<dl>20020201</dl>
<ot>PHIUP' MORRIS WSA INTER-OFFICE CORRESPONDENCE
120, N1RK AWEMUE; NEW, YORK, N.Y 1C+017
to,
fMh
SUN,J[R:Te
Distribution.
Harvey Glastein
tIBXT KEETING : RICHKM
May 30, 1989
mAM
Here is your copy of the leader's guide. Agenda for the
meeting is':
0	9,:30-11:00	Product Discussion and Introductory
Proqram
o	11:00-12:00	Section Planning Breakrooms
	12:00-12:45	LUNCH
	12:45-3:30	Tour of the Special Processing
Facility
0	3:45	Departure
The~9:30-11:00 portion will be as follows:
o General Introduction ZD. Nelson or V. Buccellato or.
D. Dangoor)
Brand'~. Pos~itioninq, - overhead~&amp; 1-1!2~~, ('B~~. S~ch~yler)~
- -------~~

o Consumer Research (C.=Lewy~.
o Product Discussion {M-. -Strter or J-,--~iyracle) ~i-
o Introductory Program - overheads 13-27, 32-16
(S. Sabel'la)
o Sa1es Strategies - overheads 28-31 (H. Glastein).
_-----
o PUS and Direct Marketing - overheads 37-38
(J. ScuLly)~
-.__--~
Close - overheads 39-42 (D. Nelson)
L.
.
I
Overheads will be delivered shortly. If you have any
questions, please call me~on ext,. 3629.
HG/de.
Distribution
C. Lewy R. Schyler
D. Nelson J'. Scully
S. Sabel!1a
pgNbr=1
</ot>
</LTDLWOCR>
