<?xml version="1.0" encoding="ISO-8859-1"?>
<LTDLWOCR>
<!-- forcebtag -->
<tid>aar68d00</tid>
<bt>503019172</bt>
<rc>ALL MRD PERSONNEL;UNK</rc>
<au>SHERRILL JH</au>
<bx>RJR3365</bx>
<!-- Note:b:CAMEL;MORE;WINSTON-->
<dd>19760126</dd>
<dt>LETTER</dt>
<!-- Note:co:Y-->
<np>MURPHY D;HUNT WESSON FOODS;GENERAL FOODS;JIMENEZ R;SELL D;MCCORMICK SPICE;SWAINE B;WHALEY J;DANCER FITZGERALD;GRIFF</np>
<!-- Note:dl:19980227-->
<pg>1</pg>
<!-- Note:rn t="m":MINNESOTA 1RFP4;MANGINI COURT ORDER-->
<!-- Note:sh:19961231-->
<!-- Note:s:MDD;HARRIS M;MGR SALEM &amp; BRIGHT-->
<ti>THIS IS TO ANNOUNCE THAT DAN MURPHY WILL BE JOINING THE MARKETING RESEARCH DEPARTMENT TODAY.</ti>
<dl>20020201</dl>
<ot>January 26, 1976
TO ALL MRD PERSONNEL
This is to announce that Dan Murphy will be joining the
Marketing Research Department today. Dan will be Brand-
Research Manager for the MORE and CAMEL brands. Dan comes
to us from the Marketing Research Department of Hunt-
Wesson Foods. Before that he was with General Foods and
McCormick Spice Company.
This is also to announce that Don Sell and Bob Jimenez
have resigned their positions with the Company._
T._._.~~ n.__:.~_ L_.. L.._~ ' ~*I- l~... Tf...............L *f..r_.~..~.. .]
DLUI.C .JWG111C 11QA AlGGll QjOly11G11 1�1C1.1V s\G.7GCilt.ll 1'/(111GiyGt Girlll
will transfer to Griff's area.
Joan Whaley will be joining us on loan from Dancer as
acting Brand Research Manager for the WINSTON brands.
YL
. H. Sherrill, Jr.
JHS : fm
N
pgNbr=1
</ot>
</LTDLWOCR>
