<?xml version="1.0" encoding="ISO-8859-1"?>
<LTDLWOCR>
<!-- forcebtag -->
<tid>aab03a00</tid>
<bt>518617504/7505</bt>
<au>CAMPBELL J; RJR</au>
<bx>0</bx>
<!-- Note:b:DORAL-->
<pc>MACLEOD S</pc>
<dd>19960801</dd>
<dt>LETTER</dt>
<!-- Note:co:N-->
<!-- Note:dl:20030617-->
<pg>2</pg>
<!-- Note:rn t="m":0; US COMPREHENSIVE REQUEST 450; WALLACE 1RFP1-->
<!-- Note:sh:0-->
<!-- Note:s:SALES; BUFFALO SALES OFF; ROTH W; MGR-->
<ti>COMMUNICATIONS. SEPTEMBER DORAL B2G1F / #601270.</ti>
<dl>20030915</dl>
<ot>Communfcations ~ .
51861 7504

pgNbr=1
RJ REYNOLDS
TOBACCO COMPANY
August 1, 1996
SEPTEMBER DORAL B2G1F / #601270
J. Campbell
Promotional Coordinator
150 Lawrence Bell Drive
Sulte #108
Williamevllle, NV 14221
(716) 834-4178
Faz17161634-3146
Attached are your copies of direct account customer letters in reference to
the September Partners promotion.
I have shipped enough sleeves to each direct account to cover case
quantities - rather than slis2a_yquantities. The reason for this is to give the
direct account enough sleeves to ship number of displays based on case
quantities they have received. Therefore, after Partners accounts have been
shipped displays, there may be residual product/ displays remaining at the
direct accounts. You can verify the amount of residual by comparing number
of skus of sleeves shipped versus number of Displays on the attached retail
lists.
It is important to ensure that the direct account utilizes any gxtra case
uanSlSlSe&amp; to ship displays to appropriate retail accounts.
Sincerely,
PU4
J. Campbell
Promotional Coordinator / 1610
/jc
cc: S. MacLeod
v .
~
m
~

pgNbr=2
</ot>
</LTDLWOCR>
