<?xml version="1.0" encoding="ISO-8859-1"?>
<LTDLWOCR>
<tid>aai28e00</tid>
<bt>1000816600</bt>
<!-- Note:br t="m":1000816596/6607-->
<!-- Note:br t="o":CFNC8208227-->
<dd>19820414</dd>
<dt>MEMO, MEMORANDUM</dt>
<au>EICHORN,PA</au>
<rc>HAUSERMANN,M</rc>
<pc>HAUSERMANN,M; H,M &amp;lt;HAUSERMANN,M&amp;gt;</pc>
<np>BOKELMAN,G; EDWARDS,W; KALLIANOS,AG; SANDERS,E; WAKEHAM,H</np>
<no>MANUSCRIPT REVIEW BOARD; TABAK JOURNAL INTL</no>
<!-- Note:co:MARG, MARGINALIA-->
<fn>1000816151/1000817112/MISSING</fn>
<!-- Note:si:R100-->
<!-- Note:s:CENTRAL FILES/DATABASE CORRESPONDENCE-->
<ti>MANUSCRIPT FOR APPROVAL</ti>
<pg>1</pg>
<!-- Note:rn t="m":STMN/R1-004; STMN/R3-012-->
<!-- Note:lu:STMN/PRODUCED-->
<!-- Note:dl:19980605-->
<dl>20020201</dl>
<ot>CJEIVElJ
.5,.~
. -. .w.
;
i 3 .1982
APR
pgNbr=1
</ot>
</LTDLWOCR>
