<?xml version="1.0" encoding="ISO-8859-1"?>
<LTDLWOCR>
<!-- forcebtag -->
<tid>aav35f00</tid>
<ti>Invoice No: 1322</ti>
<dt>Invoice</dt>
<dt>Financial</dt>
<dd>19930408</dd>
<au>CMR Market Research Inc</au>
<rc>Ashkin-E, ATCO</rc>
<!-- Note:b:Misty-->
<!-- Note:co:Marginalia-->
<!-- Note:ci:10004026-->
<!-- Note:rn t="m":19-->
<pg>1</pg>
<!-- Note:ag:60091778-->
<!-- Note:dl:19981123-->
<bt>970209750</bt>
<!-- Note:br t="a":ATX040160686/ATX040160686-->
<dl>20020201</dl>
<ot>CMR
TO: American Tobacco Company DATE: April 8, 1993
Six Stamford Forum
Stalnford, CT 06904 INVOICE NO: 1322
CLIENT: Mrs. Ellen Ashkin JOB NO: 3-3-114
CLIENT NO:
For professional services rendered in connection with:
MISTY CONVERSION STUDY Partial Billing $14,250.00

CMR Market Research Inc.
518 Fifth Avenue, New York, NY 10036
(212) 944-4545 Fax: (212) 944-1969

pgNbr=1
</ot>
</LTDLWOCR>
