<?xml version="1.0" encoding="ISO-8859-1"?>
<LTDLWOCR>
<tid>aae53a00</tid>
<bt>2064760667</bt>
<!-- Note:br t="m":2064760666/0667-->
<dd>19980100/E</dd>
<dt>FORM, FORM</dt>
<au>HSU,FS</au>
<rc>JOHNSON,R</rc>
<ca>PM, PHILIP MORRIS</ca>
<cr>BATTNW, BATTELLE NORTHWEST</cr>
<fn>2064760647/2064760707/PHASE 2 SAMPLE COC</fn>
<!-- Note:si:R575-->
<!-- Note:s:HSU,FRANK/OFFICE-->
<ti>SHIPPING REQUEST</ti>
<pg>1</pg>
<!-- Note:lu:FEDA/PRODUCED-->
<!-- Note:dl:20031015-->
<!-- Note:b:1R4F; 96 KC 231; 96 KC 232; 96 MH 135; 96 MH 136; 97 HJ 121; 97 HJ 122; IM14; IM15-->
<dl>20031115</dl>
<ot>I
SHIPPING REQUEST
Philip Morris USA BUSINESS
SHIPPING DEPARTMENT USE ONLY
Purchase Order No. 42502635
Sundry Order No.
Date Shipped
Shipped VIA
Prepaid Collect
Ship To: Company Name Battelle Pacific Northwest Laboratories
Street Address K4-16 Mail Stop, Sixth &amp; W Streets, Building 790
City/State/Zip Richland, Washington 99352
r
Attention Ms. Renee Johnson
Co. Return Authorization No.
ITEM	QTY.	MODEL NO	SERIAL NUMBER	VALUE
Kentucky Reference cigarette, 1R4F	4 cart.			$ 500.00
Industrial Monitor 1M14	1 can			
Industrial Monitor IMl5	1 can			
96.MH.136	2 cart.			
96.MH.135	2 cart.			
96.KC.232	2 cart.			
96.KC.231	2 cart.			
97.13s.122 -	3 cart.			
97.111.121 .
NOTE	3 cart.			
:
1. Double-wrapped all the cigarettes in plastic				
bags				
2. Overnight delivery.				
3. Do not shTpon Thursday and Friday of the				
week to avoid the possibility having cigarettes sit				
out over the weekend at unknown location.				
Reason(s) for return:
Exchange:
Under Warranty?
...ShippedIncorrectly . .
Shipped Frnm: .
- ,-.
Has Exchange Been Received Repair/Modify

Credit Due? Ordered Incorrectly
On Loan/Rental Analysis/Experimental
Philip Morris Research Center , ~
F
P.O. Boz 26533 .I 4201 Commerce Rd.
.Daor17
Richmond Vuginia 23261
ATTN: Frank S. Hsu `1'p _
Telephone: (804)=- 274-2641 p - -
0+-:
. . . .. , .._ ., . .. v, .~:-

pgNbr=1
</ot>
</LTDLWOCR>
