<?xml version="1.0" encoding="ISO-8859-1"?>
<LTDLWOCR>
<tid>aaa47e00</tid>
<bt>2029183906</bt>
<!-- Note:br t="m":2029183905/3908-->
<dd>19890418</dd>
<dt>CHAR, CHART, GRAPH, TABLE, MAPS</dt>
<au>REININGHAUS,W</au>
<np>HACKENBERG,U; KINDT,R; MUELLER,T; REININGHAUS,W; ROEMER,E; RYLANDER,R; STINN,W; TEREDESAI,A; WALK,RA; ZZMUK</np>
<!-- Note:at t="p":BACHMAYER,D; HANSELMANN,D; HAUSSMANN,HJ; HOLT,KV; KINDT,R; MUELLER,T; OEY,J; SCHAFFERNICHT,H; SCHLAGE,W; STINN,W; TEREDESAI,A; TEWES,F; VONCKEN,P-->
<ca>INBIFO, INSTITUT FUR BIOLOGISCHE FORSCHUNG</ca>
<no>CRC</no>
<fn>2029183604/2029184105/INBIFO PRESENTATIONS RRY AGENDA,;  VORTRAGE, TELEFAXE, MATERIALIEN 1 WRE; </fn>
<!-- Note:si:I30-->
<!-- Note:s:REININGHAUS,WOLF/SEC'Y FILES-->
<ti>VISIT DR. R. RYLANDER, WEDNESDAY, 890426 TABLE PRESENTATION SPEAKERS AND PARTICIPANTS, RRY VISIT ON 890426</ti>
<pg>1</pg>
<!-- Note:rn t="m":STMN/R2-038-->
<!-- Note:lu:STMN/PRODUCED-->
<!-- Note:dl:19980605-->
<dl>20020201</dl>
<ot>INBIFO Institut fur bioiogische Forschung
Koln
Re: Visit Dr. R. Rylander, Wednesday, 26.Apr.89
PERSON	PRESENTATION NO.		
		1	2	3	4	5
DBA		-	P	P	P	-
DHN		P	P	P	P	P
HHM		P	P	P	P	P
RKI		P	S	P	P	P
KHO		P	P	P	P	P
MUK	(CRC)	-	-	-	-	S
TMU		P	P	S	P	P
JOE		P	P	P	P	P
HSA		P	P	P	P	P
WSL		P	P	P	P	P
WST		S	P	P	P	P
ATE		P	P	P	S	P
FTE		P	P	P	P	P
PVO		P	P	P	P	P
TABLE
PRESENTATION SPEAKERS AND PARTICIPANTS,
RRY VISIT ON 26.APR.89
Remarks: not listed are visitor(s), UHA, WRE, ERO, and RAW (CRC)
S = speaker, P = participant
4987

pgNbr=1
</ot>
</LTDLWOCR>
