<?xml version="1.0" encoding="ISO-8859-1"?>
<LTDLWOCR>
<!-- forcebtag -->
<tid>aad40f00</tid>
<ti>(Cheltenham Realty Corp.), Ninth Ward - List.</ti>
<dt>List</dt>
<dt>List</dt>
<dd>19920601</dd>
<!-- Note:ci:10004026-->
<!-- Note:rn t="m":N1-->
<pg>1</pg>
<!-- Note:ag:12196175-->
<!-- Note:dl:19981123-->
<bt>699144150</bt>
<dl>20020201</dl>
<ot>N~N~w~~
CHELTENHAM REALTY CORPORATiON
HAREHOLOER: NINTH WARD REALTY COMPANY
DIREC ORS
D. A. SCHECHTER
CDF
PRESIOE T
D., AD.~CHECHTER 10
VICE PRESIDENTS -
C-D,-,ERANC�SCONI-- 10/15/90
f- SECR~EHT-~ARY
T. A. CHAMBERS 10/15/9
TREASURER
C. D. FRANCESCONI 10/1
ASSI5TANT TREASURERS
J. F. GLASSER 1 /15/90
-3r-i�:-EAHBttt--- A%15%90
bM
June 1, 1992
699144150
pgNbr=1
</ot>
</LTDLWOCR>
