<?xml version="1.0" encoding="ISO-8859-1"?>
<LTDLWOCR>
<tid>aas26e00</tid>
<bt>2047130961/0962</bt>
<dd>19881129</dd>
<dt>LETT, LETTER</dt>
<au>WILKINS,S</au>
<rc>BONHOMME,J</rc>
<np>LEVY,C; NEAL,W</np>
<ca>ROPER ORGANIZATION</ca>
<cr>PM, PHILIP MORRIS</cr>
<!-- Note:pa1:2047130960/2047130962&lt;/pa1-->
<!-- Note:si:N592-->
<!-- Note:s:BONHOMME,JEANNE/OFFICE-->
<pg>2</pg>
<!-- Note:rn t="m":STMN/R1-037-->
<!-- Note:lu:STMN/PRODUCED-->
<!-- Note:dl:19980605-->
<dl>20020201</dl>
<ot>.
THE ROPER O'RGA9`JI %AT1ON iNC
November 29, 1988
Ms. JeannP Bonhomme
Philip Morris USA
120 Park Avenue
New York, NY 10017
Dear Jeanne:
The second payment on the non-smoker study was due to be billed on completion of
field work at the end of October. I delayed billing until we could make all the
amendments to the cost estimate that resulted from changes made before we went to
the field. As you recall, from time to time we made changes, which I noted would add to
costs, and you and Carolyn Levy said that was understood.
There were essentially four things that added to costs. One was a good deal more
professional time spent at the questionnaire development state than we had originally
estimated. We went through several drafts of the questionnaire, and in addition were
involved with the agency people on the draft -- which had not been part of the original
plan. Second, instead of a field pretest of the questionnaire we had the focus group
facility pretest -- again involving more professional time. Third, at the conclusion of our
meeting with Bill Neal he was asked to do statistical analysis beyond what he had
originally estimated (including a factor anaiysis, a discriminant analysis of clusters on
the raw data, an analysis of classification equation, etc.). Finally, the yield of non-
smokers from the cross section was lower than anticipated. Based on our regular
tracking work for Philip Morris we estimated that 70% would be non-smokers.
However, we had a looser screen for smokers in the non-smoker study than in the
tracking study, with the result that only 61 % defined themselves as non-smokers. We
had to go back to the field and screen for additional non-smokers to obtain the 1000
non-smokers we were seeking. Obviously, this added to field costs.
We have carefully gone over all the additional costs resulting from these changes, and
they add $20,000 to our original estimate of $92,000, for a total of $112,000, plus or
minus 10%. We made an original billing (August 16) of $31,000, based on
pgNbr=1
approximately one-third of the original estimate. The second third was due on
conclusion of field work, with the final amount to be billed on delivery of the study. The
outstanding balance now is $81,000. Accordingly, a statement in the amount of
$40,500 is enclosed, representing the second payment due on the study.
If you have any questions on any of this, please let me know.
Cordially,
al~:~~_
Shirley WilYcins
pgNbr=2
</ot>
</LTDLWOCR>
