<?xml version="1.0" encoding="ISO-8859-1"?>
<LTDLWOCR>
<tid>aap21e00</tid>
<bt>87756557/6558</bt>
<dd>19931007</dd>
<dt>LETT, LETTER</dt>
<au>STEVENS,AJ</au>
<rc>CAMPBELL,WI; JOHNSTON,DS; JOHNSTON,JW; SANDEFUR,TE</rc>
<np>GLENN,J; HOBBS,B; MCCALLISTER; POLLICE</np>
<cr>AMER, AMERICAN TOBACCO; BW, BROWN &amp; WILLIAMSON; PM, PHILIP MORRIS; RJR, R.J.REYNOLDS</cr>
<no>CTR, COUNCIL FOR TOBACCO RESEARCH; UNIV OF KY</no>
<!-- Note:co:ATCH, ATTACHMENTS MISSING-->
<!-- Note:si:N28-->
<!-- Note:s:STEVENS,ARTHUR/SECRETARY'S PC-->
<pg>2</pg>
<!-- Note:rn t="m":R1-004-->
<!-- Note:lu:STMN/PRODUCED-->
<!-- Note:dl:19980605-->
<dl>20020201</dl>
<ot>1
October 7, 1993
Mr. William I. Campbell
President &amp; Chief Executive Officer
Philip Morris U.S.A.
120 Park Avenue
New York, NY 10017
Mr. James W. Johnston
Chairman &amp; Chief Executive Officer
R.J. Reynolds Tobacco Company
401 North Main Street
Winston-Salem, NC 27102
Gentlemen:
Mr. Donald S. Johnston
President &amp; Chief Executive Officer
The American Tobacco Campany
Six Stamford ForLun
Stamford, CT 06904
Mr. Zhomas E. Sandefur, Jr.
President &amp; Chief Executive Officer
Brawn &amp; Williamson Tobacco Corp.
1500 Brawn &amp; Williamson
Louisville, KY 40234
Reference is made to Jim Glenn's letter to us dated Septembex 30, a
copy of which I have attached for your convenience. I have also enclosed a
handwritten report given to me by Dr. Glenn summarizing aspects of his
conpeLsation and duties, and requesting an annual salary increase of $50,000.
During my meeting with Jim, and in a subsequent conversation, he
also advised that the increases he is suggesting and planning have all been
factored into the overall 1994 CI'R budget he will soon be presenting to the
membership for consideration.
I offer the follawing additional information for your consideration,
all of which I obtained directly from Dr. Glenn.
Dr. Glenn's last increase, effective January 1, 1990, was $50,000,
resulting in his present salary of $250,000. (This was when he succeeded Bill
Hobbs as CEO). His requested increase of $50,000 represents an annual
increase rate of 5%; a figure consistent with the 4.5% increase rate he is
applying to staff members below the level of McAllister and Pollice. Jim
advises that he spends approximately 140 days a year on CTR business,
consisting of approximately 100 days in the New York Office, and 30-40 days
attending to CI'R business outside of New York City. He receives a flat per
d.iem payment of $100 toward expenses while in N.Y.C.; his airfare to and from
his home in Kentucky and his New York apartment is paid by CIR; and all of his
airline travel is purchased by CI'R on coach fare basis.
pgNbr=1
As I believe you know, Dr. Glenn is also Chief of Staff of the
University Hospital at the University of Kentucky Medical Center, to which he
devotes two days a week.
Dr. McCallister's annual salary is $120,000, having been increased
by $10,000 in each of the years since he started in January, 1990 at $90,000.
Dr. Glenn now plans another increase of $10,000, and believes that Dr.
McCallister's salary should prcbably "top out" at this level, it having been
identified at the time of recruiting as about the maxitrnun for the position.
Ms. Pollice is at $68,000, and will go to $75,000. She received a
$6,000 increase last. year.
Please let me have your views with respect to Dr. Glenn's request
regarding his increase. If there is approval, I will obtain your consent to
so advise him. If there is not, I will endeavor to convene a telephone
conference discussion among us, or such other deliberative session as may be
appropriate.
if you have any questions, please do not hesitate contacting Dr.
Glenn directly.
Regards,
Arthur J. Stevens
AJS: fp
Enclosures
	Gb
~
	~
-2-	~
	C!1
	C11
	Gn
pgNbr=2
</ot>
</LTDLWOCR>
