<?xml version="1.0" encoding="ISO-8859-1"?>
<LTDLWOCR>
<tid>aab00e00</tid>
<bt>03722799</bt>
<dd>19731100/P</dd>
<dt>ADVE, ADVERTISEMENT</dt>
<no>FTC, FEDERAL TRADE COMMISSION</no>
<!-- Note:co:EXTR, EXTRA-->
<!-- Note:si:N14-->
<!-- Note:s:LEGAL DEPT FILE ROOM-->
<ti>MICRONITE FILTER. MILD, SMOOTH TASTE. AMERICA'S QUALITY CIGARETTE. KENT.</ti>
<pg>1</pg>
<!-- Note:lu:FTC/SUBMITTED 80 FTC 455-->
<!-- Note:dl:19990518-->
<!-- Note:b:KENT-->
<dl>20020201</dl>
<ot>and then ,Iooked at
;ir minds the plate='-
bullets had been
icking like so many
. . .' ~i
e noisome alley on
Mitch dwelt. An
when The Avenger
t mention Old Mitch.
neither could have

ise men back there,
d by the fracas, had

ly admitted was his '
ere positive of that.'
: the son might have
'~
r
or that the fathe
protective instincts

n. _
~
-i I..
T
...
vhen'they knocked



been in that room.

enough. The inside
Ned cracked plastei`
alf peeled from the
propped-up table, aa
way of furnishings:
the rusted, cracked�
gathered the wood
~ Micronite filter
Mild, smooth taste.
~ America's quality
- cigarette.
4 '' Kent.
z.w.71
tN
King Size or Deltuce 100's .' A
�
Kings: 17 mg. "tar."
11 mg. nicotine;
100's:19 mg."tar."
1.3 mg. nicotine;
Menthol:l8 mg."tar;'
1.2 mg. nicotine
av. per cigarette,
FTC Report Feb.'73.
pgNbr=1
</ot>
</LTDLWOCR>
