<?xml version="1.0" encoding="ISO-8859-1"?>
<LTDLWOCR>
<tid>aad37d00</tid>
<bt>2073888665/8666</bt>
<dd>19960000/E</dd>
<dt>QUES, QUESTIONNAIRE</dt>
<au>STRICKLAND,J</au>
<np>STRICKLAND,J</np>
<no>SMOKERS ADVOCATE</no>
<no>RTCDIRECT</no>
<!-- Note:co:ILLE, ILLEGIBLE; MARG, MARGINALIA-->
<!-- Note:si:N884-->
<!-- Note:s:SCHLEIMER,INGRID/CARLSTADT-->
<ti>960000 POLITICAL ACTIVITY SURVEY FOR MS. JEANNETTE STRICKLAND</ti>
<pg>2</pg>
<!-- Note:lu:FEDA/PRODUCED-->
<!-- Note:dl:20020306-->
<dl>20020709</dl>
<ot>1996 Political Activity Survey
For
Ms. Jeannette Strickland
1. Are you a registered voter?
&amp;Yes O No
2. Do you plan to vote in the 1996 elections?
ryYYes O No
I
RTCdir ct
Date: 3 3 9
Time:1
3. Concerning issues of importance, how would you prefer to contact your
elected of{icials? (Please check all that apply.)
�'Writing a letter Q Sending an E-mail
0 Sending a fax W'1Glaking a telephone call
O Making an office visit
0 Other
4. Have you written a letter to the editor of your local newspaper about issues of
importance to you?
O Yes &amp;I'No
5. If no, would you be willing to write a letter to the editor of your local
newspaper?
D Yes O No
6. Do you ha~ acss to on-line or Internet services?
0 Yes �'11qo
7. On which of the topics below would you most likely voice your opinion to
elected officials?
&amp;!rGovernment regulations of tobacco sales and use
2'Excise taxes on tobacco products
WSmoking restrictions/bans in public places, restaurants or workplaces
O Youth acces~ tobacco r~ct~ ~
8. Do you r~ e e e the Smokers' Advocate n~wsletter about issues concerning
smokers' rights?
WS'es O No N
0
V
9. If no, would you like to receive this free newsletter? ~
~
Ll Yes O No ~
Ch
~ 0-t'L~J
C055239279-7

pgNbr=1
2073$$g666

pgNbr=2
</ot>
</LTDLWOCR>
