<?xml version="1.0" encoding="ISO-8859-1"?>
<LTDLWOCR>
<tid>aax37e00</tid>
<bt>2029170070/0071</bt>
<dd>19930408/D</dd>
<dt>FORM, FORM</dt>
<dt>SCRT, REPORT, SCIENTIFIC</dt>
<au>HOLT,KV; WALK,RA</au>
<rc>KUHN,D</rc>
<ca>INBIFO, INSTITUT FUR BIOLOGISCHE FORSCHUNG</ca>
<!-- Note:co:FLGE, GERMAN LANGUAGE;  ILLE, ILLEGIBLE-->
<fn>2029170063/2029170118/INBIFO DOCUMENT PRESENTATION WRE; </fn>
<!-- Note:si:I30-->
<!-- Note:s:REININGHAUS,WOLF/SEC'Y FILES-->
<ti>DOCUMENT PRESENTATION PROTOCOL P 0500/3200 BODY WEIGHT DEVELOPMENT, LONGEVITY, AND SPONTANEOUS TUMOR DEVELOPMENT IN UNTREATED WISTAR RATS (PT)</ti>
<pg>2</pg>
<!-- Note:rn t="m":STMN/R2-038-->
<!-- Note:lu:STMN/PRODUCED-->
<!-- Note:dl:19980605-->
<dl>20020201</dl>
<ot>r
I N B I FQ Institut fur biologlsche Forschung GmbH
FORM 43.KW 92 KI30/MWO \QA\PRE99.WM SE,ITE 1
D 0 C' U M E N1T P R E S' E N T A T I 014
STUDIE
Nr. : Protocol P 050~0/3200
TITE:L : Body Weight Development, Longevity, and Sponta-
neous Tumor Development in Untreated Wistar
Rats
(PT)
SD : DKU
CD : KBE
RPP'
Datum : 8.Apr.93
15.Apr.93
Uhrzeit : von 15.15 bis 1.7.00
von 9.30 bis .1i2'.00
Vortragender : DKU
B'eteiliigte Teams : AT, IS, PY, MB
Vertreter : ESM1, WGO:, MT{A, KBE, FTE
Sonstige Teilnehmer: KHO', H!HMi, RWA
VORGELEGTE'UNTERLAGE~N
Protocol/'PriSfplan : +
Intermediate Report: -
Report/Abschlu(3-
bericht . -
Sonstiges . -
Auslieferung des vorgestellten Dokuments: 2'7.KW 93
Beginn .
Ende ,
GEPLANTE TERMINE
Tierbestellung
. -
Experimente (Tierbehandlung)
1592
pgNbr=1
I
I N B'I FO Institut tur biologische Forschung Gmb H
FORM 50.KW 88 RWA/BRA (IMWO) PRE'9'9.WM, SEITE 2
ANDERUNGEN
keine: - geringe: x starke: -
BEMERKUNGEN: Das Objective sol!1 enger gefa(3t werden und als wissen-
schaftliches Ziel die Basisdatengenerierung ang,eben.
Nichtwissenschaftliches Ziel soll die Vorbereitung von
inhouse-Studien sein.
Die Tetung der Ratten soll so beschrieben werden, da(3 er-
sichtlich ist, da{3 es sich nicht um einerr genehmigungs-
pflichtigen,Tierversuch handelt.
Die Untersuchungen zur Hamatologie sollen wie im Projekt
p-/3080 und zusa'tzlich bei moribundenlTieren durchge-
ftbhrt werden.
Es sollen 6 Tiere pro Futterzusammensetzung, Zeitpunkt
und Geschlecht eingesetzt werden.
Der Rhytmus d'er Bestimmungen von body weight, Futter und'
Wasserverbrauch und d'er UberprUfung der Mortalitat soll
anidie Zunahme der Mortalitat mit zunehmendem ALter d'er
Versuchstiere angepa(3't werden.
Die Tabelle 5 soll entfallen.
Die Tabelle 7'soll zusatzlich die Morphometrie enthalten
und im Sinne der NTP Guidelines vervollistandigt werden.
APPRO~/AL : !.r..... ]. 5 : Apr ....... 'L: ' ~ : . . . . .
(Datum,
Unterschrift)
Verteiler
DKU, GM, QA
1592
pgNbr=2
</ot>
</LTDLWOCR>
