<?xml version="1.0" encoding="ISO-8859-1"?>
<LTDLWOCR>
<!-- forcebtag -->
<tid>aaj54f00</tid>
<ti>-- No Title --</ti>
<dt>Letter</dt>
<dt>Correspondence</dt>
<dd>19490609</dd>
<au>Markowitz-H, Mount Sinai Hospital</au>
<rc>Hammer-HR, ATCO</rc>
<np>Harkavy-J, Mount Sinai Hospital;HRH;WRH;CEB;R</np>
<!-- Note:co:Marginalia-->
<!-- Note:ci:10004026-->
<!-- Note:rn t="m":129-->
<pg>2</pg>
<!-- Note:ag:60352958-->
<!-- Note:dl:19981123-->
<bt>950163881/3882</bt>
<!-- Note:br t="a":MNAT00615386/MNAT00615387-->
<dl>20020201</dl>
<ot>THE MOUNT SINAI HOSPITAL
FIFTH AVENUE ANC ONE HUNDREDTH STREET
Ncw YORK 29. N. Y.
June 9, 1949
Dr. H. R. Hammer, Director
Research Department
The American Tobecco Company
Richmond, Va.
llear Dr. Hammer;
In yeers past, you have been kind enough
to supply our Dr. Joseph jjgj;javy eith tobacco leef
for research purposes. Since we are continuing this
probiem. I wonder shether you would again be In a
position to favor us by sending us one pound each
of the cured leaves of Burley. �aryland, Virginia
end aenthis tobaccos.
If there 1s any charge for ttds, xouin
you be kind enough to send an invoice to me.
4rith many thenks for your past favors,
I em
Very truly yours,
Hsrry War
Assistent Director
R
pgNbr=1
</ot>
</LTDLWOCR>
