<?xml version="1.0" encoding="ISO-8859-1"?>
<LTDLWOCR>
<!-- forcebtag -->
<tid>aas12d00</tid>
<ti>PHILIP MORRIS WOOED SCIENTIST WHO MIGHT HELP COUNTER GROWING CONSENSUS ON SECONDHAND SMOKE, DOCUMENT SHOWS</ti>
<dt>PUBLICATION</dt>
<dt>PUBLICATION</dt>
<dd>19970000</dd>
<au>SCHWARTZ, J - WASHINGTON POST</au>
<!-- Note:ci:20000178-->
<!-- Note:rn t="o":20000178B100-->
<pg>2</pg>
<!-- Note:ag:71361399-->
<fn>Phillip Morris</fn>
<!-- Note:rn t="p":   -->
<!-- Note:od:   -->
<!-- Note:dl:20010720-->
<bt>183010280/0281</bt>
<dl>20020925</dl>
<ot>Tom Fitzgerald, a spokesman for the American subsidiary of BAT,
Brown &amp; Williamson Tobacco Co., said scientist Sharon Boyce, wrote the
1988 memo shortly after coming to BAT and that it was "a subjective
account of her impressions of a Philip Morris program that had been
described to her." Even though the U.S. surgeon general and the
National Academy of Sciences had issued reports by that time
characterizing ETS as a health risk, Fitzgerald said studies of
secondhand smoke were few and inconclusive.
A Philip Morris representative declined to comment on the memo.
The tobacco industry has sued the Environmental Protection Agency
over its classification of secondhand smoke as a carcinogen, and has
vehemently fought the Occupational Health and Safety Administration's
plans to issue indoor-smoking bans. Reports by the Congressional
Research Service have taken issue with the extent of the health threat
cited by the EPA, though high levels of exposure appear to present
health risks.
Tobacco researcher Stanton Glantz, a consultant to the OSHA
initiative, called the BAT document "quite remarkable" evidence of
"a continuing effort by Philip Morris to keep the public confused
about secondhand smoke."
A class-action suit against the tobacco industry on bchalf of
non-smoking flight attendants claiming injuries from secondhand smoke
begins next month in Miami.
Copyright (c) 1997 The Los Angeles Times - Washington Post News Service
Received bv NewsEDGE/LAN: 5/9/97 2:08 AM
183010281
PRODUCED FROM B&amp;W WEB SITE

pgNbr=1
Philip Morris Wooed Scientists Who Might Help Counter
Growing Consensus on Secondhand Smoke, Document Shows (Washn)
By John Schwartz
(c) 1997, The Washington Post
WASHINGTON Tobacco giant Philip Morris systematically wooed
scientists who might help the company counter the growing consensus on
the health risks of secondhand tobacco smoke and "keep the
controversy alive," according to a 1988 internal tobacco-company
document.
The British American Tobacco Co. memo, obtained by The Washington
Post, laid out in great detail Philip Morris' presentation at a
February 1988 conference of its global strategy for dealing with
environmental tobacco smoke (ETS). The company was "spending vast
sums of money" to find scientists amenable to its cause and funding
research by them, the memo said.
According to the memo, Philip Morris said the company vetted the
resumes of scientists with "no previous connection with tobacco
companies" to ensure that "obvious ' anti-smokers' or those with
'unsuitable backgrounds' are filtered out." Scientists who agreed to
review ETS material and seemed promising were contacted by a Philip
Morris scientist about the company funding their research; proposals
"apparently would be ' filtered' by lawyers to eliminate areas of
sensitivity," the memo said.
The chosen scientists "should be able to produce research or
stimulate controversy" that could be used to advantage by
"public-affairs people in the relevant countries," the memo said.
The global campaign was coordinated by the Washington law firm
Covington &amp; Burling.
The BAT representative expressed misgivings about the "somewhat
questionable" Philip Morris strategy, saying the "excessive
involvement of external lawyers at this very basic scientific level"
is "likely to frighten off a number of scientists."
The memo provides an unusually detailed description of an industry
"propaganda effort," said Matthew L. Myers of the Campaign for
Tobacco-Free Kids. "This document puts in one place the most
comprehensive picture of how the tobacco industry has used lawyers to
distort science and create the illusion of controversy about
well-settled scientific facts."
David H. Remes, a partner at Covington &amp; Burling, said: "For
reasons of attorney-client privilege, we can't comment on a document
purporting to describe a meeting involving a client. However, we would
note that it is not unusual or improper for lawyers to help clients
identify experts, including scientific experts, on matters of
potential regulatory, legislative or litigation significance, or to
work with those experts."
83010280
RODUCED FROM B&amp;W WEB SITE

pgNbr=2
</ot>
</LTDLWOCR>
