<?xml version="1.0" encoding="ISO-8859-1"?>
<LTDLWOCR>
<tid>aal63e00</tid>
<bt>2030091519</bt>
<!-- Note:br t="m":2030091516/1519-->
<dd>19931018</dd>
<dt>REPT, REPORT, OTHER</dt>
<fn>2030091509/2030091575A/C &amp; I MGMT SYSTEM DMT BOOK; </fn>
<!-- Note:si:M28-->
<!-- Note:s:GANOE,DAN-->
<ti>ENVIRONMENTAL ENGINEERING SCALE FOR PRIORIZATION OF AQP, C &amp; I, AND ACTION PLANS</ti>
<pg>1</pg>
<!-- Note:lu:STMN/PRODUCED-->
<!-- Note:dl:19990131-->
<dl>20020201</dl>
<ot>October 18, 1993
ENVIRONMENTAL ENGINEERING
SCALE FOR PRIORIZATION OF AQP. C &amp; I, and ACTION PLANS
5 - REGULATORY REQUIREMENT
- CRITICAL SAFETY CONCERN (Immediate or Imminent Danger)
4 - DIRECT LINK BETWEEN THIS OPPORTUNITY AND AN EXISTING
DEPARTMENTAL TQM (or requires the creation of a "new" TQM)
- $$$ ARE AVAILABLE IN EITHER CAPITAL OR EXPENSE BUDGETS (or
will not require more than "usual" operational costs)
3 - DIRECT LINK BETWEEN THIS OPPORTUNITY AND AN EXISTING
PLANTWIDE TQM
- WHILE NOT AN AQP ITEM, THIS OPPORTUNITY CAN DIRECT IMPACT OR
.CONTRIBUTE TO THE SUCCESS OF AN AQP OBJECTIVE
~
- DIRECTLY AFFECTS THE EFFECTIVENESS AND/OR EFFICIENCY OF T4E
ENPH-DMT
- IDENTIFIABLE AS A SAFETY IMPROVEMENT
- WORKLIFE ISSUE RAISED BY WORKFORCE (Employee Input, Proposed
Change, "Brainstormed" Operational Problem, etc.) AND WILL
MAKE A CONTRIBUTION TO DEPARTMENTAL PERSONNEL DEVELOPMENT OR
PROCESS DEVELOPMENT/IMPROVEMENT
2 - DEPARTMENT RESOURCES CAN ACCOUNT FOR OR CONTRIBUTE TO 50% OF
OBJECTIVE AND CAN BEGIN NOW
1 - CHANCE FOR SUCCESS &gt; 50%
- AN If*&amp; WILL.BE MADE TO REDUCE OPERATIONAL COSTS (TIMES A
MULTMICATION FACTOR):
&lt; 1% =	1	TIMES 1 = 1
1-5% =	1	TIMES	2= 2
5-10% =	1	TIMES	3= 3
&gt;10% =	1	TIMES	4 = 4
-"DROP DEAD" DATE IS APPLICABLE (TIMES A MULTIPLICATION
,FACTOR): &lt; 1 Month = 1 X 5 = 5
1-3 Months = 1 X 4 = 4
3-6 Months = 1 X 3 = 3
6-12 Months = 1 X 2 = 2 -
&gt;12 Months = 1 X 1 = 1
d:\wpwin\data\priority.dmt
203009i519
pgNbr=1
</ot>
</LTDLWOCR>
