<?xml version="1.0" encoding="ISO-8859-1"?>
<LTDLWOCR>
<tid>aak79e00</tid>
<bt>1003120983/0984</bt>
<dd>19770614</dd>
<dt>MEMO, MEMORANDUM</dt>
<dt>BIBL, BIBLIOGRAPHY; CHAR, CHART/GRAPH; TRIP, TRIP REPORT</dt>
<au>MCCUEN,RW; PENN,JM</au>
<rc>PAGES,RA</rc>
<pc>CARPENTER,RD; EINOLF,WN; KUHN,WF; OSDENE,TS</pc>
<np>CLIVE,D</np>
<no>EMS; WELCOME</no>
<!-- Note:co:MARG, MARGINALIA-->
<fn>1003120857/1003121086/CARPENTER'S TOP LEFT DESK DRAWER COPY</fn>
<!-- Note:si:R5-->
<!-- Note:s:CARPENTER,RD (BOB)-->
<ti>TRIP REPORT TO THE LABORATORY OF DR. DONALD CLIVE, BURROUGHS WELCOME COMPANY, RESEARCH TRIANGLE PARK, N. C., 770601</ti>
<pg>2</pg>
<!-- Note:rn t="m":STMN/R1-147-->
<!-- Note:lu:STMN/PRODUCED; STMN/SELECTED-->
<!-- Note:dl:19980227-->
<dl>20020201</dl>
<ot>Date: June 14, 1977
:Subject: . Trip Report to the Laboratory of Dr. Donald Clive, Burroughs
'L}~: Wellcome Company, Research Triangle Park, N. C., June 1, 1977
The major purpose of this trip was to determine why
we obtained a different benzo(a)pyrene [B(a)P] dose-response
curve than Dr. Clive using the L5178Y mouse lymphoma system.1
This agent is our positive control for microsomal activation_
in this assay. We felt the discrepancy could be due to
different sources of B(a)P, different cells, or a difference
in metabolic activation. As it turned out, it is probably
none of these possibilities. In discussions with Dr. Clive,
it was learned that an error was made in preparing the
cofactor mix which is part of the metabolic activation system.
We were using 10-fold less cofactor mixture (which is mainly
the energy system for the microsomal metabolism) than Dr. Clive.
Less energy translates to less B(a)P metabolized to the active
form(s). Our B(a)P data are consistentwith this theory. Dr.
Clive was quickly able to recognize the problem as he has
observed a similar phenomenon with 2-AAF and DMN. We are
currently testing Dr. Clive's theory.
In addition to several hours of invaluable
discussions with Dr. Clive, he was kind enough to give us
some of the microsomes he is currently using as well as
several years supply of the selective agent (trifluorothymidine;
TFT) employed in this assay.
1May Monthly Summary, R. W. McCuen and J. M. Penn, Research
Notebook 7143, pp. 90-94; see attached figure.
1
/nwP
cc: Dr.iT. S. Osdene
W. F. Kuhn
r. R. D.'Carpenter
Dr. W. N. Einolf
PHILIP MORRIS U: S. A.
INTER - OFFICE C ORRESPONDENCE
RICHMOND, VIRGINIA
C7
~~Ccccz~
Attachment
pgNbr=1
Ll3C~lS ~'f S9~ ,~
s.a; ~--
~,P AT THE TK =gnaw

~
&gt;;~
pgNbr=2
</ot>
</LTDLWOCR>
