<?xml version="1.0" encoding="ISO-8859-1"?>
<LTDLWOCR>
<!-- forcebtag -->
<tid>aaq15a00</tid>
<bt>528581356/1359</bt>
<rc>PAYNE TJ; PAYNE M; MOZINGO RL; FISH JH; TOMPSON R</rc>
<au>COLE RW</au>
<bx>NA</bx>
<pc>POWERS DM; PHILLIPS MW; STOKES HS; MURRAY JS; MARSHALL MH; LESTER FG; ALBERT JP; NELSON B; WKA</pc>
<dd>19990720</dd>
<dt>EMAIL; LETTER; PUBLISHED DOC</dt>
<!-- Note:co:N-->
<np>ASH; BBC NEWS; TLC NEWS</np>
<!-- Note:br t="o":RJR 1667090481; 70040 9494-9497-->
<!-- Note:dl:20040624-->
<pg>4</pg>
<!-- Note:ag:PRESS RELEASE. TOBACCO WARS: TLC &amp; BBC NEWS PRESENT THE DEFINITIVE STORY OF &amp;quot;BIG TOBACCO&amp;quot;, TOLD BY INSIDERS FROM THE CIGARETTE INDUSTRY, MEDICINE, MARKETING AND POLITICS.-->
<!-- Note:rn t="m":US COMPREHENSIVE REQUEST 279; US COMPREHENSIVE REQUEST 306; US COMPREHENSIVE REQUEST 308; US COMPREHENSIVE REQUEST 307; US COMPREHENSIVE REQUEST 363; US COMPREHENSIVE REQUEST 375; US COMPREHENSIVE REQUEST 402-->
<!-- Note:sh:NA-->
<!-- Note:s:USDOJ; PRODUCTION 10-4; CD; 20021120;-->
<ti>UPCOMING TOBACCO SERIES.</ti>
<dl>20040715</dl>
<ot>Discovery Kids Channel, Discovery Science Channel, Discovery Home &amp; Leisure
Channel, Discovery Civilization Channel, Discovery Wings Channel, and Discovery en
Espa�ol. The unit also markets and distributes BBC America.
click here to return to ASH's Home Web Page: http://ash.org &lt;http://ash.org&gt;
click here for more information about Action on Smoking and Health (ASH)
&lt;http: //ash.org/about/index.htm l&gt;
click here to learn the many benefits of joining ASH on-line, over the Internet
&lt;http://ash.org/joinash3.html&gt;
Presented as a public service by Action on Smoking and Health (ASH),
2013 H Street, N.W., Wash., DC 20006, USA, (202) 659-4310.
ASH is a 3l-year-old national legal-action antismoking and nonsmokcrs'rights
organization which is entirely supported by tax-deductible contributions.
Please credit ASH, and include ASH's web address: http://ash.org
RJR0000001667090481
700409497

pgNbr=1
smoking and lung cancer. In Smokescreen, the second episode of TOBACCO WARS,
insiders describe how, as markets and profits expanded in the 1960s and 70s, tobacco
companies aggressively fought all opposition to their products ?? whether political, legal
or scientific. For years, scientists had been revealing the deadly affects of cigarettes, yet
the tobacco industry ignored, undermined or suppressed their results. And regulators
explain how the companies "gave an inch to gain ten years" by conceding to end televised
commercials when tobacco advertising came under fire from Congress in the 1960s. The
series culminates with Smoked Out, an account of the pitched courtroom battles of the
1980s and 90s ?? when Big Tobacco finally negotiated with anti?smoking forces under
pressure of litigation, and the prospect of increased regulation. The episode also explains
how marketing and advertising campaigns became increasingly targeted at teenagers
who, according to anti?tobacco campaigners, need to be recruited each year in order to
replace the same number who die from tobacco?related diseases. The mini?scries
culminates with a look toward tobacco's future, as huge new markets around the world
continue to be exploited.
The program's documented revelations include:
* The "safer cigarette". How Liggett &amp; Myers' extraordinary research breakthrough on
the "safer cigarette" was squashed by the industry. The scientist responsible for the
discovery, together with former Liggett lawyers, describe how the industry panicked
when confronted with a product suggesting normal cigarettes might be "unsafe."
* Passive smoking. Publicly, the tobacco industry regards it as junk science. Privately,
some industry insiders claim, it is a different story.
* Addiction. Federal investigators talk about how they learned that one cigarette?maker
was secretly breeding a nicotine?laden tobacco strain ? evidence to their eyes that
tobacco manufacturers intended to addict smokers by manipulating nicotine levels.
* Promotion. Tobacco account advertising managers and public relations consultants talk
about how you sell cigarettes ? to men, women and, some claim, to children.
* Smoking &amp; health. Sir Richard Doll talks about his pioneering work linking smoking
and lung cancer.
* Secret documents. Merell Williams ? the biggest leaker of confidential documents since
Daniel Ellesberg and the Pentagon Papers ? talks about why he removed secret
documents from Brown &amp; Williamson.
* "Dirty Tricks." In 1974, the Council for Tobacco Research resorted to "dirty tricks" to
stifle the publication of results from experiments carried out by pathologist Dr. Freddie
Homburger. His research had shown how hamsters had developed cancer of the larynx
when exposed to cigarette smoke.
* Politics. How in the late?1970s, anti?smoking Health Secretary Joseph Califano was
undermined by tobacco industry pressure, before being fired by President Jimmy Carter.
TOBACCO WARS is a co?production of TLC and BBC News. For the BBC, the series
producer is Peter Molloy and producer Mark Hedgecoe. For TLC, the executive producer
is Mary Ellen Iwata. TLC is the only cable network that consistently offers people of all
ages an enjoyable, entertaining way to learn and satisfy their natural curiosity, providing
viewers with adventures for their minds. TLC now reaches 69.8 million homes in the
United States and 6.2 million homes in Canada and is a service of Discovery Networks, a
unit of Discovery Communications, Inc., which also operates and manages Discovery
Channel, Animal Planet, Travel Channel, Discovery Health Channel, Discovery People,
RJR0000001667090481
70040 9496

pgNbr=2
From: Cole, Ron W.
To: Payne, Tommy J.; Payne, Maura; Mozingo, Roger L.; Fish, John H.; Tompson,
Randy
CC: Powers, David M.; Phillips, Mike W.; Stokes, Henry S.; Murray, Joe S.; Marshall,
M. Hurst; Lester, Frank G.; Albert, Judy P.; Nelson, Byron (WKA)
BCC:
Primary Date: 7/20/1999 2:29:09 PM
Last Modified Date: ] 999-Jul-21 08:27:02
Last Touched Date:
Sent Date: 1999-Jul-20 14:29:08
Received Date: 1999-J ul-20 14:29:09
Subject: Upcoming Tobacco Series
Attachments:
Everything for People Concerned About Smoking &amp; Nonsmokers' Rights
FIRST on the Internet for Smoking News and Documents
Action on Smoking and Health A National Legal-Action Antismoking Organization
Entirely Supported by Tax-Deductible Contributions Info About ASH
&lt;http://ash.org/about/index.html&gt; I ash.org I To Join ASH &lt;http://ash.org/joinash3.html&gt;
Tobacco Wars Honors Banzhaf [07/20-6]
ASH founder John F. Banzhaf, III was honored at a Discovery Channel presentation
today. Banzhaf was one of the featured guests at a filming of a ground-breaking mini-
series on the "Tobacco Wars", which was attended by over 200 members of the press.
The series which was co-produced by TLC and BBC News will be broadcast on October
21 st and 22nd. Following is their press release describing the series as "The Definitive
Story of 'Big Tobacco,' Told By Insiders From the Cigarette Industry, Medicine,
Marketing and Politics".
NEWS RELEASE
TOBACCO WARS: TLC &amp; BBC NEWS PRESENT THE DEFINITIVE STORY OF
'BIG TOBACCO; TOLD BY INSIDERS FROM THE CIGARETTE INDUSTRY,
MEDICINE, MARKETING AND POLITICS
Major players recount the intense battle between tobacco interests and the mounting body
of evidence on the dangers of smoking; Three?hour, North American premiere in October
The cigarette is one of the most successful consumer products in the world. It is also one
of the world's biggest killers. For almost a century, big business has reaped huge profits
from the tobacco lcaf. But today, these profits are increasingly threatened. As states
across the U.S. divide their share of last year's multi?billion dollar tobacco settlement,
TLC and BBC News have teamed up to present the groundbrcaking three?part
mini?series, TOBACCO WARS. The first?ever co?production between TLC and BBC
News, TOBACCO WARS makes its North American premiere October 21, 9?11 PM
(ET/PT) and October 22, 9?10 PM (ET/PT). TOBACCO WARS is a comprehensive
history of the cigarette, providing an in?depth, balanced, and often shocking look at the
tobacco industry. The series' thrce one?hom� episodes are organized chronologically, from
the advent of the cigarette through its rise to becoming one of the most profitable
RJR0000001667090481
70040 9494

pgNbr=3
consumer products the world has ever seen. Via first person accounts and insider
documentation, TOBACCO WARS vi vidly portrays what the companies really knew
about the link between smoking and disease, explains how mankind became seduced by
such a dangerous a product, provides a status report on Big Tobacco today, and looks
towards the future of this most controversial of industries.
In candid and sometimes emotional interviews, TOBACCO WARS talks with the major
players from all sides of the conflict, including top tobacco executives; scientists who
believe their research was subverted; public?hcalth leaders; politicians and lobbyists;
marketing and public relations gurus who masterminded the iise of the cigarette; industry
whistleblowers; cancer victims who have waged war against the industry; and lawyers for
both sides. Corporate leader Bennett LeBow, head of Liggett &amp; Myers, whose admission
that cigarettes are addictive and cause lung cancer shattered Big Tobacco's aura of
invincibility, tells the inside story of why he decided to turn on his own industry. Steve
Goldstone, chairman of RJ Reynolds, and Nick Brookes, chairman of Brown and
Williamson, talk revealingly about heading companies perceived as corporate pariahs.
Ernest Pepples, vice?president of Brown and Williamson and a senior tobacco executive
for twenty?five years, speaks frankly about events throughout his industry's history. And
Charles Blixt, corporate counsel for RJ Reynolds, gives an insider's account of being on
the receiving end of the biggest litigation cases in history.
Also appearing in TOBACCO WARS: * David Kessler, former head of the Food and
Drug Administration; * British American Tobacco Chairman, Martin Broughton; *
Professor Stan Glantz, received the Merell Williams documents and posted them on the
internet. * Merell Williams, the paralegal who removed documents from Brown and
Williamson. * Former Health, Welfare and Education Secretary Joseph Califano, talks
about taking on tobacco in the Carter administration. * Dr. James Mold, former head of
research for Liggett, spearheaded research on the "safer cigarette" * Heart surgeon
Michael DeBakey, now in his 90s, who warned of the dangers of smoking before World
War IL * Dr. Vincent Lisanti, Former Associate Research Director of the Council for
Tobacco Research; * Michael Pertshuk, ex?chairmain of the Federal Trade Commission;
* Jeffrey Wigand, former head of research at Brown and Williamson, turned
whistlcblower; * Prof. John Banzhaf, founder, Action on Smoking and Health; * Former
Lucky Strike and Chesterfield girl Janet Sackman; * Charles LeMaistre, who was on the
Surgeon General Committee that formally announced in 1964 that "cigarette smoking is a
health hazard;" * Henry Waxman, former Chairman, Subcommittee Health &amp;
Environment; * and Mike Moore, the attorney general of Mississippi, who sued the
tobacco companies and won.
Using period footage, archival stills and extensive advertising art, TOBACCO WARS'
first episode, Lighting Up, tells the story of the modern cigarette. The program explains
how American cigarette baron Buck Duke laid the groundwork for the modern cigarette
industry, carving up the world's cigarette markets with the British and establishing the
basis for today's tobacco empires. Lighting Up shows how cigarette use exploded,
replacing snuff, cigars and chewing tobacco as the smoke of choice across all sections of
society as the cash?rich tobacco industry helped first soldiers, then civilian men and
women, acquire the habit of this less messy, more convenient smoke.
In the 1950s and 60s, however, the truth about smoking's dangers began to unfold, and
the Surgeon General's 1964 report on smoking officially pronounced the link between
RJR0000001667090481
70040 9495

pgNbr=4
</ot>
</LTDLWOCR>
