<?xml version="1.0" encoding="ISO-8859-1"?>
<LTDLWOCR>
<tid>aap53a00</tid>
<bt>2046807660A</bt>
<!-- Note:br t="m":2046807660/7660A-->
<dd>19951103/E</dd>
<dt>TELE, TELEX</dt>
<dt>MEMO, MEMORANDUM</dt>
<au>FIRESTONE,M</au>
<rc>LOGUE,M</rc>
<pc>BECKER,D; PURCELL,C; WINOKUR,M</pc>
<np>BECKER,D; PURCELL,C</np>
<no>CHELSEA; EPA, ENVIRONMENTAL PROTECTION AGENCY</no>
<!-- Note:si:N484-->
<!-- Note:s:FIRESTONE,MARC/OFFICE-->
<ti>BARRERA</ti>
<pg>1</pg>
<!-- Note:lu:FEDA/PRODUCED-->
<!-- Note:dl:20031015-->
<dl>20031115</dl>
<ot>	Page i	
	V	
	Note for Firestone, Marc	
From:
Date:	Logue, Mayada
Tue, Nov 14, 1995 9:08 -ANI	
3
Sutject:	RE: Barrera	~
To:	Firestone, Marc	~
		J
~
	I will discuss with you when I see you at 3:45 PM today--to discuss another issue	~
		G
	From: Firestone, Marc on Fri. 3, 1995 8:00 AM
Subject: Barrera
To: Logue, Mayada
Cc: Becker, Debbie A; Purcell, Clare; Winokur, Matt
Mayada:
1, Please call me about the Chelsea contract.
2. The Barrera bill for August has time for research on EPA regulation of corn, barley, and wheat.
It's not much money, but I'm curious as to the relevance of the work.
3. The Barrera bill also includes time for reviewing the Federal Register for matters related to IAQ
and ETS. Clearly, that is work that needs to be done, but we're probably paying two or three other
firms for the same work. Multiple payments for reading the Register probably does not amount to
much of money, but it is an example of possible duplication of effort across fams, which may or
may not be a problem generally. In any event, I'd like to ask Debbie and CIare to consider how best
to analyze all ETS/IAQ-related bills and projects to ensure that we are assigning work in the most
efficient and cost-effective manner.
Thanks very much.
:vlarc	

pgNbr=1
</ot>
</LTDLWOCR>
