<?xml version="1.0" encoding="ISO-8859-1"?>
<LTDLWOCR>
<!-- forcebtag -->
<tid>aax7aa00</tid>
<bt>50048798/8798</bt>
<dd>19720327</dd>
<dt>LETTER</dt>
<au>LOOSLI CG, UNIV S CA SCHOOL OF MEDICINE</au>
<rc>KREISHER JH, CTR</rc>
<bx>236</bx>
<!-- Note:dp:19960830-->
<!-- Note:co:MAR-->
<!-- Note:gn:GR00573-->
<!-- Note:lu:MNAG-->
<pg>1</pg>
<dl>20020201</dl>
<ot>(213) 225-1511
EXT. 280
UNIVERSITY OF SOUTHERN CALIFORNIA
SCHOOLOr MEDICINE
2025 ZONALAVENUE
LOS ANGELES, CALIFORNIA 90033
�DEPARTMENT OF MEDICINE
March 27, 1972
.
John H. Kreisher, Ph.D.
Council for Tobacco Research-USA
110 East 59th Street
New York, New York 10022
Dear John:
It was good to see you, both here and in Palm
Springs.
As I said, following your directions the various
attachments were put on and the adjustments made on
the other two smoking machines. Attachments for
connecting the air hoses to the compressed air source
have been made so that one or all machines can be
operated at the same time.
In my letter of March 13th to you I said the mouse
holders were too small for the mice we have on hand.
As I recall, you said at the meeting that the number 2
size is available. I hope you might have these sent out
to us at your earliest convenience.
While these machines are not yet calibrated, we
are anxious to gain experience in their use.
With appreciation and good wishes, I am
Sincerely yours,
Clay~on G. Loosli, M.D.
Hastings Professor of
Medicine and Pathology
CGL:nw
�

pgNbr=1
</ot>
</LTDLWOCR>
