<?xml version="1.0" encoding="ISO-8859-1"?>
<LTDLWOCR>
<tid>aai02a00</tid>
<bt>2026523369</bt>
<!-- Note:br t="m":2026523358/3389-->
<!-- Note:br t="o":PAT803026467; PATPM913-->
<dd>19830223</dd>
<dt>LETT, LETTER</dt>
<au>BASS,JH</au>
<rc>MANDIRATTA,JC</rc>
<np>F,P</np>
<ca>REDDIE GROSE</ca>
<cr>FTR, FABRIQUES DE TABAC REUNIES S.A.</cr>
<no>EPO</no>
<no>PM, PHILIP MORRIS</no>
<fn>2026523356/2026523589/FTR-913 + 913B;</fn>
<!-- Note:si:R475-->
<!-- Note:s:SCHARDT,JIM/INACTIVE FILES-->
<ti>EUROPEAN PATENT APPLICATION 80 302 646.7 YOUR CASE: PM 913 - OUR FILE: 23348</ti>
<pg>1</pg>
<!-- Note:lu:OKAG/PRIVILEGE WITHDRAWN; OKAG/PRODUCED-->
<!-- Note:dl:19990524-->
<dl>20020201</dl>
<ot>Reddie &amp; Grose
Chartered Patent Agents
European Patent Attorneys
16 Theobalds Road
London WC1X 8PL
Patents Designs Trade Marks
J.C.- Mandiratta, Esq.,
Fabriques de Tabac Reunies
P.O. Box 11,
2003 Neuchatel, ~
SWITZERLAND.
(C
SA,
RECEIVED
PHILtL"� MORRtS, INC.
LAVY DC?T.-PATEr.T SECTION
. 1 8 '19KJ
Dear Jack,
NcTEu
I
John W.Bailey
David A. Pears M.A.
John H. Bass B.sc.
P. Antony Smith M.A.
F A. B. Valentine M.A.
Richard C. Abnett M.A.
Paul A. Brereton M.A.
Keith E. Gsering B.A.
D. S. Jackson B.sc.
J. J. Day B.sc.
B. G. W. Lloyd M.A. D.PHIL.
Sarah Dixon B.A.
Conculrant
Michael Hesketh-Prichard
Telephone 01-242 0901
Cables Reddie London WCl
Telex 25445 Reddie G
LDE No 280
JHB/PC/23348
23rd February 1983
European Patent Application 80 302 646.7
Your Case: PM 913 - Our File: 23348
I am pleased to report the acceptance of the above application and enclose a
copy of the Advance Notice together with a copy of the proposed text for the
granted patent.
I have checked the proposed text, and it seems to be in order. The Examiner
has made his own minor amendments on the first four pages, but these only
correct one spelling mistake and alter the patent designations to the form
approved for EPO publications.
If you also agree with the proposed text, we could inform the EPO of our
approval, following which the grant procedure will proceed. In any event,
if we do not object within two months the procedures will follow automatically.
Perhaps you would let me know if you approve the text or, more urgently, if
you have any objections at this stage.
I am sending a copy of this letter and the text to Richmond, in case they
may have any last minute thoughts on the case.
Yours sincerely,
J.H. BASS
Enc: Advance Notice
copy proposed text
c.c. Patent Counsel, Richmond, U.S.A.
pgNbr=1
</ot>
</LTDLWOCR>
