<?xml version="1.0" encoding="ISO-8859-1"?>
<LTDLWOCR>
<tid>aak80e00</tid>
<bt>89356863</bt>
<dd>19870903</dd>
<dt>NOTE, NOTE</dt>
<au>D,R</au>
<rc>XX NOKI</rc>
<ca>MICRO, MICROBIOLOGICAL ASSOCIATES</ca>
<!-- Note:co:HAND, HANDWRITTEN-->
<!-- Note:si:G41-->
<!-- Note:s:LIFE SCIENCES LAB 20/BASEMENT GMP-->
<ti>I-7010.013</ti>
<pg>1</pg>
<!-- Note:rn t="m":R1-058-->
<!-- Note:lu:STMN/PRODUCED-->
<!-- Note:dl:19980605-->
<!-- Note:b:REFERENCE II; REFERENCE III-->
<dl>20020201</dl>
<ot>MICROBIOLOGICAL
~ ASSOCIATES INC.
,
e-To C, -- ~., p I 44-J2 9 vc-s^~C,
-~ ~
~[Qlo I .
4-,,}~,,, ~ +2~ Q Q-f-
0 C

.
.,
Microbiological Associates Inc.
5221 River Road
Bethesda, Maryland 20816
(301 ) 6543400
Telex: 90-8793
A Subsidiary of
Daryl laboralories Inc.
I
pgNbr=1
</ot>
</LTDLWOCR>
