<?xml version="1.0" encoding="ISO-8859-1"?>
<LTDLWOCR>
<tid>aad78e00</tid>
<bt>2022889470/9471</bt>
<dd>19920624</dd>
<dt>TELE, TELEX</dt>
<au>CARLSON,S; GAISCH,H</au>
<rc>ANDRADE,A; CARLSON,S; CHARLES,J; GAISCH,H; NAS,MC; PARRISH,S; WIRZ,G</rc>
<pc>ANDRADE,A; CHARLES,J; MAGLIONE,P; PARRISH,S; PARSONS,M; WINOKUR,M</pc>
<np>BORELLI,T; GAISCH,H; NAS,MC; PARRISH,S</np>
<np>A,HG</np>
<no>BM, BURSON-MARSTELLAR; HBI, HEALTHY BUILDINGS INTL; IMPERIAL COLLEGE</no>
<!-- Note:co:MARG, MARGINALIA-->
<fn>2022889338/2022889743/SCIENCE &amp; TECHNOLOGY - NEUCHATEL; </fn>
<!-- Note:si:N326-->
<!-- Note:s:PARRISH,STEVE/OFFICE-->
<ti>S&amp;T'S SERVICES TO CORPORATE AFFAIRS</ti>
<pg>2</pg>
<!-- Note:rn t="m":STMN/R1-004-->
<!-- Note:lu:STMN/PRODUCED-->
<!-- Note:dl:19980605-->
<dl>20020201</dl>
<ot>F,bm: SCARLSON--VCH0021A
To: AANDRADE--VCH0021A Anthony Andrade
JCHARLES--VUS0212A Jim Charles
MNAS --VCH0021A Marie-Claire Nas
Date andi time 016.24.92 15:22:15
SPARRISH-VUS0212A Stearen Parrish
HGAISCH-VCH00'2'1A Helmut Gaisch
From: Stig Carlson
To : Helmut Gaisch
Subject: S&amp;T's Services to Corporate Affairs
Marie-Claire Nas is, in her role as the new Environmental issues and, ETS
head of EEMA, working on an updated'EEMA activity plan, which I know willl
be very ambitious both in the GR and MR briefing areas. - Out of this master
plan1will come an even increased need for PM ETS' briefings, using, mainliy
S&amp;T, which will have an even increased role to fi11 in the future.We also
need'resources like Tbm Borelli himselif; destination briefling resources (li-
ke Imperial College), outside neutral experts like HBI:, etc.
Whilst the needs for GR and MR briefings in growing further, the emphasis of
the ETS warfare has changed from predominantly scientific to predominantly
political, and hence we are working with a description of the changes needed
in the presentation - messages
- formats incl overheads etc
_ - briefing routines
_ - follow-up material
which is the reason why we, together with you, started up the ETS'briefing
operation with Burson-Marsteller London..
I do not intend to go into detail about t e questions you ask, because they
are history, and I instead repeat my suggestion we need to find time for a
meeting where we can discuss the EEMA ETS plan, the.proposed new presentation
strategies, and agree upon the future.
I have:a feeling,Steve Parrish is already working on such a date,,
best regards, Stig
*'** Forwarding note from HGAISCH --VCH00211A 24.06.92 14:28
**'*
To: GWI,RZ --VBE0002A G. Wirz SCAF2LSON~--VCH0'0'2'lA Stig Carlson
TO : Messrs. Stig Carlson and Gerard Wirz
FROM : Helmut Gaisch (,S&amp;'T)
S'OBJECT: S&amp;T's Services to Corporate Affairs
Dear Stig, dear Gerard,
I am going to meet with Mr. Parrish next week iniorder to dis-
cuss, amongst other things, the lingering malaiseiconcerning
S&amp;T's presentations. You could do me an enormous favour, ifl
you.would each cite one or two concrete examples od situations,,
whenIS&amp;T's services were considered not up to expectation.
Could'you please provide Mr. Parrish and me withithe followingg
information : (a) the date, (b) the name of the S&amp;T presenter,.
(c) who was the audience, (d') who was the accompanying Corporate.
Affairs person, (e) in case a:prior brief was given to S&amp;T, what
did'it consist of, and (f) what were the principal shortcomings
of' S&amp;T's performance.
I very much appreciate your help in this matter.
With kind regards,
Helmut Gaisch,
cc: SPARRISH--VUS0212A StevenlParrish AANDRADE--VCH0021A Anthony Andrade
pgNbr=1
JCHAPttiES--VU~S:.02I12A~ Jim~ Charles PMAGLII~ON--i7BE0002A~ P. Maglione
cc: MWII+TOK[7PF--WS'.0212A Matthew Winokur MPARSONS--VBE0002A M. Parsons
pgNbr=2
</ot>
</LTDLWOCR>
