<?xml version="1.0" encoding="ISO-8859-1"?>
<LTDLWOCR>
<tid>aaf22c00</tid>
<bt>2085269108</bt>
<!-- Note:br t="m":2085269107/9109-->
<dd>20011114</dd>
<dt>EMAI, E-MAIL</dt>
<au>FALVO,JJ</au>
<rc>TEITELBAUM,SZ</rc>
<np>RADICE,T; SALOUN,T</np>
<!-- Note:si:N539-->
<!-- Note:s:TEITELBAUM,SHERI/OFFICE-->
<ti>RE: VACATION DAYS</ti>
<pg>1</pg>
<!-- Note:lu:FEDA/PRODUCED-->
<!-- Note:dl:20021230-->
<dl>20030115</dl>
<ot>-Original Message-
From: Falvo,JeBJ.
Sent: Wednesday, November 14, 2001 7:39 AM
To: Teitelbaum, Shari Z.
Subject: RE: Vacation Days
2085269108
thanks. was a good b-day. tried to get you a few times yesterday. let me know when you are free. would like to
continue discussion on our manager meeting. also talked to torn radice yesterday with tom saloun re: thursday. would
lilke to update you. tried to get you prior, but it was short notice.

pgNbr=1
</ot>
</LTDLWOCR>
