<?xml version="1.0" encoding="ISO-8859-1"?>
<LTDLWOCR>
<tid>aai20e00</tid>
<bt>00623712/3713</bt>
<dd>19701025</dd>
<dt>MEPL, MEDIA PLAN</dt>
<ca>LENNEN + NEWELL</ca>
<!-- Note:si:G29-->
<!-- Note:s:LEGAL DEPT FILES/BASEMENT GMP-->
<ti>'LOOK CLOSER' TV</ti>
<pg>2</pg>
<!-- Note:lu:TXAG/PRODUCED-->
<!-- Note:dl:19990419-->
<!-- Note:b:TRUE-->
<dl>20020201</dl>
<ot>��

pgNbr=1
4
LENNEN &amp; NEWELL, INC.
CLIENT: LORILLARD
PRODUCT: TRUE
FI RST AI RDATE: OCT. 25, 1.970
1. ANNCR: Government tests
on all cigarettes show
4. See anything on the
front of True's pack that
isn't on yours?
7. 0.7 nicotine...
10. Think about it...
"AS FILMED"
COMMERCIAL k : LWLT0013
COMMERCIAL TITLE: "LOOK CLOSER"
LENGTH: 30 SECONDS
2. the highest at 31.0 miiii-
grams tar, 2.2 nicotine.
5. Right. It's True's numbers.
8. is lower than 99% of all
other cigarettes sold.
11. doesn't it aR add up to
True?
3. Lowest at 1.9 milligrams
L tar, 0.1 nicotine.
6. True at 12.6 milligrams tar...
9. So we put our numbers right
out front.
.
pgNbr=2
</ot>
</LTDLWOCR>
