<?xml version="1.0" encoding="ISO-8859-1"?>
<LTDLWOCR>
<!-- forcebtag -->
<tid>aaz65f00</tid>
<ti>-- No Title --</ti>
<dt>Memo</dt>
<dt>Correspondence</dt>
<dd>19790928</dd>
<au>Brown-R, Daniel Charles</au>
<rc>Degenhardt-W</rc>
<pc>Adler-B;Schan-M;Reeves-D;Grossbaum-E;Foley-J</pc>
<np>ATCO</np>
<!-- Note:ci:10004026-->
<!-- Note:rn t="m":Attached to a Responsive Document-->
<pg>1</pg>
<!-- Note:ag:60083880-->
<!-- Note:dl:19981123-->
<bt>990413828</bt>
<!-- Note:br t="a":ATX040108874/ATX040108874-->
<dl>20020201</dl>
<ot>MEMO FROM DANIEL &amp; CHARLES ASSOCIATES, LTD
date:	September 28, 1979	cc:	B,	Adler

subject:	
American Tobacco Co. Newspaper Status Report		M.
D.	Schan
Reeves

from:	
Reva Brown		E.
J.	Grossbaum
Foley
to:	William Degenhardt .	-		
Attached are three copies of the American Tobacco Company 1979
quarterly Newspaper Status Report (Third Quarter).
please let me know if you would like additional copies of this
report.

pgNbr=1
</ot>
</LTDLWOCR>
