<?xml version="1.0" encoding="ISO-8859-1"?>
<LTDLWOCR>
<tid>aaw54a00</tid>
<bt>91355063/5064</bt>
<dd>19910610</dd>
<dt>MEMO, MEMORANDUM</dt>
<dt>PROM, PROMOTIONAL MATERIAL</dt>
<au>SEGER,GR</au>
<rc>HAMMER,R</rc>
<pc>CALDARELLA,R; GIACOIO,AJ; LINDSLEY,V; RICHARDSON,R; SPELL,RB; TELFORD,G</pc>
<ca>LOR, LORILLARD</ca>
<cr>LOR, LORILLARD</cr>
<no>PARADIES GIFT SHOPS</no>
<fn>91355011-A/91355075/ADVERTISING</fn>
<!-- Note:si:N71-->
<!-- Note:s:GIACOIO,ALFRED/STORAGE FILES-->
<ti>ADVERTISING - DETROIT AIRPORT</ti>
<pg>2</pg>
<!-- Note:rn t="m":R1-037-->
<!-- Note:lu:FEDA/PRODUCED-->
<!-- Note:dl:20010914-->
<!-- Note:b:KENT; NEWPORT-->
<dl>20040515</dl>
<ot>i
Page Two
Advertising - Detroit Airport
I recommend that we participate in their Detroit
Transparency Promotion.
Please advise.
G. R. S.
cc:	Mr.	A.	J. Giacoio
	Mr.
Mr.
Mr.
Mr.
Mr.	G.
R.
R.
R.
V.	Telford
B. Spell
Caldarella
Richardson
Lindsley
P.S. The Paradies Gift Shops are very up-scale locations.
The demographics may fit Kent better than Newport.
Potentially, both Kent and Newport could be featured.


pgNbr=1
1UBACCO COMPANY
6659 PEACHTREE INDUSTRIAL BLVD., SUITE F. NORCROSS, GA. 30092 TELEPHONE (404) 449-7107 FAX (404) 246-9061
June 10, 1991
TO: Mr. R. Hammer
FROM: G. R. Seger
SUBJECT: ADVERTISING - Detroit Airport
As discussed at the Mid-Year Meeting, attached is the
information regarding The Paradies Shops transparency
promotion at the Detroit Metropolitan Airport.
They offer four different programs consisting of either five
or six signs. The transparency signs are located either
inside of The Paradies Gift Shops or on the exterior walls
of the Gift Shops facing the concourse. Trograms 1, 3, and
4 include both interior and exterior signage. Program 2
consists of only exterior signage.
The interior signs are either 24 x 36 or 30 x 40 and the
exterior signs are either 30 x 40 or 36 x 48.
The cost for a five sign program is $600 per month and the
six sign program is $750 per month. The cost appears
reasonably when comparing the size of the signs and the
tremendous number of exposures available at the Detroit
Airport, versus the cost of signs with Convenience Store
Media.
We are currently negotiating with Paradies Gift Shops for
the placement of a Lorillard permanent counter display in
their 75+ gift shops that sell cigarettes. Our
participation in their Detroit Transparency Promotion would
have a very positive impact on our negotiations for a
Lorillard permanent counter display.

pgNbr=2
</ot>
</LTDLWOCR>
