<?xml version="1.0" encoding="ISO-8859-1"?>
<LTDLWOCR>
<tid>aab14e00</tid>
<bt>2022924060</bt>
<dd>19900700/E</dd>
<dt>AGEN, AGENDA</dt>
<np>DWYER,B; HARGRAVE,J; HAWS,L; HENRIKSON,A; MILLIKEN,R; P,CI; S,JE; THESING</np>
<np>S,JE</np>
<no>FILTRONA; FTR, FABRIQUES DE TABAC REUNIES S.A.; PVA MATRIX</no>
<!-- Note:co:ILLE, ILLEGIBLE;  MARG, MARGINALIA-->
<fn>2022923914/2022924143/PM 1483 ARTERBERY ET AL CONCENTRIC SMOKING FILTER HAVING DISCRETE TOW AND WEB FILTER MEDIA; </fn>
<!-- Note:si:R475-->
<!-- Note:s:SCHARDT,JIM/LATERAL FILES-->
<ti>PROJECT BOLD. BRIEF HISTORY</ti>
<pg>1</pg>
<!-- Note:rn t="m":STMN/R2-038-->
<!-- Note:lu:STMN/PRODUCED-->
<!-- Note:dl:19980605-->
<dl>20020201</dl>
<ot>BRIEF HISTORY
PROJECT BOLD
Aug. '82 Disclosure by L. Haws (D81) [Concentric Design with differing inner and
outer tow layers]
Oct. '82 Inhouse Search; apparently no case filed
Dec. '87 PM 1270 (Thesing et al) PENDING
Concentric Filter w/Flavor
CIP of PM 1097 - PVA Matrix case
Jan. '89 Disclosure by B. Dwyer (D455)
*See background re: Filtrona infile
April ' 89 Norwegian priority appl'n filed by FTR
(0091) on Concentric Filter
Project Paradoxe
Broad claims to different filtering efficiencies
of core and sheath material
Nov. 89 Conference with JES and Allan Henrikson
Dec. ' 89 I forwarded all our information to R. Milliken
Feb. '90 Judith Hargrave sent request from marketing to also file FTR 0091 in Australia
Mar/April '90 She is waiting for advice on licensing
July '90 Project Bold - PM 1483
Preparation for filing -
pgNbr=1
</ot>
</LTDLWOCR>
