<?xml version="1.0" encoding="ISO-8859-1"?>
<LTDLWOCR>
<tid>aac41c00</tid>
<bt>2085753598</bt>
<!-- Note:br t="m":2085753598/3600A-->
<dd>20011019</dd>
<dt>EMAI, E-MAIL</dt>
<au>HOEL,J</au>
<rc>SUTTON,J; TURNER,H</rc>
<np>BAKER; TURNER,H; WILLARD,R</np>
<!-- Note:si:W16-->
<!-- Note:s:HOEL,JOHN/OFFICE-->
<ti>RE: ATTORNEY GENERAL BAKER AND RUSS WILLARD'S VISIT TO NY ON WEDNESDAY, 001024</ti>
<pg>1</pg>
<!-- Note:lu:FEDA/PRODUCED-->
<!-- Note:dl:20030107-->
<dl>20030215</dl>
<ot>2085753598
Hoel, John
From: Hoel, John
Sent: Friday, October 19, 2001 7:51 AM
To: Sutton, Joann (FGA); Turner, Henry
Subject: RE: Attorney General Baker and Russ Willard's visit to NY on Wednesday, October 24
Henry, call your friends at Delta and f:gure out what they have been smoking.

pgNbr=1
</ot>
</LTDLWOCR>
