<?xml version="1.0" encoding="ISO-8859-1"?>
<LTDLWOCR>
<tid>aao92e00</tid>
<bt>2040156153</bt>
<dd>19950000/E</dd>
<dt>BUDG, BUDGET, BUDGET REVIEW</dt>
<!-- Note:co: NAME, NAME;  -->
<fn>2040156142/2040156292/MISTY DEFENSIVE C0490</fn>
<!-- Note:si:N575-->
<!-- Note:s:RUSH,SONYA/OFFICE-->
<ti>MISTY FSI BUDGET</ti>
<pg>1</pg>
<!-- Note:rn t="m":STMN/R2-039-->
<!-- Note:lu:STMN/PRODUCED-->
<!-- Note:dl:19980605-->
<!-- Note:b:MISTY-->
<dl>20020201</dl>
<ot>MISTY FSI BUDGET
2040156153
								
targetted					leadershi			
CIRCULATION	23956000				CIRCULATION	23956000		
MEDIACOST	400000	responders	sticks		MEDIACOST	400000		
REDEMPTION	0.005	119780	9582400		REDEMPTION	0.02	479120	38329600
4 PACKS	431208				4 PACKS	862416		
POSTAGE/PA	329395				POSTAGEIPA	1317580		
	1160603					2579996		
								
Gap								
CIRCULATION	13756000							
IU1EDIA COST	400000							
REDEMPTION	0.005	68780	5502400					
4 PACKS	247608							
POSTAGE/PA	189145							
	836753							
								
Page 1
pgNbr=1
</ot>
</LTDLWOCR>
