<?xml version="1.0" encoding="ISO-8859-1"?>
<LTDLWOCR>
<tid>aam80c00</tid>
<bt>2048124196</bt>
<dd>19800520/E</dd>
<dt>AGEN, AGENDA</dt>
<np>DOUGLAS,P</np>
<ca>PM, PHILIP MORRIS</ca>
<no>7 UP; MILLER; MISSION VIEJO; PM EXECUTIVE COMM</no>
<!-- Note:pa1:2048124195/2048124198&lt;/pa1-->
<!-- Note:si:N381-->
<!-- Note:s:MCADAMS,DIANE/BOARD FILE ROOM-->
<ti>AGENDA PHILIP MORRIS MEETING OF THE EXECUTIVE COMMITTEE TUESDAY, 800520</ti>
<pg>1</pg>
<!-- Note:lu:MILE/PRODUCED-->
<!-- Note:dl:20030206-->
<!-- Note:b:CAMBRIDGE-->
<dl>20030215</dl>
<ot>PHILIP MORRIS
INCORPORATED
100 PARK AVENUE, NEW YORK, N.Y. 10017 TELEPHONE (212) 679-7800
AGENDA
Philip Morris Meeting of the Executive Committee
Tuesday, May 20, 1980
1. Discussion of Cost of Money Trends.
2. State of Business -
Tobacco - U.S. and International
Miller
Seven-Up -- Mission Viejo - PM Industrial
Financial Projections - 1980 Earnings
3. Paul Douglas - June Meeting
4. Discussion re Executive Committee Meeting in July
5. Philip Morris U.S.A. Report - Cambridge
MARLBORO BENSON &amp; HEDGES PARLIAMENT VfRGINIA SLIMS MULTIFILTER PERSONNA BLADES MILLER HIGH LIFE BEER
pgNbr=1
</ot>
</LTDLWOCR>
