<?xml version="1.0" encoding="ISO-8859-1"?>
<LTDLWOCR>
<tid>aaj77e00</tid>
<bt>2030341742</bt>
<!-- Note:br t="m":2030341727/1742-->
<dd>19910000/E</dd>
<dt>LIST, LIST</dt>
<dt>CHAR, CHART, GRAPH, TABLE, MAPS</dt>
<au>B,KG</au>
<!-- Note:co:MARG, MARGINALIA-->
<fn>2030341630/2030341967/ENGINEERING MODULE II;</fn>
<!-- Note:si:M7-->
<!-- Note:s:BARFIELD,DAVE-->
<ti>ENGINEERING PRODUCT LIST FUNCTION F - PROVIDE ENGINEERING AND TECHNICAL SERVICES TO OTHER FACILITIES AND COMPANIES</ti>
<pg>1</pg>
<!-- Note:lu:MORM/PRODUCED-->
<!-- Note:dl:19990524-->
<dl>20020201</dl>
<ot>e
I
ENGINEERING
PRODUCT LIST
FUNCTION F -
SELF
IMPACT
RATING
8
8
7
7
7
S
9
6
7
7
p
i
Uh
ti
~
,
PROVIDE ENGINEERING AND TECHNICAL SERVICES '~rr's V~~ '~
OTHER FACILITIES AND COMPANIES. qe0
PRODUCT
CODE
F3
F4
F5
F6 ~
F7
~
F8 6
F9
F10
Fil
F12
PRODUCT DESCRIPTION
Technical information for equipment.
Technical information for electrical
equipment distribution, i.e. PMF, B-100.
Copies of existing drawings.
Copies of existing loops.
Copies of existing specs.
Copies of PLC programs.
Availability of spare parts
(Coordination)
Technical review and modification of
other processes.
Compliance of Project Design with
Park 500 Standards.
Company-wide Engineering Standards
Technical troubleshooting and problem
solving.
Verification of compliance with
regulatory requirements for disposal
and/or modification of any processes.
Z030341'742
fh/A:G143.KGB
-17-
pgNbr=1
</ot>
</LTDLWOCR>
