<?xml version="1.0" encoding="ISO-8859-1"?>
<LTDLWOCR>
<tid>aav45d00</tid>
<bt>2024024234</bt>
<!-- Note:br t="m":2024024232/4234-->
<dd>19921100/E</dd>
<dt>CHAR, CHART, GRAPH, TABLE, MAPS</dt>
<no>UNIV OF ME</no>
<fn>2024024125/2024024446/MISSING; 2024024126/2024024248/MISSING;</fn>
<!-- Note:si:R605-->
<!-- Note:s:PAINE,JOHN/OFFICE-->
<ti>EXAMINATION OF VARIOUS LEVELS OF KH2PO4 SIZED ON TWO CACO3 PAPERS MADE AT THE U. OF MAINE</ti>
<pg>1</pg>
<!-- Note:lu:PPLA/PRODUCED-->
<!-- Note:dl:20000531-->
<!-- Note:b:EAG MONITOR-->
<dl>20020709</dl>
<ot>EXAMINATION OF VARIOUS LEVELS OF KH2PO4 SIZED
ON TWO CaCO3 PAPERS MADE AT THE U. OF MAINE
Paper Description Ash: Cor- SBT EC EC X SBT % 5S
1
Code A/C/F/S esta Redn.
------------------------------------------------------------------------------
H1697	33% MM, 48 g/m',	1/'2/1/2'.	4_8	8.0	0_35	2.80	54
	10.1% KH2PO4						
H1698	33% MM, 48 g/m',.	1/2/1/2	6.1	6.9	0~.38	2.62	50
	7.3% KH2P04						
H1699	338 MM, 48 g/m",.	1/2/1/2	7.5	7.4	0.43	3.18	43
	7.0% KH2PO9						
H1700~	33% MM, 48 g/m',
5.28 KH2PO4	1/2/4/2
,	8.7	7.0	0.52	3.64	32
H1701	238bIId &amp; 10% M-1i0,	1/2/2/2	4.3	9.4	0.29'	2.73	62
	49 g/m', 10.4% KH2PO4						
H1702.	23% MM &amp; 10% M-10,	1/2/1/2'.	5.5	8.7	0.34	2.96	55
	49 g/m', 8.0% KH2P04			.			
H1'703'	23% MM &amp; 10% M-10,	1/2/1/2	7.5	7.4	0.40	2.96	47
	49 g/m',. 6.6% KH2PO4.						
H1704	23% PIDf &amp; 10% M-104	2/2/1/2	8.2	7.0	0.51	3.57	33
	49 g/m', 4.9% KH2P04						
MM = Multifex MM calcium carbonate
M-10 = Microna-l0 calcium carbonate
I Compared to EAG monitor cigarette..
COMMENTS NO
1. Additions of &gt; -7 % KH2PO4 caused sharp decreases in permeability for both papers. ~
2. At higher levels of KH2PO4 addition, the paper with Multi!fex MM and Microna- 10 burned more Q
slowly but did not give better SS reducGion as measured by the cross-product of EC and N
SBT ~~~WW11ii!.
~

pgNbr=1
</ot>
</LTDLWOCR>
