<?xml version="1.0" encoding="ISO-8859-1"?>
<LTDLWOCR>
<tid>aad81c00</tid>
<bt>2501908369</bt>
<!-- Note:br t="m":2501908356/8529-->
<dd>19980100/E</dd>
<dt>TABS, TAB PAGES, BLANK PAGE</dt>
<no>SCIENTIFIC ADVISORY BOARD</no>
<fn>2501908264/2501908550-A/SAB (3)</fn>
<!-- Note:si:I30-->
<!-- Note:s:REININGHAUS,WOLF/SEC'Y FILES-->
<ti>APPENDIX 1.1 SCIENTIFIC ADVISORY BOARD MEMBERS</ti>
<pg>1</pg>
<!-- Note:lu:MILE/PRODUCED-->
<!-- Note:dl:20030318-->
<dl>20030415</dl>
<ot>Appendix 1.1
Scientific Advisory Board Members

pgNbr=1
</ot>
</LTDLWOCR>
