<?xml version="1.0" encoding="ISO-8859-1"?>
<LTDLWOCR>
<tid>aal58c00</tid>
<bt>81745635/5636</bt>
<dd>19981026</dd>
<dt>MEMO, MEMORANDUM</dt>
<au>SPELL,RB</au>
<np>BELONGIA,R; CALDARELLA,R</np>
<ca>LOR, LORILLARD</ca>
<cr>LOR, LORILLARD</cr>
<fn>81745220/81746053/MERCHANDISING</fn>
<!-- Note:si:N94-->
<!-- Note:s:SPARROW,KATHY/CENTRAL FILES-->
<ti>MERCHANDISING - MAVERICK SPECIALS</ti>
<pg>2</pg>
<!-- Note:rn t="m":R1-037-->
<!-- Note:lu:FEDA/PRODUCED-->
<!-- Note:dl:20010914-->
<!-- Note:b:MAVERICK-->
<dl>20030115</dl>
<ot>Directors of Sales are to discuss any/all Maverick Specials chain merchandising voids
planned for presentation with Rich Belongia or Bob Caldarella prior to any
presentation being made.
I appreciate your cooperation in maintaining Maverick Specials merchandising "status
quo" until further notice.
~BS
R. B. S.
.vhw
CC: Directors of Sales
Sales General
.... ~os.w...~cmc 2

pgNbr=1
MEMORANDUM
October 26, 1998
TO: All Regional Sales Managers; Managers, Chain Accounts; Division
Managers and Assistant Division Managers
FROM:
SUBJECT:
R. B. Spell
MERCHANDISING - Maverick Specials
As a result of your efforts, the objectives of Lorillard's Excel Merchandising Program
have exceeded our expectations. Specifically, our Price Value Display presence and
exposure has increased/improved dramatically.
We are currently establishing our operating expenditure budgets for 1999.
During this year's budget process, various components relative to the efficiency of
Maverick Specials merchandising, distribution and sales performance surfaced and is
currently being reviewed.
Until this comprehensive analysis has been completed, all Field Sales Employees
should cease solicitation and/or new placement of Maverick Specials Excel Permanent
Package Displavs and/or Maverick Specials Promotional Centers in all outlets eacept
Ciearette Stores.
Anylall Maverick Specials merchandising commitments agreed to and fmalized prior
to receipt of this memo may be honored.

pgNbr=2
</ot>
</LTDLWOCR>
