<?xml version="1.0" encoding="ISO-8859-1"?>
<LTDLWOCR>
<tid>aae13e00</tid>
<bt>2060564597</bt>
<dd>19971222/E</dd>
<dt>NOTE, NOTE</dt>
<rc>XX CATHY</rc>
<np>DEMARCO,A; XX WALTZ; Z,J</np>
<no>NATURAL SCIENCES</no>
<!-- Note:co:ILLE, ILLEGIBLE-->
<fn>2060564596/2060564750A/MINNESOTA DEPOSITION NO.3 971204;</fn>
<!-- Note:si:R461-->
<!-- Note:s:ELLIS,CATHY/OFFICE-->
<ti>WHILE YOU WERE OUT</ti>
<pg>1</pg>
<!-- Note:lu:IWOH/PRODUCED-->
<!-- Note:dl:19990417-->
<dl>20020201</dl>
<ot>For I u.rqerit ;
Of `
Pfione
! AREA,CODE
NUMBER_..e 1=:_=' :-EXTENSION
.., ~, . ~:`+4...._ __. ..._,....--..:
~ `~'Tele hone'd r~
tease G
arne To~See You,j�~ ~~~~~Wili Cal( Again
Refurn'ed Your Calf
�
essag
0.4
ID
~ &lt;&lt;
Signed
=`=1= 9711 `
I
'ants 1 o,See You
ADAMS BUSINESS FORMS
.;
pgNbr=1
</ot>
</LTDLWOCR>
