<?xml version="1.0" encoding="ISO-8859-1"?>
<LTDLWOCR>
<!-- forcebtag -->
<tid>aai62f00</tid>
<bt>TIMN0384956</bt>
<dd>00000000</dd>
<dt>REPORT</dt>
<!-- Note:co:CONFIDENTIAL-->
<ti>RANK OF APPARENT LUNG CANCER RISKS IN RELATION TO THE APPARENT RISK FROM ETS</ti>
<!-- Note:rn t="m":MN1-59-->
<bx>131</bx>
<!-- Note:dp:12/31/96-->
<pg>1</pg>
<!-- Note:s:CB1550, TI STORAGE BOX 6027-->
<!-- Note:cn:Minnesota AG-->
<!-- Note:dl:19980605-->
<dl>20020201</dl>
<ot>	RANK OF APPARENT LUNG CANCER RISKS IN RELATION TO THE APPARENT RISK FROM ETS
~							
	ETS	1					

~	Hormone therapy	7					
~	Motor exhaust		8				
0							
	Phys. inactivity		8				
O	Milk intake			10			
	Alcohol intake			11			
	!3-carotene defic.			11			
	Cholesterol			11			
	Cardiac anomalies			12			
	Low fruit			12			
y ..	Pork meat intake			12			
~	Occupation			13			
~	Urban/rural			14			
~
~	Psychosocial traits			15			
	Low vegetables			16			
	Beer drinking			17			
	Scioeconomic class				19		
y	Ventilatory funct.				20		
~							

~	Radon				21		
	Family history					26	
~							
	Cooking methods					28	
W
~	
Dietary fat					
30	
.{~
~	Tuberculosis						50
V1							
(7N							
pgNbr=1
</ot>
</LTDLWOCR>
