<?xml version="1.0" encoding="ISO-8859-1"?>
<LTDLWOCR>
<!-- forcebtag -->
<tid>aac94d00</tid>
<bt>505942356/2357</bt>
<rc>HAYES AW</rc>
<au>COGGINS CRE</au>
<bx>RJR1174</bx>
<pc>CASEY WJ;AYRES PH;BURGER GT;DAVIS RA;DEBETHIZY JD;HAYES JR;MOSBERG AT</pc>
<!-- Note:rn t="p":1RFP76;1RFP77;1RFP78;1RFP88;4RFP9-->
<dd>19861010</dd>
<dt>LETTER</dt>
<!-- Note:co:Y-->
<np>DAVIS RA</np>
<!-- Note:dl:19980227-->
<pg>2</pg>
<!-- Note:rn t="m":MINNESOTA 1RFP71;CASTANO 1RFP1;BURTON 2RFP16;ROGERS 1RFP2-->
<!-- Note:sh:19951112-->
<!-- Note:s:TGA DATABASE-->
<ti>NICOTINE.</ti>
<!-- Note:tp:NICOTINE AND ADDICTION; IN-HOUSE RESEARCH ON SMOKING &amp; HEALTH; SMOKING BY-PRODUCTS-->
<dl>20020201</dl>
<ot>YDP.~A_Warllace Hayes
iNs
We have just received the first set of data from Riley Davis on the plasma
concentrations of nicotine and cotinine obtained in the 90-day inhalation
study. 'These blood samples were obtained as an amendment to the formal
protocol, allowing us to see data much earlier than would be the case were the
samples being analyzed for us by a contract lab. Samples were taken at
different stages of the experiment for the different groups, but this
difference was maximally 2 weeks. All samples were taken after at least 50
minutes of smoke exposure. Each observation was made on blood pooled from 2-3
animals.
Nicotine presented Plasma nicotine
Group (ug/liter) (ng/ml)
x SD n
----------------------------------------------------------
----------------------------------------------------------
ALD	5	29.3	6.2 5
AMD	15	103	5 5
AHD	30	231	25 5
RLD	5	11.5	2.2 5
RMD	15	21.2	4.2 5
RHD	30	37.2	5.5 5
The corresponding plasma cotinine concentrations and the cotinine/nicotine
ratio were as follows :
Group	Nicotine presented	Plasma cotinine	Cotinine/
	(ug/liter)	(ng/ml)	Nicotine M

ALD	
5	x
52.9	SD
15.0	n
5	x
181	SD
38	n
5
AMD	15	167	32	5	164	40	5
AHD	30	233	40	5	101	15	5
RLD	5	16.0	7.0	5	136	38	5
RMD	15	34.1	7.6	5	160	14	5
RHD	30	29.4	3.2	5	81	15	5
I",
~ , ~._.~......
INTEROFFICE lEMORANDUM
,W%k= QnaQtrAne
DATE: October 10, 1986
FROM: C. R. E. Coggins
The above data agree quite well for the data obtained from the 14-day
study, for the test cigarette. There is a big difference between the data
obtained for the reference cigarettes in the two studies.
pgNbr=1
a
Nicotine presented Plasma nicotine
(ug/liter) (ng/ml)
Test cigarette
ALD
AMD
AHID
Reference cigarette
RLD
RMD
RHD
		x	SD	n
	14-Day Study			
15	93.9	47.1	6
30	175	46	6
60	408	144	9
15	50.8	15.1	6
30	80.0	29.6	7
60	264	181	11
Cw
C. R. E. Coggins
CREC : tml
xc: P. H. Ayres
G. T. Burger
R. A. Davis
J. D. deBethizy
J. R. Hayes
A. T. Mosberg
pgNbr=2
</ot>
</LTDLWOCR>
