<?xml version="1.0" encoding="ISO-8859-1"?>
<LTDLWOCR>
<!-- forcebtag -->
<tid>aaf20d00</tid>
<bt>500536029/6031</bt>
<rc>ISBISTER DK; WOODS JD</rc>
<au>LLOYD RA</au>
<bx>RJR5853</bx>
<!-- Note:b:WINSTON 85; MARLBORO; VANTAGE 100; MERIT; DORAL II 85; KENT; SALEM LIGHTS MENTHOL 85; KOOL-->
<dd>19790420</dd>
<dt>LETTER</dt>
<!-- Note:co:N-->
<np>LEWIS L; RJR</np>
<!-- Note:dl:20020516-->
<pg>3</pg>
<!-- Note:rn t="m":WALLACE COURT ORDER 20010629-->
<!-- Note:sh:20020408-->
<!-- Note:s:R&amp;D; TOB SMOKE RESEARCH; PIEHL DH; DIR TECHNICAL SERVICES-->
<ti>COMPETITIVE BRANDS SURVEILLANCE COMMITTEE.</ti>
<!-- Note:tp:SMOKING BY-PRODUCTS; MARKETING RESEARCH-->
<dl>20021018</dl>
<ot>3
All analytical data will be returned to her, and she will compile it and enter
the data into the computer as necessary. She will coordinate Research interpre-
tation efforts. "Target" brands will also be tested on the TDD Expert Panel and
the Research Booth Panel.
When all consumer data are compiled by MRD, representatives from MRD, TDD,
Research, QC, and Computer Science Services will meet to evaluate and interpret
the chemical, physical, and consumer data available on each brand.
At this time, data from QC's 4-city program have been entered into the
computer. All physical and chemical data obtained by QC from 1972-1978 are
available on all RJR brands and competitive brands that are part of the pickup
schedule. Basic data retrieval and manipulation for such things as "tar"/nicotine
ratios can be performed by Computer Services personnel.

pgNbr=1
2
ACCIONS:
The CBSC has recommended and Management has approved-the actions described
below. In 1979, the list of chemical analyses for QC's 4-city program has been
expanded. This expansion has allowed elimination of the Research Tobacco Group's
local sampling. Reports will be prepared by the Tobacco Group based on data
obtained by QC.
The six-city competitive brands program by MRD has been slightly redesigned.
Product will continue to be sampled from retail markets in six cities. Eight
high-priority brands have been selected for intensive chemical and physical
analysis and consumer testing. The "target" brands for 1979 are WINSTON 85,
Marlboro 85, VANTAGE 100, Merit 100, DORAL II, Kent III, SALEM LIGHTS 85, and
Kool Milds 85. These brands are designated as "Group A". Twelve other important
brands (designated as Group B) will be submitted for limited physical and chemical
analyses and mailed out for consumer testing. Thirty-one other brands (Group C)
will be visually inspected for test market product, such product eliminated
and the remainder mailed out for consumer testing. No chemical or physical
analyses other than moisture are planned for the Group C brands. However, if
unusual consumer data is obtained from any of the six locations, samples of these
brands will be available from freezer storage for more intensive analysis.
The competitive brands program for 1979 will be a cooperative effort,
with input from R&amp;D and Marketing Research. Leslie Lewis, Research Department,
will be R&amp;D project coordinator for the six-cities program. She will work with
MRD, the Pilot Plant, and TDD to insure that product is available from the pickup
locations and ready to be mailed out as scheduled. She will also submit samples
for the chemical analyses as determined by the CBSC and approved by Management.

pgNbr=2
Subject:' Competitive Brands Surveillance Committee Date: April 20, 1979
To: Mr. D. K. Isbister From: R. A. Lloyd
Dr. J. D. Woods
OBJECTIVES:
The Competitive Brands Surveillance Committee (CBSC) was organized
late in 1978. The committee was composed of representatives from Research,
Development, Quality Control, Marketing Research, and Computer Science
Services. The objectives of the committee were as follows:
1. Examine current Competitive Brands (CB) efforts.
2. Initiate an interdepartmental CB program.
3. Make recommendations for the elimination of duplication of effort.
4. Assist Computer Science Services in design and implementation of a
program to make all CB data readily accessible to and manipulatable
by the end user.
This initial task of the CBSC is now complete.
FINDINGS:
In 1978, there were three major competitive brand programs. Duality Control
picked up 12 brand samples per month from wholesalers in four cities (Atlanta,
Baltimore, Charleston, S.C., and Cincinnati). The latest month of production was
picked up from wholesalers in order to detect product changes as soon as possible.
The Research Tobacco Group examined 21 brands from the local market on a quarterly o
0
basis. Extensive chemical analyses were obtained, and an annual report issued w
which outlined changes in chemical data as they relate to physical changes. No
consumer data were obtained in these two programs. Marketing Research obtained
competitive brand samples from the retail market in six cities for consumer testinq.
RJR brands that had printing on the cigarette rod and could not be banded were made
without printing, banded, and used for consumer tests. Limited physical and chem-
ical data were obtained on these samples.
oN
0
N
~

pgNbr=3
</ot>
</LTDLWOCR>
