<?xml version="1.0" encoding="ISO-8859-1"?>
<LTDLWOCR>
<!-- forcebtag -->
<tid>aax25f00</tid>
<ti>-- No Title --</ti>
<dt>Letter</dt>
<dt>Correspondence</dt>
<dd>19930900</dd>
<au>Bogie-JC</au>
<rc>Carlton Smoker</rc>
<np>US Government</np>
<!-- Note:b:Carlton-->
<!-- Note:co:Duplicate-->
<!-- Note:ci:10004026-->
<!-- Note:rn t="m":Attached to a Responsive Document-->
<pg>2</pg>
<!-- Note:ag:60057346-->
<!-- Note:dl:19981123-->
<bt>970392032/2033</bt>
<!-- Note:br t="a":ATX040063557/ATX040063558-->
<dl>20020201</dl>
<ot>Dear CARta ON Smokcr,
As a CARLTON smoker, I think poti Il be interested in
this special report onTlae Pacts ahoutTin' E-Aicot(ne.
It shows you how CARLTON tar and nico[hu levels
compare to othcr cigarette brands.
'I'ake a look through the listing of branc6 and see for
yourself- This data covers mnny popular brands and
st}ies ofcigarcttes, and has been compiled using the
LS_ Government test method.
And,tothank}ronforsmokingCARLTON,thave enclosed 5a6 in eomplimenlarv coupons. Thepwiil
snve ynu monep on CARLTON-Americas premiere
nltralow tarbrand.
Best Regurds,
James C_ Bogie
Brand Director,
CARITOA
9
I
pgNbr=1
999999999 99 S0010000554
Mr. John Q. Sample
123 Main Street
Anytown, US 12345-6789
h~~Ih~hh~Ih~I�hl~h~Ih~h~~Ih~hhh~~~~II~~I~1~~1~11
vrresaaTeo
rlPS1 CLASS MmL
u S.FOSTAGE PAID
souniEASrrArv,rn
reVmmTra&lt;s
CARLTON BONUS COUPONS ENCLOSED
pgNbr=2
</ot>
</LTDLWOCR>
