<?xml version="1.0" encoding="ISO-8859-1"?>
<LTDLWOCR>
<tid>aaw46c00</tid>
<bt>2081996891</bt>
<dd>20000815</dd>
<dt>FORM, FORM</dt>
<au>OSBORNE,KB</au>
<rc>KING,V</rc>
<ca>PHILIP MORRIS</ca>
<!-- Note:co:ATCH, ATTACHMENTS MISSING-->
<fn>2081996134/2081996966/DRAFT REVIEW</fn>
<!-- Note:si:R871-->
<!-- Note:s:OSBORNE,KEVIN/STORED FILES-->
<ti>FACSIMILE TRANSMISSION</ti>
<pg>1</pg>
<!-- Note:lu:FEDA/PRODUCED-->
<!-- Note:dl:20020909-->
<dl>20021209</dl>
<ot>08/15/00 TUE 13:11 FAX 18042744780 PM RICH LEGAL '"""""'11 IM 001
~,xa&amp;aA~*~a~exrsA~x~w4x~sa~w
TX REPORT
:k~x~xx~xaxx~x~:x~~a:~s%o
TRANSMISSION OK
TX/RX NO	
0837
CONNECTION TEL	43730
SUBADDRESS
CONNECTION ID	
SCIENTIF AFFAIRS
ST. TIME	08/15 13:09
USAGE T	02'10
PGs.	5
RESULT	OK
PHILIP MORRIS
F. O. Box 26603, Richmond, VA 23261 - Telephone Number. 804-274-5872
FC$i[nile Transmission
Date: Tuesday, August 15, 2000
Attention; Valerie King
Company: W S A, R&amp;D
Fax No.: x3730
Sender: Kevin B. Osborne
Sender Telephone #: 804-274-5872
Sender Fax #: 804-274-4780
You should receive ~ pages, including this cover sheet. If you do not receive
all the pages, please call 804-274-2702.

pgNbr=1
</ot>
</LTDLWOCR>
