<?xml version="1.0" encoding="ISO-8859-1"?>
<LTDLWOCR>
<!-- forcebtag -->
<tid>aac65a00</tid>
<bt>530609084</bt>
<rc>STEWART A; GOHO B; BLACKWELL BH; BOMGARDNER DL; CROSSLIN CS; COYLE C; MERRITT E; VESTAL E; HAMPTON M; HAYNES JH; HEMRICK J; SMITH JF; TURNER J; MAGUIRE JV; ROGGENKAMP JB; WILLIAMS K; SCHINDLER K; HOBSON K; EUBANKS L; LYALLS TM; KIGER M; ELLIS M; WALKER N; SADLER P; CARTER P; RUMPLE P; WILLIAMS R; COLEMAN R; CHEEK S; SPAINHOUR SF; DARNALL SL; HICKS S; WOOD T; HOOK T; CARROLL L; CLAPP S; CLARKE T; CURTIS L; DEBETHIZY JD; FULK L; GRUBBS JH; MIZE K; PARDUE A; PEAY J; STIGALL C; SUBER RL; TOWNSEND DE; WHEELER JP; WILLARD RL; DICKERSON J; EVERHARDT JW; JACKSON P; SELLERS F; SLOAN P; SPEAKS L; TINSLEY CE III; BRANSCOME B; BRAXTON PE; JOHNSON MO; DOMESTIC BRANDS</rc>
<au>MATTHEWS BK; LYALLS TM; MIZE K</au>
<bx>NA</bx>
<dd>19980223; 19980224</dd>
<dt>EMAIL; LETTER</dt>
<!-- Note:co:N-->
<!-- Note:br t="o":RJR 526005395; 70059 7396-->
<!-- Note:dl:20040928-->
<pg>1</pg>
<!-- Note:rn t="m":US COMPREHENSIVE REQUEST 283; US COMPREHENSIVE REQUEST 298-->
<!-- Note:sh:NA-->
<!-- Note:s:USDOJ; PRODUCTION 12-6; CD; 20020311;-->
<ti>THE RJR NEWS NO. 14.</ti>
<dl>20041015</dl>
<ot>&lt;html&gt;
&lt;head&gt;
&lt;META http-equiv="Content-Type" content="text/html; charset=UTF-16"&gt;
&lt;title&gt;526005395: The RJR News No. 14{F}&lt;/title&gt;
&lt;Ihead&gt;
&lt;body&gt;&lt;b&gt;From: &lt;/b&gt;Mize, Kaye&lt;br&gt;&lt;b&gt;To: &lt;/b&gt;Domestic Brands&lt;br&gt;&lt;b&gt;CC: &lt;/b&gt;&lt;br&gt;cb&gt;BCC:
&lt;Ib&gt;&lt;br&gt;&lt;b&gt;Primary Date: &lt;/b&gt;2/24/1998 7:09:00 AM&lt;br&gt;&lt;b&gt;Last Modified Date: &lt;/b&gt;2001-Nov-20
09:36:07&lt;br&gt;&lt;b&gt;Last Touched Date: c/b&gt;
&lt;br&gt;&lt;b&gt;Sent Date: &lt;/b&gt;1998-Feb-24 07:09:00&lt;br&gt;cb&gt;Received Date: &lt;!b&gt;1998-Feb-24
07:09:00cbr&gt;cb&gt;Subject: &lt;/b&gt;The RJR News No. 14{F}&lt;hr&gt;&lt;b&gt;Attachments: &lt;/b&gt;&lt;br&gt;&lt;a
href="./000000001 F5A3493.ATT/000000001 F5A3494.DOC"&gt;NW980223.DOC&lt;la&gt;&lt;hr&gt;&lt;br&gt;cbr&gt; ----------
&lt;br&gt;From: Lyalls, Teresa M.&lt;br&gt;To: Carroll, Linda; Clapp, Susan; Clarke, Tammy; Curtis, Lorraine; deBethizy,
Don; Fulk, Linda; Grubbs, Judy H.; Mize, Kaye; Pardue, Annette; Peay, Jo; Stigall, Cynthia; Suber, Robert
(Bob); Townsend, David; Wheeler, Janet; Willard, Ronnie L. (BGTC); Dickerson, Joyce; Everhardt, Joe W.;
Jackson, Pat; Sellers, Frank; Sloan, Shannon; Speaks, Linda; Tinsley, Skip; Branscome, Brenda; Braxton,
Paul; Johnson, Michael O.&lt;br&gt;Subject: FW: The RJR News No. 14cbr&gt;Date: Tuesday, February 24, 1998
8:43AM&lt;br&gt;Priority: High&lt;br&gt;&lt;br&gt;cbr&gt; ----------&lt;br&gt;From: Matthews, Brenda K.&lt;br&gt;To: Ann Stewart; Barbara
Goho; Blackwell, Beth H.; Bomgardner, Denny L.; Carole Crosslin; Colleen Coyle; Ellen Merritt; Emogene
Vestal; Hampton, Mary; Haynes, Judi H.; Jackie Hemric; Jan Fulton Smith; Jettie Turner; Jim Maguire; Joan
Roggenkamp; Karen Williams; Katherine Schindler; Kaye Hobson; Linda Eubanks; Lyalls, Teresa M.; Mandie
Kiger; Maura Ellis; Nat Walker; Pam Sadler; Peggy Carter; Phyllis Rumple; Richard Williams; Ruth Coleman;
Shelby Cheek; Sheryl Spainhour; Stqcy Darnall; Susan Hicks; Teresa Wood; Twyna Hook&lt;br&gt;Subject: The
RJR News No. 14cbr&gt;Date: Monday, February 23, 1998 10:03AM&lt;br&gt;Priority: High&lt;br&gt;&lt;br&gt;
&lt;b r&gt; &lt;b r&gt; &lt;b r&gt; &lt;b r&gt; &lt;Ib o d y&gt;
&lt;/html&gt;
RJR0000000526005395
7009 7396

pgNbr=1
</ot>
</LTDLWOCR>
