<?xml version="1.0" encoding="ISO-8859-1"?>
<LTDLWOCR>
<tid>aay27e00</tid>
<bt>2028877029</bt>
<dd>19930812</dd>
<dt>FORM, FORM</dt>
<au>HOLT,KV</au>
<np>OEY,J</np>
<ca>INBIFO, INSTITUT FUR BIOLOGISCHE FORSCHUNG</ca>
<no>CONTRACT RESEARCH CENTER; INBIFO, INSTITUT FUR BIOLOGISCHE FORSCHUNG</no>
<!-- Note:co:ILLE, ILLEGIBLE;  MARG, MARGINALIA-->
<fn>2028876934/2028877462/INBIFO BESTELLUNG SD CD INTERN; </fn>
<!-- Note:si:I9-->
<!-- Note:s:ROEMER,EWALD/SEC'Y FILES-->
<ti>COMPARISON OF THE CYTOTOXICITY OF TPM, GAS PHASE-BUBBLED PBS,  AND THEIR COMBINATION DERIVED FROM FRESH DIESEL EXHAUST AND FRESH 1R4F SIDESTREAM SMOKE (PT)</ti>
<pg>1</pg>
<!-- Note:rn t="m":STMN/R2-038-->
<!-- Note:lu:STMN/PRODUCED-->
<!-- Note:dl:19980605-->
<!-- Note:b:1R4F-->
<dl>20020201</dl>
<ot>INBIFO Institut filr biologische Forschung - MIn
12.Aug.93 KHO/MWO \QA\APP050o0
Am 14.Jan.94 wurde
Herr Dr.rer.nat J. Oey
zum Priifleiter (a) fily das Projekt P 0500/5274
Comparison of the Cytotoxicity of TPM, Gas Phase-Bubbled PBS, and their Combination Derived
from Fresh DieselXExhaust and Fresh ]iR4F Sidestream Smoke
(PT)
Kurztitel: Cytotoxicity, Fresh Diesel and Fresh SS
f ernannt.
1) Der INBIFO-Prufleiter ist der Verantwortliche, dem die Gesamtleitung der o.g. Prilfung obliegt.
2) Dieses Projekt ist Teil des iibergre'tfenden Projekts B............ von CRC(Contract Research Center,
Zaventem, Belgien) mit wortgleichem Projekttitel.
Die Verantwortung des bei INBIFO fiir diese Studie eingesetzten Prufleiters gilt nur fur den bei
INBIFO durchgefiihrten Teil.
Dessen Umfang wird im Prilfplan/Study Plan, der den Gesamtumfang der Priifung beschreibt,
festgelegt.
Priffleiier-Ernennung angenommen
f! Gi 1r . CV aA__
Pritfleiter (Datum/Zeichen)
Verteiler: Project file, QA, LR
pgNbr=1
</ot>
</LTDLWOCR>
