<?xml version="1.0" encoding="ISO-8859-1"?>
<LTDLWOCR>
<tid>aas45c00</tid>
<bt>2073979455A</bt>
<!-- Note:br t="m":2073979455/9455B-->
<dd>19990113</dd>
<dt>EMAI, E-MAIL</dt>
<au>ELLIS,CL</au>
<rc>BROWDER,CH</rc>
<no>CTR, COUNCIL FOR TOBACCO RESEARCH</no>
<fn>2073979385/2073979530/CTR (COUNCIL FOR TOBACCO RESEARCH)</fn>
<!-- Note:si:R893-->
<!-- Note:s:WSA GROUP FILES/STORED FILES-->
<ti>RE: 001210 CTR MEETING</ti>
<pg>1</pg>
<!-- Note:lu:FEDA/PRODUCED-->
<!-- Note:dl:20020821-->
<dl>20021209</dl>
<ot>---Original Message-----
From: Ellis, Cathy L. (WSA)
Sent: Wednesday, January 13, 1999 9:06 PM
To: Browder, Cindy H.
Subject: RE: Dec. 10 CTR Meeting
I will send you the budget that was provided at that meeting.

pgNbr=1
</ot>
</LTDLWOCR>
