<?xml version="1.0" encoding="ISO-8859-1"?>
<LTDLWOCR>
<!-- forcebtag -->
<tid>aai30f00</tid>
<ti>Antitrust Compliance.</ti>
<dt>Letter</dt>
<dt>Correspondence</dt>
<dd>19770110</dd>
<au>McCarty-CI B&amp;W</au>
<rc>B&amp;W Tobacco Directors B&amp;W Tobacco Dept Heads</rc>
<!-- Note:ci:10004026-->
<!-- Note:rn t="m":A4-->
<pg>1</pg>
<!-- Note:ag:12286176-->
<!-- Note:dl:19981123-->
<bt>682062733</bt>
<dl>20020201</dl>
<ot>{~ ~,
Nn'1~'~'nk
January 10, 1977
TO: B&amp;W TOBACCO DIRECTORS
B&amp;W TOBACCO DEPARTMENT HEADS RE: ANTITRUST COMPLIANCE
The policy of Brown &amp; Williamson Tobacco Corporation is to
conduct its operations in strict compliance with all
applicable antitrust and trade regulation laws. These
laws are based upon the principle of conserving and encouraging a free and competitive marketplacc. It is
not only a principle we endorse, it is one we need for
protection oY our business and in furtherance of our
marketing goals. - '
The decisions you make on behalf of this Company are to be
without collusion, agreement, or understanding'with competitors.
It is our policy to act iadependently in making competitive
decisions such as to what to buy, how much to pay, whai to
sell, how much to ciiarge, with whom to deal, etc. More-
over, our decisions in these areas must not result in the
imposition of requirements which unfairly restrict the
freedom of suppliers, customers, and others to make their
own individual decisions regarding price or other competi-
tive matters.
If you violate the antitrust laws, the Company can be fined,
and you personally can be fined and sent to jail. The
Company maintains an ongoing program to keep abreast of the
changes in these complex laws.and regulations and to assist
in compliance with them. I call upon you to .joi,n with me
in seeing that the Company's policy in this vital area is
carried out faithfully.
6incerely,
sezosz7as
pgNbr=1
</ot>
</LTDLWOCR>
