<?xml version="1.0" encoding="ISO-8859-1"?>
<LTDLWOCR>
<tid>aal60c00</tid>
<bt>2074548496</bt>
<!-- Note:br t="m":2074548412/8510-->
<dd>19990222</dd>
<dt>COMP, COMPUTER PRINTOUT</dt>
<dt>NEWS, NEWS ARTICLE</dt>
<ca>CHEMICAL MARKET REPORTER; INFORMATION ACCESS; SCHNELL PUBLISHING</ca>
<no>RHONE POULENC RORER; TAGACEPT</no>
<fn>2074548411/2074548542/TECHNOLOGY TRANSFER PM TECHNOLOGY INITIATIVES</fn>
<!-- Note:si:R871-->
<!-- Note:s:OSBORNE,KEVIN/STORED FILES-->
<ti>RHONE-POULENC RORER INC.</ti>
<pg>1</pg>
<!-- Note:lu:MILE/PRODUCED-->
<!-- Note:dl:20030214-->
<dl>20030315</dl>
<ot>Page 3
2ND STORY of Level 1 printed in FULL format.
Copyright 1999 Information Access Company,
a Thomson Corporation Company;
ASAP
Copyright 1999 Schnell Publishing Company Inc._ _
Chemical Market Reporter ,
February 22, 1999
SECTION: No. 8, Vol. 255; Pg. 14; ISSN: 1092-0110
IAC-ACC-NO: 53960638
LENGTH: 29 words
HEADLINE: RHONE-POULENC RORER Inc.
BODY:
RHONE-POULENC RORER Inc. and Targacept Inc. have formed a collaborative R&amp;D
and commercialization agreement to develop drugs for Alzheimer's and Parkinson's
diseases.
LANGUAGE: ENGLISH
IAC-CREATE-DATE: February 26, 1999
LOAD-DATE: March 01, 1999
o&gt;

pgNbr=1
</ot>
</LTDLWOCR>
