<?xml version="1.0" encoding="ISO-8859-1"?>
<LTDLWOCR>
<tid>aag75e00</tid>
<bt>2040144259</bt>
<dd>19890000</dd>
<dt>ADVE, ADVERTISEMENT</dt>
<np>CLEMONS,G;  SURGEON GENERAL</np>
<no>FTC, FEDERAL TRADE COMMISSION</no>
<!-- Note:co:MARG, MARGINALIA;   -->
<fn>2040144172/2040144297/MISSING</fn>
<!-- Note:si:N575-->
<!-- Note:s:RUSH,SONYA/OFFICE-->
<ti>YOU'VE COME A LONG WAY, BABY.</ti>
<pg>1</pg>
<!-- Note:rn t="m":STMN/R2-039-->
<!-- Note:lu:STMN/PRODUCED-->
<!-- Note:dl:19980605-->
<!-- Note:b:VIRGINIA SLIMS-->
<dl>20020201</dl>
<ot>Whikgving wrst in 1892, Mr. Gimrd Clencons
made sun all his prize possessions rvde with him
in the wiagon. Out of avnsideration for his wife,
Mr. Gemons dmm slamly.
. 9 mg "tar;" 0.7 mq nicotine av. per ciquette by FTC method.
SURGEON GENERAL'S WARNING: Smoking
Causes Lung Cancer, Heart Disease,
Emphysema, And May Complicate Pregnancy.
I
pgNbr=1
</ot>
</LTDLWOCR>
