<?xml version="1.0" encoding="ISO-8859-1"?>
<LTDLWOCR>
<tid>aaw42c00</tid>
<bt>2073845613</bt>
<!-- Note:br t="m":2073845613/5616-->
<dd>19940800/E</dd>
<dt>ROUT, ROUTING SLIP</dt>
<au>ANDRADE,AJ</au>
<rc>BIBLE,G; BRING,M; CAMPBELL,W; COLLAMORE,T; FIRESTONE,M; FULLER,C; GOLDBERG,M; HAN,V; HOLT,B; KENNY,M; LINEHAN,K; MERLO,E; MILES,M; MILLINGTON,H; MURRAY,R; PARRISH,S; PURCELL,C; WALL,C; WALLS,T</rc>
<ca>PHILIP MORRIS</ca>
<fn>2073845252/2073845773/MISSING; 2073845579/2073845772/MEN</fn>
<!-- Note:si:N500-->
<!-- Note:s:HUGHES,TONY/CARLSTADT-->
<pg>1</pg>
<!-- Note:lu:FEDA/PRODUCED-->
<!-- Note:dl:20021204-->
<dl>20030115</dl>
<ot>Anthony J. Andrade
Distribution to:
G. Bible
M. Bring
W. Campbell
T. Collamore
M. Firestone
C. Fuller
M. Goldberg
V. Han
B. Holt
M. Kenny
K. Linehan
E. Merlo
M. Miles
H. Millington
R. Murray
S. Parrish
C. Purcell
C. Wall
T. Walls
pgNbr=1
</ot>
</LTDLWOCR>
