<?xml version="1.0" encoding="ISO-8859-1"?>
<LTDLWOCR>
<tid>aac38e00</tid>
<bt>1001879919/9920</bt>
<!-- Note:br t="m":1001879914/9922-->
<dd>19670116</dd>
<dt>MEMO, MEMORANDUM</dt>
<dt>LIST, LIST</dt>
<au>STAHR,HM</au>
<rc>RESNIK,FE</rc>
<no>KJELDAHL; PARR BOMB</no>
<fn>1001879844/1001879923/MISSING</fn>
<!-- Note:si:R204-->
<!-- Note:s:CENTRAL FILES/TEMP PROJECT FILES-->
<ti>PLANS FOR CHEMICAL ANALYSIS UNIT FOR 670000</ti>
<pg>2</pg>
<!-- Note:rn t="m":STMN/R1-004; STMN/R1-147; STMN/R1-149; STMN/R1-150-->
<!-- Note:lu:STMN/PRODUCED-->
<!-- Note:dl:19980605-->
<dl>20020201</dl>
<ot>,

~,. ~.

1. Necessary changes in the Analytical Procedures Method Manual
T0: Mr. F. E. Resnik
FROM: H. M. Stahr
SUBJECT: Plans for Chemical Analysis Unit for 1967
will be made so the procedures currently being followed are
adequately described. A sufficientI number of analysis will be
made so the precision of puff by puff and other special analyses
may be incorporated in the manuaL.
2. The necessary analytical work will be done to improve the
existing humectant, flavors and plasticizer analyses. Special
a ~ � ' ~ . . ~ . .
emphasis will be placed on glycerine in;'the various matrices which
have been submitted for analysis.
3. Work on the automation of injection of samples into gas chromato-
. . -. . , .
graphic apparatus will be continued to provide better service.
method for specific:sugars,in confections and gums suitable for
._&gt;
4. Analysis of confections and gums will be made with existing
specific and nonspecific techniques for sugars po provide a service
to Development as it is requested. Continued work will be done on a
integrator will be accomplished so many routine, especially, gas
chromatographic calculations may be made on the R &amp; D 1620 digital
computer.
*This project may take longer than one year, but at least knowledge
will be obtained relative to the time required.
r
.*5. The acquisition and installation of an automatic IBM card
.. ' .. ' .i .. . .. .. . - . .a. . . �' ..i . l,
registering of analytical data modification for the Infratronics
11
pgNbr=1
Mr. F. E. Resnik 2
January 16, 1967
6. A study will be made of the correlation of the results of the
following analytical procedures on tobacco leaf samples:
A. Free ammonia and alpha-amino nitrogen
B. Silica and ash
C. Colorimetric Nitrate and K,jeldahl nitrate
7. Analysis for new flavors and additives in tobacco and chewing
gum will be done as requested by the Development Division.
*8. Studies will be undertaken with the C,H,N,Analyzer to see if
carbon and carbides can be determined by minor modifications of
this instrument and current techniques.
9. Deferred projects which will be attempted if time is available:
1. Elemental chlorine by sodium biphenyl reagent
2. Elemental sulfur by Parr Bomb technique
3. Elemental fluorine by an unspecified method
*These projects may take longer than one year, but at least knowledge
, .. _
will be obtained relative to the time fequired.
HMS:rab

pgNbr=2
</ot>
</LTDLWOCR>
