<?xml version="1.0" encoding="ISO-8859-1"?>
<LTDLWOCR>
<!-- forcebtag -->
<tid>aae25f00</tid>
<ti>-- No Title --</ti>
<dt>Letter</dt>
<dt>Correspondence</dt>
<dd>19680515</dd>
<au>Kern-CC-Jr</au>
<rc>Schweitzer-PJ-Jr, Kimberly Clark Corporation</rc>
<pc>PHL;RMI;BMC;RSS</pc>
<!-- Note:co:Marginalia-->
<!-- Note:ci:10004026-->
<!-- Note:rn t="m":130-->
<pg>1</pg>
<!-- Note:ag:60115211-->
<!-- Note:dl:19981123-->
<bt>967024956</bt>
<!-- Note:br t="a":ATX040738409/ATX040738409-->
<dl>20020201</dl>
<ot>0
!
May 15, 1968
Br. Peter J. Schweitzer, Jr.
Peter J. Schweitaer Division
Kimberly Clark Corporation
261 Madison Avenue
New York, New York 10016
Dear Mr. Schweitzer:
Confirming our telephone conversation on Monday, we would like to
have sweral bobbins of the camposi~ug wrap that we die-
cussed. This, I understand, io a baat aealabla wrap and is the
saaa as that wed on the Richmond cigarette. It nay be that some
day we could use a porous plug arap of this type to an advantage
on our inserter machine which we we to make filter rods for the
convertible cigarette. Also, we would like to have ae soon as
possible saaples of a heavy plug wrap with a surface siuilar to the
Reference 260. This, we Suase, will have to be about 45 or 50 grams
per square meter, and we would like to have the surface so that it
will be as easy to seal the seaa as possible. Please send this to
uy attention at the laboratory via the fastest aeaoe available.
You also asked if we had any results on the type 201 two-ply cellulose
wadding samples forwarded to us by Cimberly Clark. The 8" roll was
the saapla that uet the pressure drop desired. I will ask Dr. Irby
and Mr. Sprinkle to furnish m with the information you requested as
soon as the tests ara completed. The material does aaea as soft as
the 8awgartner filter material, and whether or not the staining on 1.,
the and of tha filter is any better, we will not know until cigarettes
ara wda. I appreciate your cooperation and look forward to receiving
these asmplee. Plaaea let me know when you decide about the trip to
Richmond ueat reak. .
Sincerely.
CC&amp;:jtb
C. C. &amp;etu, Jr., Coordinator
New Products Division
Research and Developnent
bc: PHL
RMI
BMC-RSS
^
pgNbr=1
</ot>
</LTDLWOCR>
