<?xml version="1.0" encoding="ISO-8859-1"?>
<LTDLWOCR>
<!-- forcebtag -->
<tid>aar99c00</tid>
<bt>40044275/4276</bt>
<ti>CTR GRANT 2988A  THYROID HORMONE MECHANISM OF ACTION IN GROWTH AND DEVELOPMENT</ti>
<dd>19961209</dd>
<dt>LETTER</dt>
<au>SIRBASKU DA, UNIV TX HOUSTON HEALTH SCIENCE CENTER; SIRBASKU DA, UNIV TX HOUSTON MEDICAL SCHOOL</au>
<rc>GLENN JF, CTR</rc>
<pc>CONTRACTS &amp; GRANTS MANAGEMENT; UNIV TX HEALTH SCIENCE CENTER</pc>
<!-- Note:d:RESPONDING TO LETTER THAT GRANT WAS NOT RECOMMENDED FOR CONTINUED FUNDING, REQUEST THAT REMAINING FUNDS BE USED TO CONTINUE RESEARCH-->
<!-- Note:dl:20010130-->
<pg>2</pg>
<dl>20021115</dl>
<ot>TTHE UNIVERSITY OF TEXAS
~ HOUSTON
, , HEALTH SCIENCE CENTER
~ -~
December 9, 1996
James F. Glenn, M.D.
Chairman and President
Chief Executive Officer
The Council.for Tobacco Research - U.S.A., Inc.
900 Third Avenue
New York, New York 10022
Medical School
Department of Biochemistry
and Molecul.r Biology
RE: CTR Grant 2988A
Title: Thyroid Hormone Mechanism of Action in Growth and Development
Dear Dr. Glenn:
Recently I received your letter stating that my renewal grant application No. 2988A was
not recommended for continued funding. As you know, atl researchers hope for the other
outcome. Nonetheless, I wish to express my most sincere appreciation to the Council for
Tobacco Research for the support provided to my project for the past six years. These funds
were the catalyst for our most important discoveries in hormone-dependent cancers.
Since funding for our project will not continue beyond December 31, 1996, I am writing
with a special request. I understand from the Council Grant Policy Statement that funds
remaining at the end of the grant period must be returned. Because we had anticipated that
continuation of our project beyond six years might be difficult (per discussions with CTR staff),
we reduced our rate of expenditures in order to bring this work to an orderly conclusion. As
stated in my renewal application, we have NINE manuscripts in preparation which will complete
this CTR funded project. I am requesting that we be permitted to use the remaining funds to
continue our research at NO ADDITIONAL COST TO THE CTR and to complete these
reports and publish the results. The publications will cite CTR grant 2988 as a source of support.
As of December 9, 1996, we have held in reserve the following funds:
(1) Personnel Category	$18,218.72
(2) Consumables	$842.95
(3) Indirect Costs	$2,996.96
TOTAL REMAINING FUNDS - $22,058.63
page 3
UT-Homann Medic.l Schout
6431 Fennin Srrcet . P.O. tb.2070fi . Houctot. Teus 77225 .(713) 792-5600 FAX 794-4150
l.oceted in the Team Mtdinl Center
40044275

pgNbr=1
Again, I wish to emphasize that all remaining funds will be expended to complete our
research program and to publish the remaining reports. The funds also will provide stipend/salary
support for Jorge E. Moreno, who will complete his Ph.D. program with us by June 30, 1997.
We hope you will consider our request favorably. We feel this approach is the best stewardship
of Council funds since it will bring these reports to publication and provide scientific benefits for
my laboratory members and for other investigators in our field.
I request that we be permitted to carry over the remaining funds listed above for a period
of six months until June 30, 1997.
Again, thank you sincerely for the past research support provided by the Council for
Tobacco Research. CTR support not only fostered our research, but it had a major impact on the
training of '�everal young biomedical investigators.
I look forward to your reply.
Most Sincerely,
David A. Sirbasku, Ph.D.
Professor
Biochemistry and Molecular Biology
enclosure: CTR Progress Report for Competing Renewal Application of Grant 2988A
listing the nine manuscripts in preparation.
cc: Contracts and Grants Management
The University of Texas Health Science Center
Houston, Texas
page 4
40044276

pgNbr=2
</ot>
</LTDLWOCR>
