<?xml version="1.0" encoding="ISO-8859-1"?>
<LTDLWOCR>
<tid>aax61e00</tid>
<bt>03742893</bt>
<dd>19781200/E</dd>
<dt>MEMO, MEMORANDUM</dt>
<au>JUDGE,CH</au>
<rc>STEVENS,AJ</rc>
<no>CAB</no>
<!-- Note:co:HAND, HANDWRITTEN-->
<fn>03742772/03743161/SMOKING ON PLANES CIGTS VOLUME 3 780927 - 800620.</fn>
<!-- Note:si:N14-->
<!-- Note:s:LEGAL DEPT FILE ROOM-->
<pg>1</pg>
<!-- Note:rn t="m":R1-004; R1-129-->
<!-- Note:lu:STMN/PRODUCED-->
<!-- Note:dl:19980605-->
<dl>20020201</dl>
<ot>a
E(;qZvz,b0,1
e*)
e1
C 8
pgNbr=1
</ot>
</LTDLWOCR>
