<?xml version="1.0" encoding="ISO-8859-1"?>
<LTDLWOCR>
<!-- forcebtag -->
<tid>aai26d00</tid>
<bt>50585503/5504</bt>
<ti>BIOGRAPHICAL SKETCH  PATRICIA A. CASSANO, M.P.H., PH.D.</ti>
<dd>19900418</dd>
<dt>RESUME</dt>
<au>CASSANO PA</au>
<!-- Note:d:EDUCATION, PROFESSIONAL EXPERIENCE, AWARDS AND HONORS, PUBLICATIONS-->
<!-- Note:dl:20010130-->
<pg>2</pg>
<dl>20021115</dl>
<ot>PRINCIPAL INVESTiGATOPoPROGRAM DIRECTOR: Patricia A. .:CaSsano
Rush, D., Cassano, P. Relationship of cigarette smoking and social class to birth
weight and perinatal mortality among all births in Britain, 5-11 April, 1970. J
Epidemiol Community Health 1983: 37:249-255.
Rush, D., Cassano, P., Cohen, J., Koenigsberger, R., Urie, A. Newborn neurologic
maturity relates more strongly to concurrent somatic development than
gestational age. Amer J Perinatol 1983, 1:2-20.
Cassano, P., Segal, M., Vokonas, P. and Weiss, S.T. Body fat distribution, blood
pressure and hypertension: A prospective investigation of men in the normative
aging study. (submitted, American J. Epidemiology)
Wenxun, F., Parker, R., Parpia, B., Yinsheng, Q., Cassano, P. et al. Erythrocyte fatty
acids, plasma lipids and cardiovascular disease in rural China. (submitted,
American J. Clinical Nutrition)
Cassano, P., Weiss, S.T., Segal, M. and P. Vokonas. Body Fat Distribution, Blood
Glucose and the Risk of Non-Insulin Dependent Diabetes Mellitus. (in
preparation)
Cassano, P., Koepsell, i.D. and J. Farwell. Maternal Conditions During Pregnancy,
Birth Characteristics of the Infant and the Risk of Febrile Seizures in
Childhood. (in preparation)
PHS 398 (Rev. 10188) Page 9�
oaDe CMMft-Utive,W at rw Gnttan M.dIDndrt Me aoo0ratim 130 r+n' se si~kns ss~cn ~ Sa 5b.
50585504

pgNbr=1
FF
PRINCIPALINVESTIGATOR/PROGRAMDIRECTOR: Patricia A. Cassano
BIOGRAPHICAL SKETCH
Give the following information for the key personnel and consultants listed on page 2. Begin with the Principal
InvestigatodProgram Director. Photocopy this page for each person.
NAME
POSITION TITLE
BIRTHDATE (Mo., Day, Yr.)

ate II
Patricia A. Cassano, M.P.H., Ph.D. I Research Asssoci 12-16-54
EDUCATION (Be in with baccalaureate or other initial professional education, such as nursin , and include postdoctoral trainin .)
INSTITUTION AND LOCATION	DEGREE	
YEAR


CONFERRED	FIELD OF STUDY
Mt. Holyoke College, So. Hadley, MA	B.A.		io ogy
Columbia University,			
School of Public Health, NY, NY	M.P.H.	1980	Epidemiology
University of Washington,			
School of Public Health Seattle WA	Ph.D.	1987	Epidemiology
RESEARCH AND PROFESSIONAL D(PERIENCE Concluding with present position, list, in chronological order, previous employment, experience,
and honors. Include present membership on any Federal Government public advisory committee. List, in chronological order, the titles and com-
plete references to all publications during the past three years and to representative earlier publications pertinent to this application. DO NOT
EXCEED TWO PAGES. '
Professional Experience
6-76 to 8-78
8-79 to 6-82
7-82 to 12-82
1-83 to 11-87
12-87 to 12-88
12-88 to present
Awards and Honors
1978-79
6-79 to 8-79
1982-84
1984
1984
1984
1985
1986-87
1986
Publications
Research Technician, Dept. of Medicine, Albert Einstein College of
Medicine, Bronx, NY [lipid biochemistry laboratory]
Research Assistant, Developmental Epidemiology Research Unit,
Columbia University School of Public Health, NY, NY
Pre-Doctoral Research Associate I, Nursing Research Office,
University of Washington, Seattle, WA
Pre-doctoral Research Associate II, Center for the Quantitative
Study of Epilepsy and Cerebral Palsy, University of Washington,
Seattle, WA
Research Fellow in Medicine, Channing Laboratory, Harvard Medical
School and Brigham and Womens Hospital, Boston, MA
Research Associate II, Division of Nutritional Sciences, Cornell
University, Ithaca, NY
NIH Traineeship, Columbia University School of Public Health
Mental Retardation Training Program, Columbia University S.P.H.
NIH Traineeship, University of Washington School of Public Health
Student workshop, Society for Epidemiologic Research
Epilepsy Foundation of America, Social Sciences Fellowship
Gatzert Child Welfare Fellowship, University of Washington
Faculty Award, University of Washington School of Public Health
Poncin Award for Dissertation Research, Seafirst Bank, Seattle, WA
Achievement Reward for College Scientists
Cassano, P., Koepsell, T. and Farwell, J. Risk of febrile seizures in childhood in
relation to prenatal maternal cigarette smoking and alcohol intake. (in press,
American J. Epidemiology)
Troisi, R.J., Weiss, S.T., Segal, M.R., Cassano, P.A., Vokonas, P.S. and Landsberg, L.
The relationship of body fat distribution to blood pressure in normotensive men:
The normative aging study. (in press, International J. Obesity)
Rush, D., Cassano, P., Harlap, S. Perinatal outcome, maternal weight gain, cigarette
smoking and social status in Jerusalem. Rev d'Epidem et Sante Publ 1988, 36:186-
195.
PHS 398
R
(
ev 10/88) Pag ~�
.e 'Number pages consecutively at the bottom throughout the application. Do not use suffixes such as 5a, 5b.



FF
50585503

pgNbr=2
</ot>
</LTDLWOCR>
