<?xml version="1.0" encoding="ISO-8859-1"?>
<LTDLWOCR>
<tid>aan74c00</tid>
<bt>92327372/7373</bt>
<dd>19941202</dd>
<dt>REPT, OTHER REPORT</dt>
<np>HOELTER; XX LORI</np>
<!-- Note:co:HAND, HANDWRITTEN; ILLE, ILLEGIBLE-->
<fn>92327129/92327499/HD 17 AUDITOR'S LETTER DISPUTE; 92327130/92327498/AGREEMENTS HARLEY - DAVIDSON SECTION 17 AUDITOR'S LETTER DISPUTE 941103 - 950110 - VOL. I. X - REFERENCE HD TRADEMARK LICENSE AGREEMENT</fn>
<!-- Note:si:N14-->
<!-- Note:s:LEGAL DEPT FILE ROOM-->
<pg>2</pg>
<!-- Note:rn t="m":R1-056-->
<!-- Note:lu:FEDA/PRODUCED-->
<!-- Note:dl:20020314-->
<dl>20030115</dl>
<ot>. ...........
--
/ -- /

Aa ?`tA~
-
,.
a--o( - a..a_a~ ~W7 OL4,-z.~
_6 4 tw
L~0_.ae ~�L~ _:aLl~.~1


~ .~ r&lt;~,~ ,o
AJ
44 YGtI J.
~
j ~4 1 -r-, a
- -.
L 2
t
'--- .~.^c ..
-
o
_._../_. _

pgNbr=1
</ot>
</LTDLWOCR>
