<?xml version="1.0" encoding="ISO-8859-1"?>
<LTDLWOCR>
<tid>aao53e00</tid>
<bt>2022245048</bt>
<dd>19720328</dd>
<dt>CHAR, CHART, GRAPH, TABLE, MAPS</dt>
<!-- Note:co:ILLE, ILLEGIBLE;  MARG, MARGINALIA-->
<!-- Note:si:R100-->
<!-- Note:s:CENTRAL FILES/DATABASE-->
<pg>1</pg>
<!-- Note:lu:STMN/PRODUCED-->
<!-- Note:dl:19990131-->
<dl>20020201</dl>
<ot>r
11111 I:'?I! III h
IIII I I~~~11.
	LH 13516		LH 13515	
	MACHINE		f-iACHItaE	
BATCH	NUMBER DRY TAR	BATCH	NUMBER	DRY TAR
	- 9			9
l	NA	1		NA
2	NA	2		NA
3	NA	3		i4A
4	NA	4		NA
5	NA	5		NA
6	58.3	6		61.0
7	50.1	7		60.8
8	57.1	8		66.3
9	57.4	9		NA
10	57.8	10		63.6
11	54.8	11		NA
12	4	4.0	12		57,4
19	2 ~	5;~	~~	2	36.4
16	1 52.5	16	1	55.4
77	2 46.8	17	2	48.5
18	1 60.2	18	1	NA
19	2 NA	19	2	62.9
20	1 59.5	20	1	64.8
21	2 66.5	21	2	49.2
22	1 52.3	22	1	51.1
23	2 57.7	23	2	46.6
24	1 57.2	24	1	60.2
25	2 52.9	25	2	65.1
26	2 69.4	26	2	65.4
27	2 67.6	27	1	69.4
28	2 63.9	28	2	53.2
29	2 43.4	29	2	59.7

pgNbr=1
</ot>
</LTDLWOCR>
