<?xml version="1.0" encoding="ISO-8859-1"?>
<LTDLWOCR>
<tid>aak92c00</tid>
<bt>2082514760</bt>
<!-- Note:br t="m":2082514760/4785-->
<dd>19991223</dd>
<dt>MEMO, MEMORANDUM</dt>
<au>GILBERT,JD</au>
<rc>AUCHMOODY,B; HOPKINS,B; JOHNSON,M; ROSS,R</rc>
<ca>PMMC, PHILIP MORRIS MANAGEMENT CORP</ca>
<cr>PMMC, PHILIP MORRIS MANAGEMENT CORP</cr>
<no>APO, ARNOLD &amp; PORTER</no>
<!-- Note:si:N354-->
<!-- Note:s:GILBERT,JACQUELINE/OFFICE-->
<ti>RL 20000000 - WH CONTRACT</ti>
<pg>1</pg>
<!-- Note:lu:FEDA/PRODUCED-->
<!-- Note:dl:20021218-->
<dl>20030115</dl>
<ot>PHILIP MORRIS MANAGEMENT CORP. INTER-OFFICE CORRESPONDENCE
120 PARK AVENUE, NEW YORK, NY 10017-5592
TO: Distribution ~ DATE: December 23,1999
FROM: Jacqueline D. Gilbe ~
~
SUBJECT: RL 2000 - WH Contn ct
Attached is a draft of the WH contract. Please review its terms carefully as it
does differ from the WH contract now in place.
Trade Marketing should collect comments or changes from its department and
from Finance so that we can schedule a discussion with Arnold &amp; Porter the week of January
3.
Attachment
Distribution: B. Hopkins
M.Johnson
R. Ross
B. Auchmoody
cc(w/att.): Sales &amp; Marketing Cluster
Please forward changes or comments to me by January 5.

pgNbr=1
</ot>
</LTDLWOCR>
