<?xml version="1.0" encoding="ISO-8859-1"?>
<LTDLWOCR>
<tid>aas71f00</tid>
<bt>2022235108</bt>
<!-- Note:br t="m":2022235060/5119-->
<!-- Note:br t="o":PRO2525-->
<dd>19800609</dd>
<dt>SCRT, REPORT, SCIENTIFIC</dt>
<au>HAUT,SA</au>
<np>DEBARDELEBEN,F</np>
<!-- Note:co:EXTR, EXTRA-->
<!-- Note:si:R100-->
<!-- Note:s:CENTRAL FILES/DATABASE-->
<ti>CHEMISTRY &amp; ISOLATION OF TOBACCO CONSTITUENTS 800506 - 800608</ti>
<pg>1</pg>
<!-- Note:rn t="m":STMN/R1-004; STMN/R1-071; STMN/R1-072; STMN/R1-141; STMN/R1-145; STMN/R1-147; STMN/R1-149; STMN/R2-038; STMN/R3-012-->
<!-- Note:lu:STMN/PRODUCED-->
<!-- Note:dl:19990523-->
<dl>20020201</dl>
<ot>CHARGE M'UMIBER:	2525'.
PROJECT TITLE:	Chemistry &amp; Isolation of Tobacco
Con sti tue nts
PERIOD COVERED:	May 6~~ to~ Junie 8, 19~80~
PROJECT LEADER:	S. A. Haut
DATE OF REPORT:	June 9, 19801
I
The aci'd release polymer ra:dlioichemiical smoke study has been
completed. Two synthetic runs of approximate 3.6 mCi each.
(116 mig 14C-acetone) gave a total of 4.06' mCi monomer and
byproducts. H~PLC separation and'.dlistillation gave a pure
monomer yield of 1.56 miCi (cai. 100, mig). Polymerization
followed by removal of low molleculiar weight monomer and'
polymers (&lt; 800) by HPGPC giave 210~iCi of purified polymer.
Application of'this material to 250 g of 2RI tobacco and
falbrication into cigarettes (Project 2501)' gave 21 cigarettes.
Sectioniiing data on several of these ci'garettes showedl that the
1'abel hadi been appl iied uni formly at the rate of' about 8uGi'/
cigarette. Mainstream TPM, GILR'C revealed severall areais of
acti vi ty, however, nio momomer colul d be dletected above the
201pCi background. Of the 8uCi on the tobacco this amounts
to, 1 ess than 0. 001a
A reaction mixture prepared for us by F. DeBardeleben (Project
25001) containing neo-WS-14 is currently bei'ng purified by
HPLC for use by Flavor Developiment.
The first Divisional Analytical HPLC is now in operation.
Assi'stanice,was provided'.for the following samples: 7341-179-4i,
73411-1!84-3', and 7341-18.4-4.
The following sampleis have been ruin for Project 2500 on the
preparative HP'LC: 7341-184 and 7341-187.
cJ
ut
N
0
00
pgNbr=1
</ot>
</LTDLWOCR>
