<?xml version="1.0" encoding="ISO-8859-1"?>
<LTDLWOCR>
<tid>aat45e00</tid>
<bt>2050649127/9128</bt>
<dd>19890900/E</dd>
<dt>CHAR, CHART, GRAPH, TABLE, MAPS</dt>
<dt>FORM, FORM;  REPT, REPORT, OTHER</dt>
<au>B,LS; K,DJ; K,TW; P,M; S,M; T,H</au>
<!-- Note:pa1:2050649124/2050649128&lt;/pa1-->
<!-- Note:si:M48-->
<!-- Note:s:LAB SERVICES-->
<ti>PROCESS UNIT CODE LOG LAB PROCESSES</ti>
<pg>2</pg>
<!-- Note:rn t="m":STMN/R1-081-->
<!-- Note:lu:STMN/PRODUCED-->
<!-- Note:dl:19980605-->
<dl>20020201</dl>
<ot>PROCESS UNIT CODE LOG
LAB PROCESSES
DATE
PROCESS
UNIT CODE

34-	PROCESS
TIME

-~. l 35	
PROCESS DESCRIPTION
~
LS	PERFORMED
BY
~	r 7 v	~~ c l~- Gf~ 1 i~ o rv	(1~
		aA-.P	olP
~7	l ?30	~ `' ~ 2 �	!n Q
			
3 9	z-z.ts~'o	&lt; &lt; ~ , ~s	l &lt;
Yo			

-( l		4	
~2	ZI3,5'		
			
			
			
			
			
			
			
			
			
			
			
			
			
			
			
			
			
			
			
			
			~
			~
			~
			s.~
~
Z-0
_ -~
0447.RJ4

pgNbr=1
PROCESS UNIT CODE LOG
LAB PROCESSES
DATE
PROCESS
UNIT CODE	PROCESS
TIME	
PROCESS DESCRIPTION	PERFORMED
BY
c o ~ -o	~3 ~�	G S ~~	~~
~	xe .3~`	~1.r J c~ ck---l o-rLJ PL	C~s
	~	~]A	
	D	N C,	~~nAa) ~
	O ~f"~J	I~lLJ 2/ ~	t(~., tl
	CJ 45		
			
	
i	&lt;&lt; &lt;&lt; , ,
uF~~	
(M
9		oa	_
v	D ~~	" '~ K	
		'P	
		t~A	
			
14			
15	bC~S	~ 67D c~ ec k	

/	
v -2 L'5'	,	
l	D 3_~		
			
			
			
			
			
			
			
			
			
17			
			
zg	/`'/		
		C~t Ec,~ C ~/~f3 /`I	~{~
			
			
~3	30	~~ ~~ a	t~P
0447.RJ4

pgNbr=2
</ot>
</LTDLWOCR>
