<?xml version="1.0" encoding="ISO-8859-1"?>
<LTDLWOCR>
<tid>aas64d00</tid>
<bt>98124041</bt>
<dd>19990318</dd>
<dt>MEMO, MEMORANDUM</dt>
<dt>CHAR, CHART/GRAPH/MAPS</dt>
<au>CALDARELLA,RW</au>
<rc>SCHER,I</rc>
<pc>MILSTEIN,R; SPARROW,K; SPELL,R</pc>
<np>ANTLE,D; FERMANICH,T; GALLAGHER,T; GILL,D; GIRARD,C; HOHLER,W; KRANE,A; NOON,K; SUPROCK,J; TOMASKO,J; WENNINGER,D</np>
<ca>LOR, LORILLARD</ca>
<cr>LOR, LORILLARD</cr>
<no>CORNER STORE; HIGH NOON PETRO; K+K FOODS; MAPCO; MINI MART; PLAID PANTRY; SHORT STOP STORES; SMOKER FRIENDLY; T+T FERMANICH OIL; TOWN + COUNTRY; TOWN PUMP; WI</no>
<!-- Note:co:MARG, MARGINALIA-->
<fn>98124025/98124057/LORILLARD TOBACCO CO., V. PHILIP MORRIS, INC. LORILLARD MERCHANDISING CONTRACT; 98124026/98124056/LITIGATION NON PRODUCT LIABILITY LITIGATION LORILLARD TOBACCO COMPANY V. PHILIP MORRIS, INC., CASE NO. 1: 99CV00207 LORILLARD MERCHANDISING CONTRACTS</fn>
<!-- Note:si:N14-->
<!-- Note:s:LEGAL DEPT FILE ROOM/CENTRAL FILES-->
<ti>MERCHANDISING - CHAIN / INDEPENDENT CONTACTS</ti>
<pg>1</pg>
<!-- Note:rn t="m":R1-037-->
<!-- Note:lu:FEDA/PRODUCED-->
<!-- Note:dl:20020107-->
<dl>20020709</dl>
<ot>*aeucocouvaxv
TOBACCD COMPANY
MEMORANDUM
TO: Irv Scher
FROM: R. W. Caldarella DATE: March 18, 1999
SUBJECT: MERCHANDISING - Chain/Independent Contacts
The following is a list of chains and independents who have agreed to be solicited for an affidavit.
CHAINS	STORES	CONTACT	PHONE NO.
Town &amp; Country	120	David Antle	915-655-0676
(Convenience)			
Mapco	287	Jerry Tomasko	615-367-3120
(Convenience)			
Plaid Pantry	130	Chris Girard	503-526-8300
(Convenience) .		-	
Mini-Mart	165	Andy Kranc	719-948-3071
(Convenience)			
High Noon Petro	31	John Suprock	406-542-0384
(Convenience)			
Town Pump	65	Bill Hohler	406-782-9121
(Convenience)			
Smoker Friendly	92	Terry Gallagher	303-442-2520
(Convenience)			
K&amp;K Foods	13	Kevin Noon	716-637-8743
(Convenience)			
-
Short Stop Stores	60	Don Gill	910-433-4490
(Convenience)			
Independent	Contact	Phone Number -
The Comer Store	.	
(Green Bay- (Convenience	Dan Wenninger	920-499-1722
Store)		
T&amp;T Fermanich Oil Co.		
(Marinette, WI - (Convenience	Tim Fermanich	715-735-9230 -
Store)		
Please contact me at 336-335-7421, if you have any questions.
Bob Caldarella
cc: R. Spell
K. Sparrow
VIC'Milstein

pgNbr=1
</ot>
</LTDLWOCR>
