<?xml version="1.0" encoding="ISO-8859-1"?>
<LTDLWOCR>
<tid>aaf32d00</tid>
<bt>2501762329</bt>
<dd>19960206</dd>
<dt>FORM, FORM</dt>
<dt>MEMO, MEMORANDUM</dt>
<au>REININGHAUS,W</au>
<rc>REIF,H</rc>
<ca>INBIFO, INSTITUT FUR BIOLOGISCHE FORSCHUNG</ca>
<cr>FTR, FABRIQUES DE TABAC REUNIES S.A.; PME, PHILIP MORRIS, EUROPE</cr>
<!-- Note:co:ATCH, ATTACHMENTS MISSING-->
<fn>2501762275/2501762356/FTR SCIENCE &amp; TECHNOLOGY P. MARTIN R. DEMPSEY H. REIF M. RITTER A. TRILLER;</fn>
<!-- Note:si:I30-->
<!-- Note:s:REININGHAUS,WOLF/SEC'Y FILES-->
<ti>TELEFAX MESSAGE NO.: 9262</ti>
<pg>1</pg>
<!-- Note:lu:PPLA/PRODUCED-->
<!-- Note:dl:20000128-->
<dl>20020709</dl>
<ot>,xd
~
INBIFO InstitutfQrbiologlsche ~~
Forschung^Grflbl'I
1113iPO
Contract Research
TELEFAX MESSAGE NO.: 94?(z4
TClopnwlu (0 22 03) 303-1
Telefax (0 22 032 303-802
INBIFO InstiWf [ilr biologlsche Forschung GmbH � Fuggerslr. a� g.5114g COlcune
-/BRA
. DOCUMENT2
DATE:	f66.~` 6'	
	t1o-02-+)c 1 1~~	%0 UUI
FROM:	Dr. W. Reininghaus	' -
TO:

ADDRESS:	Dr. Helmut Reif
Director, Science and Technology
Philip Morris Europe
Fabriques de Tabac Reunies S.A.	
CH-2003 Neuchatel
Switzerland
Fax no.: 0041-38-32 77 76
NUMBER OF FOLLOWING PAGES: c,47j
For your information!
7}ade Re0Ist6Y. CUlOgno HRB 367
Geruaml Maitager: Pr.NbOReininglssus

pgNbr=1
</ot>
</LTDLWOCR>
