<?xml version="1.0" encoding="ISO-8859-1"?>
<LTDLWOCR>
<tid>aaq36c00</tid>
<bt>2072281109</bt>
<dd>19900000</dd>
<dt>ADVE, ADVERTISEMENT</dt>
<np>SURGEON GENERAL</np>
<ca>US</ca>
<no>FTC, FEDERAL TRADE COMMISSION; RJR, R.J.REYNOLDS</no>
<fn>2072280997/2072281197/DAKOTA - 900000</fn>
<!-- Note:si:N618-->
<!-- Note:s:CAMISA,RICHARD/CARLSTADT-->
<ti>DAKOTA. WHERE SMOOTH COMES EASY</ti>
<pg>1</pg>
<!-- Note:lu:FEDA/PRODUCED-->
<!-- Note:dl:20020718-->
<!-- Note:b:DAKOTA-->
<dl>20021209</dl>
<ot>Dakota d/112 (4pali)
Cs 5/14/90
SURGEON GENERAL'S W;RN!NG: Uui�ico Smokir,c
Now Greatly Retluces Serious Risks to Your Nsaitk.
pgNbr=1
</ot>
</LTDLWOCR>
