<?xml version="1.0" encoding="ISO-8859-1"?>
<LTDLWOCR>
<!-- forcebtag -->
<tid>aaa95d00</tid>
<bt>503534409/4420</bt>
<bx>RJR2136</bx>
<!-- Note:b:MORE-->
<dd>19840117</dd>
<dt>REPORT</dt>
<!-- Note:co:N-->
<np>ACS;RJR;TI;LEBER KATZ;ADELSON J;CALIFANO J;SURGEON GENERAL;LIST OF MAGAZINES;AMERICAN LUNG;AMERICAN HEART;CTR;HOUSE;SENATE</np>
<!-- Note:dl:19980227-->
<pg>12</pg>
<!-- Note:rn t="m":MINNESOTA 1RFP93;ROGERS 1RFP1;CORDOVA 1RFP29;TEXAS INITIAL DISCLOSURE;MANGINI COURT ORDER 19960800-->
<!-- Note:sh:19961031-->
<!-- Note:s:PA;PUBLIC ISSUES;OSMON HE;DIR PUBLIC ISSUES-->
<ti>QUESTIONS AND ANSWERS. GENERAL CAMPAIGN QUESTIONS.</ti>
<!-- Note:tp:CTR/TIRC/TI; SMOKING AND CANCER; SMOKING AND LUNG CANCER; SMOKING AND HEART DISEASE; YOUNG ADULT SMOKING; ELECTRONIC MEDIA-->
<dl>20020201</dl>
<ot>SHMSNY! QNtI ~MllJJllU
50353 4409
~, ,. .
pgNbr=1
.QUESTIONS AND ANSWERS
1/17/84
I. GENERAL CAMPAIGN QUESTIONS
A. MOTIVES/PURPOSE
1. Why is RJR undertaking such a program?
We have been concerned for a long time about what is being said to the
public about smoking and the tobacco industry. We are concerned that many
.who claim that smoking causes disease regularly ignore the body of infor-
mation which fails to support the claim. We.are also concerned about
increasing social pressure on smokers.
More recently, we have noticed a trend toward more and more emotionalism,
fueled by rumor and rhetoric, in public discussions of smoking issues..
The substituting of emotional reaction for rational consideration on the
smoking controversy, or any other controversy for that matter, is unfair
to all parties involved. It is particularly unfair to smokers, who are
frequently treated as social pariahs and victimized by discrimination.
We believe that by not speaking out on the issues as a company, we may
have contributed to the current level of emotional overreaction and mis-
understanding. Our silence may have led people to believe we have nothing
to say or that we simply don't care. -
So we have decided to state our side of the story - to express our point
of view on the many issues surrounding smoking. We believe, for example,
that the case against smoking is not a closed case but an open contro-
versy, as yet unresolved, and we will explain why we believe that to be
true. We believe that both smokers and non-smokers have rights, and that
they can work out their relationships through rational discussion and
cooperation based on mutual respect and consideration. We believe that
chiidren should not smoke, and we intend to tell them so. We will be
discussing these issues and others that we think are important.
We are doing this because we care about our customers, and our business,
and we will no longer remain silent in the face of unwarranted allegations
and unfair treatment. -
2. What is your objective?/What do you really hope to accomplish?
Our objective is simple. We want discussions of smoking issues to occur
in a rational, logical environment among reasonable people who recognize
that there is more than one side to the issue.
pgNbr=2
3. Isn't your real objective to convince people it's okay to smoke?
This is in no way an effort to suggest to people that it is okay to smoke.
This is an effort to discuss R. J. Reynold's point-of-view on a variety-of
smoking issues, with the'publTc at large - non-smokers and smokers both -
ranging from the need for courtesy between smokers and non-smokers and our
belief that young people should not smoke to discussions of-the point that
the smoking and health issue is an open controversy and not a closed case.
4. How do you ex ect to accom lish an thin when the ma'orit of doctors and
scient sts say smok ng is harm u an the ma or ty of the public believe
t?
We recognize that many doctors and scientists believe that smoking causes
disease, and we respect their right to hold that view.
We recognize that there are studies which report a statistical relation-
ship between smoking and some diseases, which have led some people to
claim that smoking causes disease. There are, however, other studies
which fail to support the claim. Statistical correlation cannot be used
to support a conclusion about cause and effect, and there have been no
clinical or laboratory studies which demonstrate that smoking causes
disease. Much more research is necessary before we will know whether or
not smoking causes diseases. Until we do, the issue remains an open
controversy.
. r
What we want to accomplish is to reduce emotional reaction among the
public based on rumor and rhetoric and to increase communication based on
logical analysis, rational discussion, and the kind of scientific research
I just mentioned.
We realize that it is going,to be very difficult to overcome years of
one-sided information and the emotional climate which that has generated.
But we have confidence in the people and their ability to reason after
being presented with all points of view, and we think we can eventually
eliminate emotion, rumor, and rhetoric. If logical, rational analysis in
the light of and appreciation of both sides of the controversy lead people
to the same conclusions they had before, then so be it. But we want the
issue to be dealt with in a rational way.
5. Why have you not spoken out before/why have you waited 20 years?
We have been concerned for a long time about what is being said to the
public about smoking and the tobacco industry, but the reason we have
decided to speak out now is the increasing emotionalism, fueled by rumor
and rhetoric, which is being introduced into discussions of smoking
issues. We think that is partly our fault. Perhaps by not speaking out,
we have contributed to the emotional reaction and to the distrust that
seems to be associated with tobacco companies and to a belief that we are
not interested in our customers. So we feel it is better to speak up and
deal with the inevitable criticism than to continue to remain silent.
pgNbr=3
6. Wh do you feel the need to run these ads in addition to those run b the
To acco Inst tute W y are you rea ng away from t e o acco ns ute
The statements we are or will be making are not inconsistent with those of
the Institute, but we believe that by making these points over our own
name, we are adding another dimension, with an individual emphasis and
point of view, to the communication.
B. ANTICIPATED REACTION
7. What kind of critism do you anticipate?
Since the issues have become highly emotional, we expect a great amount of
emotional reaction. We expect anti-smoking forces to resent our initia-
tive and to be critical of our efforts. We expect to be accused of having
hidden motives, like trying to get people to start smoking or suggesting
that smoking is not harmful. These are not our objectives, but in the
current climate, it seems inevitable that we will be faced with these
criticisms.
But as a legal business in a free society, we have a right to truthfully
express our point of view, and we cannot any longer remain silent in the
face of unwarranted allegations and unfair treatment.
8. Are other tobacco companies/the Tobacco Institute supporting your
campaign?
We hope they will support it, because we are expressing points of view
that we believe are held by the industry as a whole.
9. How do you think your stockholders will react to this campaign?
We believe they will feel we are taking appropriate steps to present our
views on issues important to our company and therefore to them.
C. CAMPAIGN DETAILS
10. Will you be using other tactics in addition to the ads?
That is a possibility, but at this point we must see what the response is
to the ads before we consider any other actions.
11. How much are you spending on this campaign?
Several million dollars. At this point we need to determine initial
response to the program before we determine how much we might commit over
a longer term.
pgNbr=4
12. In what publications will the ads appear?
The ads will appear in several major magazines and newspapers, as well as
Sunday Supplements.
13. How long will the campaign run?
We have set no definite cut-off point.
14. -Who is your ad agency for this campaign?
Leber-Katz Partners.
15. Don't the also provide creative for some of your general brand
advertis ng?
Yes.
16. Did you test the effectiveness of these ads as you test your product ads?
We tested them in a similar but not identical way. The primary issue in
this case was ensuring people understand what we are saying.
The purpose of the ads is simply to express our point of view and to com-
municate some information that has not been as widely communicated as
other kinds of.information. People may choose to believe or not believe
	what we say, and that's up to them. The point is, we feel it needs to be
said.
17.	How does your s endin	on this cam ai n com are to your overall product
	advertising u get?	
	It's much less.	
18.	If you reall want to get your messa es around wh aren't you usin
	electronic me ia?
Our present judgement is that it is better to start in the print medium.
We may consider electronic media at some time in the future.
II. INDIVIDUAL ADS/ISSUES
A. INTRODUCTORY AD
19. Are you saying the media have been biased in its coverage of the smoking
issues?
Too often the tobacco industry has not done the job it should in communi-
cating its side of the various issues surrounding smoking to the media.
And in some cases, the media has not taken a hard enough look at some of
the charges leveled against smoking. That is one reason we are running
these ads - so that more information.can come to light.
-4-
pgNbr=5
20. Is the information that ou are referrin to in what ou are lannin to
make u c ase on stu es t at have been con ucted b R. J. Re no s
o acco
No. The studies we're referring to are available in the scientific
literature, but they simply have not received the publicity of those
studies which suggest something negative about smoking.
21. What is R. J. Re nolds doin to find out about the possible harmful
e ects o smok ng?
We contribute millions of dollars annually to independent research under
the auspices of The Council For Tobacco Research, and millions more for
health related research through direct grants to other independent
scientists.
22. What does our own research show about smokin and disease/lun
cancer eart sease etc..
R. J. Reynolds does not conduct research on smoking and disease within its
own laboratories. We have always provided funding for independent
scientists to engage in that kind of study.
The work that has been done by these independent scientists is available
in the scientific literature. The reason that the results of many of
these studies do not receive much publicity is because none of the'
research we have funded, or any similar research funded by anyone else,
has ever been able-to show that tobacco smoke is a cause of these -
diseases.
B. "WHAT NOT TO DO IN BED"
23. Des ite your ad, eo le will continue to smoke in bed and use cigarettes
care essl . So rather t an s en in t e mone on this ad, wh not put it
into making a se -extinguish ng cigarette?
R. J. Reynolds is devoting significant research and development resources
in an attempt to develop the self-extinguishing cigarette. We will
continue to pursue this research until an answer is found.
24. Your company has a cigarette which tends to go out much more_than others -
More. Why on t you make a oTyour cigarettes Ti ecM-ore
More is not a self-extinguishing cigarette. It does have a tendency on
some occasions to go out when left in an ashtray, but that tendency is not
predictable and cannot be depended upon.
pgNbr=6
25. How can you treat such a serious issue as someone burning to death because
o c garettes in suc a fr vo ous manner?
.We don't consider it frivolous. We think this.is an effective way to get
people to pay attention to a very serious message.
C. "COURTESY"
26. For et the health question. The fact is that the majorit of I eo, le don't
smoke, so w y s ou t ey have to be ot ere y smo ers in pu ic p aces?
They shouldn't. The fact that some non-smokers are seriously annoyed by
cigarette smoke is a concern, but the way to deal with this concern and
resolve the conflict is through mutual respect and consideration- on the
part of both smokers and non-smokers.
This is a people problem, a common courtesy problem, and it can be worked
out by human beings who truly appreciate each other's wishes. Smokers are
real people too, and if they are approached in the spirit of friendliness
and in a polite and considerate manner, they will respond in kind.
There is a disturbing tendency in the way the issue of smoking in public
is being approached by some people. Restrictions on smoking have been on
the increase, and many of these restrictions give any non-smoker the power
to say he or she is not satisfied with the arrangements and to impose a
personal no-smoking ban. Regardless of how one feels about smoking, it
seems to be a dangerous precedent for our society to allow a majority
group, or as few as one member of that majority, to impose its will in a
dictatorial fashion on a minority group.
27. If people smoke because they want to smoke or enjoy it, why have so many
stoppe smoc ng.
Obviously whatever it was that motivated them to want to stop smoking more
than offset whatever it was they got out of smoking. That's a decision
they are entitled to make. If someone wants to stop smoking, they should.
28. If it is so easy to stop smoking, why are stop-smoking clinics a thriving
i nustry today?
Because there are apparently enough people who have decided to stop
smoking who feel they need help doing so.
Millions of people stopped smoking over the last 20 years. And, according
to government figures, 95% of those do so on their own. A small propor-
tion of smokers who want to stop smoking apparently find it difficult, and
they are probably the ones who use these programs.
pgNbr=7
D. "WE DON'T ADVERTISE TO CHILDREN"
29. I'll ask the same question as your ad - "Who are you kiddin ?" You
romote c arettes at concert3--an on t e eac es. You su free
ci arettes to s orts an enterta nment i ures w o serve as ro e models.
You a ow your	ran	names to a ear on to s. Your sam ers ve
c garettes to	i s.	How can you say you on t a vert se to kids?
We do not target our advertising to minors. We firmly believe that
smoking is an adult custom. Our samplers are forbidden to give cigarettes
to minors under threat of termination. We do not allow our brand names on
toys. We give cigarettes to public figures only if they request them. We
simply do not advertise to kids.
We do not develop marketing plans against young people, we do not adver-
tise to young people, we do not conduct consumer surveys among young
people, and we have no intention of ever making any efforts to bring them
into our market. -
30. You say your advertising is geared to smokers; what about people who take
up smoking? How o you influence them to smoke your products?
New smokers are similar to anyone who begins using a new product or begins
a new pastime. They will naturally search around to find the particular
style of product or method of doing something most suited to their taste.
Our advertising, we hope, communicates the reasons a smoker should try our
brands. - -
The decision to smoke or not to smoke is made independent of anything we
are able to do. We try to design our advertising in such a way that
people who are already smokers will be persuaded to smoke our products
instead of someone else's. That is a very difficult job, and all our
marketing efforts are committed to it. -
31. If all you are doing with advertising is switching smokers from one brand
to another, won t you fina ly go out of bus ness?
We don't think so. There is a variety of reasons why people smoke, and
studies show that advertising has little if anything to do with it.
People have smoked for hundreds of years, long before the development of
any kind of sophisticated advertising techniques. This remains true today
in some countries where there is no advertising of cigarettes.
Our business is based on the assumption that people will continue to
smoke, for the same reasons that they always have.
pgNbr=8
E. YOUTH SMOKING ADS
32. If ads don't get kids to start smoking, why should these ads keep them
--- - ---
'rom smok ng? - -
Because brand advertising and this youth campaign have different purposes.
Cigarette brand advertising is not designed to get kids or anyone else to
start smoking, and based on the available research, it is not doing so.
Our youth effort, however, is specifically addressed to young people and
asks them not to smoke. We hope that since the message is coming from a
cigarette company, it will have a special impact on them.
33. How can you sa you don't want kids to smoke when ou do massive
romot ona ro rams in suc ocat ons as or a urin t e s rin
o ays you sponsor roc concerts?
We undertake no sponsorship or promotional program for which the audience
is predominantly young people. Our concerts are carefully selected for
their appeal to an older audience. We believe our advertising and
promotion practices are consistent with our belief that smoking is an
adult custom and that kids should not smoke.
34. Has company ever taken any legal action against the companies that
manufacture candy c garettes using your brands as models?/What legal
action have you ever ta en aga nst can y c garette firms?
We gained an inj unction against World Candies for using our trademarks in
violation of a previous agreement not to do so.
35. If a kid decides he should not smoke now, aren't you ruinin oy ur future
business because he will Tike y never start?
We don't think so, but that is a chance we are willing to take.
We realize that some young people smoke. However, we don't believe our
business continues to exist only through a continued influx of new smokers
who begin smoking in their early teens. We believe that smoking is an
adult activity and should be confined to adults. We believe that due to
the controversial issues surrounding smoking, non-adults should avoid
cigarettes until they're adults, and only at that point should they even
entertain the decision as to whether they should or should not smoke.
36. Won't kids sim 1 look at this advertisin as a challen e, isn't there a
hi en messa e here that sa s i a ki _wants to oo like an adu t he
shou d smoke?
No. In order to ensure that we weren't doing exactly that, we have been
in consultation with a child psychologist who has said that in his opinion
no reasonable person could find a hidden message in this communication
that suggests to kids that they should start smoking.
(Dr. Joseph Adelson, University of Michigan.)
pgNbr=9
37.	Wh don't you make your	outh "don't smoke" advertising as attractive and
	appea ing as your n v	ua ran a vert s ng
	The ads are designed differently because they have different purposes.
38.	If you a ree that oun	eo le shouldn't smoke wh did the Tobacco
	Inst tute attac Joe Ca	ano s crusa e to en st sc oo c ren in his
	fight aga nst smok ng	
_ Because Mr. Califano presented such an inaccurate, unscientific approach
in his total smoking program that we felt he had to be challenged on every
front. To accept his school program while fighting his other approaches
would have made it appear we felt there was some truth to his unfounded
contentions.
39. Where are these youth ads running?
In a variety of publications, including such youth publications as Bo s
Life, Circus, Teen, Co-Ed, and others, and also in some Sunday Suppnts
and-Peo~~1-e- maga n~z to g~ve some parents the opportunity to call their
chil rn~ s attention to them.
40. Are you going to be doing anything directed to youth besides advertising?
This is an entirely new program, so we will take it one step at a time.
We may very well consider other approaches later.
F. PASSIVE SMOKING
41. You mentioned one stud in this advertisin and then proceeded to
discredit it. Are there other stu es c aim ng smoke hurts non-smokers
that you do not mention?
There have been a few, similar'to the one mentioned in that they were
statistical or epidemiological studies, which have suggested some rela-
tionship. There have also been a few similar studies which have failed to
show any _rel ati onshi p.
42. You say there is no proof of cause and effect. Isn't that argument just a
way to avoicTacrmi ti ng w at everyone nows i s true?
No. We are stating facts available to anyone who cares to take an
unbiased look at all of the available evidence.
43. Your compan,y has spent a lot of money trying to defeatpubli,c smokin
ordinances in places f ki F�F~ia and Ca-Ti'1o ia. How can you justif
spen ing suc an amount?
Because we are a major manufacturer of the products which would be
affected by the ordinance, and we have many thousands of customers who
could suffer unreasonable discrimination under such ordinance.
pgNbr=10
G. SMOKING AND HEALTH EXECUTIONS
44. The overall effect of these ads is to im 1 that it ma be oka to smoke.
Won t t s negate t e e ect-a t e ea t warning on t e package
No. All we are saying here is that we do not know the answers and the _
issue remains a controversy. We are not saying it is safe or unsafe to
smoke.
45. Whether or not smokin causes diseases the fact is there is at least a
strong susp cion t at t does. T ere ore, why s ou anyone take the
chance?
The decision to smoke is a matter of personal choice. We know little
about why people take up the custom. People apparently smoke because they
want to smoke. The individual must weigh both sides of the issue, then
decide whether the custom gives him or her whatever benefit they may be
seeking.
46. Can you provide a list of the best known h sicians and scientists who do
e ieve the case aga nst smok ng as not been proven?
The best source for a list of scientists who question the validity of many
elements of the alleged case against smoking is in the record of House and
Senate hearings held in 1982 and 83 regarding rotated health warnings on
cigarette packages, as well as prior year hearings.
47. How much money has Reynolds given to smoking-and health research_over what
peri oa o7 time?
The tobacco industry's financial commitment to such research through their
support of The Council For Tobacco Research has been over $84,000,000 to
date, and Reynolds has contributed about one-third of that. In addition
to its share of funding The Council For Tobacco Research, Reynolds has
contributed over $25,000,000 for various medical research studies in just
the last nine years.
The amount provided by the tobacco industry for smoking and health
research is second only to that of the Federal Government and is many
millions more than the combined support by such groups as The American
Cancer Society, American Lung Association, and American Heart Association.
In 1982, for example, the American Cancer Society and American Heart
Association devoted a total of $1,020,000 to tobacco health research,
while the tobacco industry contributed more than $7,700,000.
48. What is this amount as a percentage of your sales during the same period?
Our contribution represents relatively small proportion of our total sales
during the period, but there is a limit to how much money can be
effectively spent in the scientific community on research on any subject.
pgNbr=11
49. For ever one of the studies you cite in your ad how man o osin
stud es are t ere Isn t it true t at you are greatly outnumbered?
We know of no actual count of-the number of studies that have been con-
ducted. The real issue, however, is quality, not quantity. Most of the
studies which have been reported are statistical association studies,
which cannot be used to show cause and effect. We know of no clinical or
laboratory studies conducted which have proved that cigarettes causes any
disease.
50. How can you sa the issue is controversial in the face of the recent
Sur eon Genera s re ort w ic sai t at coronar heart disease s
causa y inke to smo ng
The Surgeon General's report reflects the opinion of the people who wrote
and edited the report. There are other scientists with differing
opinions. -
Even the Surgeon General's report admits that statistical associations do
not prove cause and effect. So the conclusion which should be drawn is
that the issue about whether or not smoking causes heart disease is an
open controversy and not a closed case.
H. ALL EXECUTIONS
51. (Any specific question about studies/statistics quoted in the ads.)
I will get the specific reference and get back to you right away.
pgNbr=12
</ot>
</LTDLWOCR>
