<?xml version="1.0" encoding="ISO-8859-1"?>
<LTDLWOCR>
<tid>aan15e00</tid>
<bt>2026368103</bt>
<!-- Note:br t="o":PATPM539-->
<dd>19730530</dd>
<dt>LETT, LETTER</dt>
<au>BRANDT,GJ JR</au>
<rc>CRIDLIN,WB JR</rc>
<ca>WATSON LEAVENWORTH</ca>
<cr>PM, PHILIP MORRIS</cr>
<!-- Note:co:ATCH, ATTACHMENTS MISSING-->
<fn>2026368047/2026368133/PM 539 E.J. DESZYCK SMOKING PRODUCT;  FROM COFFEE BEAN HULLS AND METHOD FOR MAKING SAME; </fn>
<!-- Note:si:R475-->
<!-- Note:s:SCHARDT,JIM/INACTIVE FILES-->
<ti>OUR FILE 582-704, PM NUMBER 539</ti>
<pg>1</pg>
<!-- Note:rn t="m":STMN/R1-080; STMN/R1-087-->
<!-- Note:lu:STMN/PRODUCED-->
<!-- Note:dl:19980605-->
<dl>20020201</dl>
<ot>LESLIE D. TAGGART
ELMER R. HELFERICH
NORMAN N. SCHUTTLER
JOHN T. KELTON
NICHOLAS JOHN STATHIS
WILLIAM H. VOGT III
HERBERT BLECKER
HOWARD A. KOTHE
ALBERT ROBIN
THOMAS V. HEYMAN
ROBERT E. KOSINSKI
STEVAN J. BOSSES
GEORGE J. BRANDT, JR.
JAMES J. DALEY
FRANK J. COLUCCI
GEORGE W. Mr,cDONALD, JR.
JAMES W. BADIE
ROBERT J. EICHELBURG
ROBERT M.FREEMAN
MAXIM H. WALDBAUM
PAUL E.O"DONNELL,JR.
PHILIP M. FRENCH
PETER G. DILWORTH
WATSON LEAVENWORTH KELTON &amp; TAGGART
100 PARK AVENUE
LEONARD A.WATSON I1930-1960)
NEW YORK 10017 ELLIS W.LEAVENWORTHi193 0-19 6 9 1
(AREA CODE 212)
683-4220
May 30, 1973
William Bk, Cridlin, Jro, Esqo
Senior Patent Liaison Officer
Philip Morris Research Center
Re : Our File 582 -704, PM #539
Dear Bill:
CABLE ADDRESS"WATSOLAW"
INTERNATIONAL TELEX
620866
We have received a further Official Action in the
above-identified application and enclose a photoprint copy
of the same.
You will note the Examiner has sustained his
rejection of the claims on fiie. Copies of the new
references are encl.osed.
Since response must be f i].ed not later than
August 24, 1973, it is recommended that your instructions
be sent us not later than July 15, 1973.
GJB:hc
Enco
as
pgNbr=1
</ot>
</LTDLWOCR>
