<?xml version="1.0" encoding="ISO-8859-1"?>
<LTDLWOCR>
<!-- forcebtag -->
<tid>aax59d00</tid>
<bt>500889349</bt>
<rc>PELZ BF</rc>
<bx>RJR4317</bx>
<!-- Note:rn t="p":1RFP5-->
<dd>19800801</dd>
<dt>LETTER</dt>
<!-- Note:co:N-->
<np>CTR;MEDICI;F BERND;SWISS CIGARETTE MANUFACTURERS ASSN;ASFC;AH</np>
<!-- Note:dl:19990107-->
<pg>1</pg>
<!-- Note:rn t="m":OKLAHOMA COURT ORDER 19980512;BLILEY SUBPOENA 19980219;WASHINGTONAG COURT ORDER 19980514;1RFP128-->
<!-- Note:sc:OKLAHOMA REVIEW; Bliley-->
<!-- Note:sh:19980902-->
<!-- Note:s:R&amp;D;BIOCHEM BIOBEHAVIORAL-SCI ISSUES;COLBY FG;ASSOC DIR SCIENTIFIC ISSUES;JMF-->
<ti>ASFC SCIENTIFIC COMMITTEE MEETING OF JULY 28,1980 (800728).</ti>
<!-- Note:tp:CTR/TIRC/TI-->
<dl>20020201; 20050708(Bliley)</dl>
<ot>R.J.Rc;ynoldslobncco Compahy
Win slon-Salem, N.C. 27102
F.G Colby
Associate Din. ;1,, r; ~c enlncc Issues
Research Depan .:-n:
August 1, 1980
Dr. Bernd F. Pelz
R. J. R1,YNOTDS 'lb13AC`,CO CMi '1'F,UD~�N0. 888 2509
Postfach 10OP,85
5000 Cologne 1
'Gel,na.ny
}1D: ASFC Scienti.i ic C',onmittee Meeting of July 28, 1980
Dear }3ernd:
'f'nank you very much for sending me the material on the last meting
of the Scientific Coninission of the Mss Cigarette Manufacturers Association.
- ` - - - - - - -_-- - - - - - -- - - - - --.
DR. MFDICI
I am, however, not very happy with the project proposal by Dr. Medici. His
prenise secTs to be that the alleged causal relationship between amking and
"related lung diseases" is an established fact, and that it only remains to
be shown which sroking behavior parameters are "responsible". 'However, I
have been told that some years ago Dr. Medici was involved in a research
project supported by CTR.; he apparently ma.de an overall excellent impression
as a researcher, and also displayed an openminded nonprejudicial attitude..
The project at the time reportedly involved individuals who were or were not
particularly susceptible to infectious respiratory diseases and concoinitantly
to chronic respiratory diseases. By treating the former prophylactically;
the disease inci.dences in the susceptible individuals could be prevented
- eitlier entirely or to a large extent.
S
It might bevorthwhile to talk to Dr. Medici whether or not he may be interested
in resuni.ng the formr work. Othernvise, if he is only interested in the project
as proposed, r.:y suggestion would be that this proposal should be 'rejected.
Another possible change in the thrust of the Medici proposal would be to deterr-
mine whether or not there are correl.ations in smokers and non-srnokers between
general inhalation patterns, and/or other biologica.l and/or psychologica.l
ebaracteristics, and appropriately selected pulnbnary i'unctions.
, ..

pgNbr=1
</ot>
</LTDLWOCR>
