<?xml version="1.0" encoding="ISO-8859-1"?>
<LTDLWOCR>
<tid>aau64d00</tid>
<bt>98965702</bt>
<!-- Note:br t="o":PROB625-->
<dd>20000000/E</dd>
<dt>SREP, SCIENTIFIC RESEARCH PROPOSAL</dt>
<np>CHAPMAN,JJ; CRAVEN,BJ; CROUSE,EW; GAWORSKI,CL; HECK,JD; LAKE,RS; LEVERETTE,RD; MISRA,M; PERINI,FR</np>
<ca>LOR, LORILLARD</ca>
<no>IARC</no>
<!-- Note:co:MARG, MARGINALIA-->
<fn>98965615/98966010/RES. PROJECTS...; 98965616/98965750/RESEARCH MGMT</fn>
<!-- Note:si:G180-->
<!-- Note:s:MISRA,M/OFFICE-->
<ti>R&amp;D PROJECT DEFINITION 20000000 PROJECT NUMBER: B-625 TECHNICAL REVIEW OF SCIENTIFIC ISSUES</ti>
<pg>1</pg>
<!-- Note:rn t="m":R1-272-->
<!-- Note:lu:FEDA/PRODUCED-->
<!-- Note:dl:20020314-->
<dl>20020709</dl>
<ot>~ Pagelofl
R&amp;D Project Definition
2000
Department: Research
Section: Life Sciences
Manager. Gaworskl, Charles L.
Project Number: B-625
Project Name: Technical Review of Scientific [ssues
Project Leader(s): Heck, Dr. J. Daniel
Project Description
A broad range of issues, including smoking and health, ETS, and biology-based matters relating to company operations, are of
ongoing interest to the Company. New issues relating to the company's products arise continuously. These social, regulatory, and
technical issues frequently involve the generation and interpretation of scientific data, and are therefore properly referred to the
Research Department. The majority of effort will comprise written analysis. This project draws upon the diverse technical expertise
within the Research Department to l.) maintain and advance awareness of the broad range of issues in smoking and health for
interested persons within the company; 2.) provide a technical appraisal of significant new scientific developments in areas of
company interest, 3.) prepare technical summaries or other opinions as may be required by other departments or in support of external
regulatory needs. .
Project Deliverabies for 2000
1)
Manuscript Preparation: 500 hrs ( January - October)
1. Complete a manuscript reviewing the technical literature on menthol and smoking typography and submit it for publication
in a peer-reviewed journal.
2. Complete an analysis of available literature and the [ARC database of mutations in the P53 gene of human lung tumors
and prepare a manuscript for submission to a peer-reviewed journal.
2) Miscellaneous Issues: 1700 hrs ~January - December)
1. Maintain an awareness of ney6 developments relating to smoking and health, environmental tobacco smoke, and other
biology-related subjects and ~vide timely reviews of appropriate issues to management.
2. Review and analyze chemical, analytical, or other scientific elements of emerging and ongoing issues and provide timely
reviews to interested persons within or external to the company. When indicated, perform laboratory or field
experimentation required to address data gaps.
Project Members
(Vacancy, Analytical Dev.) Chapman, John J. Craven, Bascom J. Crouse, Elizabeth W.
Gaworski, Charles L. Heck, Dr. J. Daniel - Lake, Dr. Robert S. - Leverette, Dr. Robert David
Misra, Dr. Manoj Perini, Dr. Florian R.

pgNbr=1
</ot>
</LTDLWOCR>
