<?xml version="1.0" encoding="ISO-8859-1"?>
<LTDLWOCR>
<tid>aav66c00</tid>
<bt>2072903877</bt>
<!-- Note:br t="m":2072903877/3878-->
<dd>19810529</dd>
<dt>MEMO, MEMORANDUM</dt>
<au>KORNBLUTH,P</au>
<rc>WILSON,L</rc>
<pc>COOK,B; MERLO,E</pc>
<np>COOK,W</np>
<ca>PMUSA, PHILIP MORRIS USA</ca>
<cr>PMUSA, PHILIP MORRIS USA</cr>
<!-- Note:co:MARG, MARGINALIA-->
<fn>2072903753/2072903881/CORRES. PHYL KORNBLUTH 810000</fn>
<!-- Note:si:N474-->
<!-- Note:s:MARKETING/CARLSTADT-->
<ti>PROJECT LIST - 810500</ti>
<pg>1</pg>
<!-- Note:lu:FEDA/PRODUCED-->
<!-- Note:dl:20020723-->
<dl>20021209</dl>
<ot>PHILIP MORRIS U.S.A.
INTER -OFFICE CORRESPONDENCE
100 Park Avenue, New York, N.Y. 10017
To: � L. Wilson
From: P. Kornbluth
Subject: � ProZect List - May_ 1981
Date: May 29, 1981
R E C E I V E D
tb,1` 2J 1981
Yw~OLkA.:"u t CM
Attached is the Merchandising Materials Project List for the
month of May that contains current information regarding
your brand.
Should you have any questions, please call.
PK/et
Attachment
cc: B. Cook'-~
E. Merlo
pgNbr=1
</ot>
</LTDLWOCR>
