<?xml version="1.0" encoding="ISO-8859-1"?>
<LTDLWOCR>
<!-- forcebtag -->
<tid>aaz94f00</tid>
<ti>Project FLS Cup Pack Test Market</ti>
<dt>Memo</dt>
<dt>Correspondence</dt>
<dd>19751029</dd>
<au>Jackson-CA-Jr, ATCO</au>
<rc>Chester-NH</rc>
<!-- Note:co:Marginalia-->
<!-- Note:ci:10004026-->
<!-- Note:rn t="m":19-->
<pg>2</pg>
<!-- Note:ag:60092436-->
<!-- Note:dl:19981123-->
<bt>968134084/4085</bt>
<!-- Note:br t="a":ATX03 0071168/ATX03 0071169-->
<dl>20020201</dl>
<ot>C f. 1! U!! L' ~m,
&lt;.f1rrmr~t-crva (X41 aeri-t',rnncil
.
C. A. Jackson, Jr. - Product Manager
Kojoct 110 cup pack Test Market
. N. ll. Cheater - I;edia Director
(,,+obo.r 29, 3975
?t is recon:n,cn[led tLat the approved Idarketinq Plan for the
int.rodnct.ien of Prnject P7,5 cup pack be a].tered as follows
tn ncC� enoClz.te the Sf,coia] Test which eoul.d not he conducted
in Noyt f:aynn, lndiana.
t;cw Tc;t PSt,rLot - Ilnr; 37oinos, iowa
.. ......_
P7a; ;7c:':uctinn Reoui):mnent9
Jnli.iol 'lv:r.cla 696,000
Is.IJ O"i sLl wra. 420,000
Ccwnun~r offcr 920,000
v'via1 7 wecla 1,536,000
Covt
r:er:: , . ;,) a},:,&lt;:' $30,000
1'TO(iUC(.:Oh 5,(f~0
fotb] Padia $35,000
Sb1.c:. u::n::r;.r.ent
la.qo].arr Gc.;7iny Jb:,,enso $24,000
Ccnsmns OSSCr 17,000
Cont.ingenny (Spicia] Test) 9,000
a'ow . Sa7es UcyarY.m.mrt $50,000
Crmnd 9'ot.a'L $85,000
PreviousJy Tpprevcrl $93,000
riuZgct RcducCi.on $ 8,000
pgNbr=1
l/L.SP
AEC_,e2. .
- -
L _
r- -
-~-.. ~ . . . ;
I I
. ., . __ , .. ,

Z

___f . __.
-_
I

_.-_ _._-.. .. . . . ._._ i ~
I
pgNbr=2
</ot>
</LTDLWOCR>
