<?xml version="1.0" encoding="ISO-8859-1"?>
<LTDLWOCR>
<!-- forcebtag -->
<tid>aaz74d00</tid>
<bt>506247499</bt>
<bx>RJRC1555</bx>
<dd>19860000</dd>
<dt>REPORT</dt>
<!-- Note:co:N-->
<np>EYELEMATIC;RJR</np>
<!-- Note:dl:19980227-->
<pg>1</pg>
<!-- Note:rn t="m":MINNESOTA 1RFP69-->
<!-- Note:sh:19960515-->
<!-- Note:s:TGA DATABASE-->
<ti>MATERIALS HANDLING.</ti>
<dl>20020201</dl>
<ot>MATER I ALS HANDLING
OBJECTIVE:
* TO DESIGN AND TEST A CORRUGATED CONTAINER TO
PROTECT CAPSULES DURING SHIPPING AND HANDLING
SCHEDULE:
* RECEIVE &amp; INSPECT TEST MATERIALS JULY 28
* SHIP TEST MATERIALS TO EYELEMATIC JULY 29
* DESIGN'&amp; MAKE SORTER TO TEST "OUT-OF-ROUND"
CAPSULES AUG 15
* SHIP TEST PALLET TO RJRT FROM EYELEMATIC-AUG 27
* INSPECTION, TESTING COMPLETE AUG 29
NEXT STEPS:
* TRANSFER TESTING TO QUALITY ASSURANCE SEPT 30
* EVALUATE CONTAINER SELECTED FOR OTHER SUPPLIERS
DEC 31
* DESIGN RE-USABLE CONTAINER DEC `87
* DESIGN/TEST CONTAINER FOR SHIPPING FUEL SOURCES
TBD
pgNbr=1
</ot>
</LTDLWOCR>
