<?xml version="1.0" encoding="ISO-8859-1"?>
<LTDLWOCR>
<!-- forcebtag -->
<tid>aak30a00</tid>
<bt>60010389/0389</bt>
<dd>19820802</dd>
<dt>LETTER</dt>
<au>HENSON A, AMER BRANDS</au>
<rc>HOYT WT, CTR</rc>
<bx>260</bx>
<!-- Note:dp:19961031-->
<!-- Note:rn t="m":3; 4-->
<!-- Note:lu:MNAG-->
<pg>1</pg>
<dl>20020201</dl>
<ot>.,,
c06ra4,Azze.
245
PARK.AVENUE,.NEW YORK,NEW YORK 10187
OFFICE OF THE '
SENIOR VICE PRESIDENT
AND GENERAL COUNSEL
August 2, 1982
Mr. W. T. Hoyt, President
The Council For Tobacco Research-U.SeA., Inc..
110 East-59th Street,
New York, New York 10022
Dear Tom.:
- w
Reference is made to your letter of July 26, 1982, request-
ing payment of American Brands'. second installment of 1982
dues. Enclosed herewith.is the Company's check in the amount.t
of $68,898 representing its share of the second installment
of dues for 1982.
AH:JC
Enclosure
Very truly yours,
Arnold Henson
Senior:Vice President
and General Counsel
CASLE AOORESS: POWHATTAN

pgNbr=1
</ot>
</LTDLWOCR>
