<?xml version="1.0" encoding="ISO-8859-1"?>
<LTDLWOCR>
<!-- forcebtag -->
<tid>aam65d00</tid>
<bt>504549674</bt>
<dd>19761000;19850827</dd>
<dt>SPECIFICATIONS</dt>
<!-- Note:co:Y-->
<np>CELANESE FIBERS</np>
<!-- Note:dl:19990521-->
<pg>1</pg>
<!-- Note:ag:THE CHARACTERIZATION OF CIGARETTE SMOKE FROM CYTREL SMOKING PRODUCTS AND ITS COMPARISON TO SMOKE FROM FLUE-CURED TOBACCO. III. PARTICULATE PHASE ANALYSIS, BY ALLEN RE AND VICKROY DG, BEITR. TABAKFORSCH. 8 (NO. 7), 761000.-->
<!-- Note:rn t="m":TEXAS INITIAL DISCLOSURE-->
<!-- Note:s:R&amp;D;R&amp;D TECH SVCS-R&amp;D LIBRARY;KONSTANTINOW G;SR R&amp;D LITERATURE SCIENTIST-->
<ti>GALLIUM.</ti>
<!-- Note:tp:SMOKING BY-PRODUCTS-->
<dl>20020201</dl>
<ot>L
~C~Ci~^Gtn'Y1
Anarytical information (detailed) Smoke / Green Cured- .'Non-Leaf
Itemize:
Quantitative (all figures)~
010 Z-0,2
Structural Formula
?iol. Form
Mol. Weight
Chem. Groups
Qualitative only
Quoteints or Semi-quant.
M. P.
Derivatives
B. P.
Types of Tobacco (all details) "6,~
Tox.-Pharm. Inform. and other Notes
Reference
i
,
Allen, R. E.; Vickroy, D. G.
(Celanese Fibers Co., Fibers Tech. Cent., Charlotte, N.C., U.S.)
THE CHARACTERIZATION OF CIGARETTE SMOKE FROM CYTREL SMOKING
PRODUCTS AND ITS COMPARISON TO SMOKE FROM FLUE-CURED TOBACCO. III. PARTICULATE
PHASE ANALYSIS.
Beitr. Tabakforsch. 8 (No. 7) 430-37 (Oct. 1976) - in English
*Keywords:* Constituents too numerous to list.
.

pgNbr=1
</ot>
</LTDLWOCR>
