<?xml version="1.0" encoding="ISO-8859-1"?>
<LTDLWOCR>
<!-- forcebtag -->
<tid>aaa99e00</tid>
<ti>-- No Title --</ti>
<dt>MEMO, MEMO</dt>
<dt>CORRESPONDENCE</dt>
<dd>19630121</dd>
<au>UPFIELD,AAD</au>
<rc>HILGARTNER,GH</rc>
<pc>CASTLEMAN,DP;LAUDER,WB;SIMPSON,JH</pc>
<!-- Note:ci:10004026-->
<!-- Note:rn t="m":A4-->
<pg>1</pg>
<!-- Note:ag:424024-->
<fn>AIRLEX B 1962 CORRESPONDENCE</fn>
<!-- Note:dl:19990326-->
<bt>659010218</bt>
<dl>20020201</dl>
<ot>.I. t. ~lyFe~e. Jr.
u. p.
I~. I. G.=..[leveu
A,.Sq YiPEW:pa
Amnry 21, 196]
1~. l[eu[[ed Sntl[Se eipp 0.me 2n1 vc[htM1nUUtltn tnketpln[ehvL[L2
LM1e ntv drylnE af g&gt;�~'. tt[/pe e[ Jxi~,+' bq )lanee toq [M[
.11 Qu[bee for m[Lltlele eM 1nW[ e.e [o Ee aMry.J te~
"Lnm S[~Sn ~t'YSN ~e%1M-tuc
Cqxlaet Np. 1-u5It v111. 4a te[M LbR [M wcE "nt[' /ae D!a em1eNE w[Mt
.m~[w tw emrae ewt ne [n.~ . a[~[ tm tm. ~f ame~o-
weeei wta Hll ro[ Iv faatee[M., t[


pgNbr=1
</ot>
</LTDLWOCR>
