<?xml version="1.0" encoding="ISO-8859-1"?>
<LTDLWOCR>
<!-- forcebtag -->
<tid>aab86d00</tid>
<bt>TI16381648</bt>
<au>JACOBSON P</au>
<rc>NELSON M</rc>
<dd>19960516</dd>
<dt>LIST</dt>
<ti>WASHINGTON COUNTY POLLING PLACES</ti>
<!-- Note:rn t="m":DOJCRFP-->
<bx>299</bx>
<!-- Note:dp:09/12/2001-->
<pg>1</pg>
<!-- Note:s:TI STORAGE BOX 6452-->
<!-- Note:cn:DOJ CIVIL-->
<!-- Note:dl:20020306-->
<dl>20020925</dl>
<ot>eroo.- Fei: Lacesoni50'_1 299-2355 To: Mark Ye1san[1503,'71-2411
Pa9s 2 c`. 3, YM1u 4ay ;[ 1596 23!9i:L
WASHINGTON COUNTY POLLING PLACES
nIGll PRIORrV
Southwest Church of Christ
9725 S. W. Durham Road
Tigard
Vnse Elementary School
11350 S. W. Denney Road
Bcavcrton
Fir Grove Elementary School
6300 S. W. Wilson Avenue
Beaverton
Central Church
6275 S. W. Hall Blvd.
Beaverton
Huttcmut Crcck Elcmcntary School
20395 S. W. Florence Slreel
Beaverton
MEDIUM PRIORTY
Montclair Elementarv School
7250 S. W. Vermont Street
Tigard
Raleigh Park Elementary School
3670 S_ W. 78' Avenue
Portland
Raleigh Hills Elementary School
52'5 S. W. Scholls Ferry Road
Portland
McKay Elementary School
7485 S. W. Scholls Ferry Road
Beaverton
West Tualatin View Elementary School
8800 S. W. Leahy Road
Portland
Bethany Baptist Church
4545 N. W. Kaiser Road
Portland
Montclair Elementary School
7250 S. W_ Vermont Street
Tigard
Errol Hassel School
18 100 S. W. Beny Road
Bcavcrton
LOW PRIORITY
Cooper Mountain Elcmcntary School
7670 S. W. 170th Avenue
Beaverton
Summerfteld Clubhouse
10650 S. W. Summcrficld Drive
Tigard
NOT FEASIBLE
Golden Road Baptist Church
5215 S. E. Golden Road
Hillsboro
Groner School .
23405 S. W. Scholls Ferry Road
Hillsboro
Charles F. Tigard School
12985 S. W. Grant Street
Tigard
Ed Byron Elementary School
21800 5. W. 9P' Avenue
Tualatin
Hiteon Elementary School
13800 S. W. Brockman Street
Beaverton
Aloha Park Elementary School
17770 S_ W. Blanton Street
Beaverton
Mooberry Elementary School
1230 N. E, 10~ avenue
Hillsboro
Christ United Methodist Church
1050 N. W. 128�i Avenue
Portland
Metzgar Park Clubhouse
8400 S. W_ Ilemlock Street
Tigard
Terra Linda Elententary School
1998 N. W. 143'a Avenue
Portland
TI1638-1648
pgNbr=1
</ot>
</LTDLWOCR>
