<?xml version="1.0" encoding="ISO-8859-1"?>
<LTDLWOCR>
<tid>aak11e00</tid>
<bt>87064858</bt>
<dd>19870701</dd>
<dt>INVO, INVOICE</dt>
<au>M,L</au>
<ca>ESSENCE COMMUNICATIONS MAGAZINE</ca>
<!-- Note:co:MARG, MARGINALIA-->
<fn>87064852/87064886/MISSING; </fn>
<!-- Note:si:G1-->
<!-- Note:s:ADVERTISING/BASEMENT GMP-->
<pg>1</pg>
<!-- Note:rn t="m":R1-005-->
<!-- Note:lu:STMN/PRODUCED-->
<!-- Note:dl:19980605-->
<!-- Note:b:NEWPORT-->
<dl>20020201</dl>
<ot>*4
T
..,. . ~..u._
fJUL? 1987
ESS6~E C[lMW1dICATIalSiMA6AZINE INC
15N BROADWAY
NEY YDRK, NY 18036
(212) 738-4286
I N V OrI C E
50LD TO:90@249
LDRILIARD lEDIA SERVICE
ACCDLDfiS PAYABLE
666 FIFTH AVENIE
NEW YDRK NY 18183			SHIP TO
NEWPORT
	- DATE :@7/81/87 No. 12193 PAGE : 1 DlE DATE: 87/31/87
SHIP VIA	F. 0. B. AOB 1987	DISC.DAYS 19 DISC.X 2.AA NET DAYS 3@ YOUR # 110 OUR #
INVENTORY #	D E S C R I P T I 0 N	QRDERED	SHIPPED	BApS ORDER UNIT PRICE DISC. x EXTENDED PRICE
181A1	4C PA6E	1.888	1.906	1924�.000 1924e.8fl
	VOL1K DISCOUNT 12%			2388.88-
	A6ENCY CQ41 15%			2539.68-
"A Gh =iNE
s~i:( / IDiJ
~ F7t11ATE I P
0
0
0
TOTAL
NET TO PAY 14391.52

pgNbr=1
</ot>
</LTDLWOCR>
