<?xml version="1.0" encoding="ISO-8859-1"?>
<LTDLWOCR>
<!-- forcebtag -->
<tid>aae42f00</tid>
<bt>TIAZ0000022</bt>
<au>RED LION HOTEL</au>
<rc>DAVIDSON JA</rc>
<dd>19920917</dd>
<dt>BUDGET / FINANCIAL</dt>
<!-- Note:co:MARGINALIA-->
<ti>UNTITLED</ti>
<!-- Note:dp:08/07/97-->
<pg>1</pg>
<!-- Note:s:TI BOX  340 (Vendor Files/T &amp; E)-->
<!-- Note:d:HOTEL BILL-->
<!-- Note:cn:Arizona AG-->
<!-- Note:dl:19990510-->
<dl>20020201</dl>
<ot>RED LION HOTEL
~
~ SALT LAKE
P.O. BOX 26023 255 SOUTH WEST TEMPLE
SALT LAKE CITY, UT 84126-0023
(801) 328-2000
TRANSFER TO CREDIT LEDGER CHARGE TO
I AGREE THAT MY LIABILITY FOR THIS BILL IS NOT WAIVED AND
AGREE TO BE HELD PERSONALLY LIABLE IN THE EVENT THAT THE
INDICATED PERSON, COMPANY OR ASSOCIATION FAILS TO PAY FOR STREET-
ANY PART OF THE FULL AMOUNT OF THESE CHARGES.
PLEASE INDICATE METHOD OF PAYMENT:
0 AMERICAN EXPRESS 0 VISA El DINERS CLUB/CARTE BLANCHE
0 MASTERCARD El DISCOVER [I OTHER
CITY-STATE ZIP
GUEST'S
SIGNATURE
PHONE
WE APPRECIATE AND HOPE TO CONTINUE TO DESERVE YOUR BUSINESS. IT'S A MATTER OF PRIDE!
FOR RESERVATIONS TO ANY RED LION HOTEL OR INN, CALL TOLL FREE - 800-547-8010
REE'EJWJCE
				I
09:16/9''	CR ROOM CHARGE FOR 1818		105.00	
0yi 1 J/92'	07.30AM 14 MiN 505-982-5e596			
09/17/92	0 7:#5_*oW.�4';..~: ~	:.		
`
09/17/9:	10:10AM 2 MIN 202-8w8-8891		0.50	tt5firrcax,
1- 1
Q9/ 1 &gt;7/9,2	10 ; 14 f*, ,? A A *Ahl 0 A Z AA&amp;			
	,~.			
	ROOM CHARGES		105.00	
	
_j
~t
,,6WW'QfifiMhW t T Ax ,		14.87	
	PHONE CHARGES		7.49	
Y A.ik-:;, ,--.va~' . .
1a
DEPARTURE DATE
TIAZ 0000022
. ~ S ~ . .4 . . .
Fl CHECK HERE IF YOU REQUIRE SPECIAL EMERGENCY EVACUATION
DUE TO A PHYSICAL DISABILITY.
GUEST
SIGNATURE DENROUTE
i,dRk&amp;AARD NUMBER
ACCOUNT NO.
;:1.;;01.0
RATE
10 .:; . .,) ":)
r.
.. ~. 7 : i... ;
s. i~l �... .i. a.. ..) (. ~ ~ ~1 0 . ~...
N(1Y;l-1 15 ~ 11.1
1. J t.:i I
::~ I. ... ~ .,..
~
ARRIVAL DATE
09? :I.'. ? ::.
ROOM *
C.'
1. 1131
(PLEASE PRINT)
CAOE
PiK
ROOM #
oEN80NS
1.
GROUP #
123.36
PFEPMYMEt~fT
0,
PLAN CODE
...1-~
PHONE #
-^ .i. ._. ..?':r:... .....c:l .:i ~`..
T ME TIME
ARRIVE , r DEPART
0 ;:~
1o RED L[ON HO~.-1.~.0. BOX 26023 255 SOUTH WEST TEMPLE
ti, r i,xe '~ ' ALT LAKE CITY, UT 84126-0023
18011 328-2000
pgNbr=1
</ot>
</LTDLWOCR>
