<?xml version="1.0" encoding="ISO-8859-1"?>
<LTDLWOCR>
<tid>aag41e00</tid>
<bt>80234156</bt>
<dd>19850314</dd>
<dt>INVO, INVOICE</dt>
<au>MINNEMEYER,HJ; PURDUM,DR</au>
<rc>MINNEMEYER,HJ</rc>
<np>AMES</np>
<ca>LBI, LITTON BIONETICS</ca>
<cr>LOR, LORILLARD</cr>
<no>LBI, LITTON BIONETICS</no>
<!-- Note:co:MARG, MARGINALIA-->
<!-- Note:si:G41-->
<!-- Note:s:LIFE SCIENCES LAB 20/BASEMENT GMP-->
<ti>P.O. NUMBER 012A</ti>
<pg>1</pg>
<!-- Note:rn t="m":R1-004-->
<!-- Note:lu:STMN/PRODUCED-->
<!-- Note:dl:19980605-->
<dl>20020201</dl>
<ot>"= 5516 N icholson Lane
Kensington, MD 20895-1078
3011881-5600
J _.
_.~
�
Billed To:
Terms: Due on Submission I United States Dollars Only.
Payment Address:,- Litton Bionetics, Inc. - (103)
r Box 2087
Washington, D.C. 20013
Date Delivered ~',Ybbraacy, 1985
Authorization:
mount $
Litton Bionetics
40f3.0t#
p.0. #O1ZA
INVOICE
~;T,~ .. . . ~. ..- . _.,. .,, - . '.' ' . . . .
5367 :
USE THIS NUMBER
FOR CI4tCK REMITTANCE
AND CORRESPONDENCE
Date: Mara ].1 ~ 1985
Service Rendered: &amp;ss Ssloonel2a,/i!+Iiaroscme Plate Teat Oa t;he tyesC~wsterial 8174.
Firal Hepca�t was subeaiCt;ed in ftbtuary, 1985.
..; ..:~-
Accou;nttiCode
Submitted By: Project Code:
~8~u
Name: Dsvid 8, Putdum Billing No..
, , , ..
Title. . Hank9er, Caect: Acxountang Customer Code: 7502
,
t
~
Q

CUSTOMER COPY `-

6~.,~ : ~~ ""
pgNbr=1
</ot>
</LTDLWOCR>
