<?xml version="1.0" encoding="ISO-8859-1"?>
<LTDLWOCR>
<tid>aab41c00</tid>
<bt>2085753145</bt>
<!-- Note:br t="m":2085753145/3146-->
<dd>20010925</dd>
<dt>EMAI, E-MAIL</dt>
<au>HOEL,J</au>
<rc>MILLER,K</rc>
<no>NGA CORPORATE FELLOW</no>
<!-- Note:si:W16-->
<!-- Note:s:HOEL,JOHN/OFFICE-->
<ti>RE: NGA CORPORATE FELLOW UPDATE</ti>
<pg>1</pg>
<!-- Note:lu:FEDA/PRODUCED-->
<!-- Note:dl:20030107-->
<dl>20030215</dl>
<ot>2085753145
;Hoel, John
From: Hoel, John
Sent: Tuesday, September 25, 2001 3:45 PM
To: 'Miller, Kimberly'
Subject: RE: NGA Corporate Fellow Update
Well, here we go. I'm at an off site management training course the week of the 8th. How
about Friday, Oct. 19th?

pgNbr=1
</ot>
</LTDLWOCR>
