<?xml version="1.0" encoding="ISO-8859-1"?>
<LTDLWOCR>
<!-- forcebtag -->
<tid>aau01f00</tid>
<ti>Visit To S.T.OY 881207 &amp; 881208 Topics For Discussions.</ti>
<dt>Agenda</dt>
<dt>Meeting Materials</dt>
<dd>19880000</dd>
<!-- Note:ci:10004026-->
<!-- Note:rn t="m":M125 -->
<pg>1</pg>
<!-- Note:ag:11568599-->
<!-- Note:dl:19981123-->
<bt>620401651</bt>
<dl>20020201</dl>
<ot>	VISIT TO S.T.OY		
	DECEMBER 7 &amp; 8. 1988		
	TOPICS FOR DISCUSSIONS		
i"1.	B&amp;W Monitoring Data/Product Quality			
-2.	PALL MALL Filter - Norway: Blend Change		
~ 3.	LUCKY STRIKE			
	Norway - Blend Change~
Sweden - New Launch	
~		
4.	KENT King Size - Sweden: New Low Wt. Product	~ LoriC 7ExM ~'n'+~~Sc
			J lGF D
r.
7'0
5.	KENT Lights - Sweden: New Low Wt. Product -	~
~
p:nEe,A ~c
6.	PALL MALL Mild Menthol.- Norway: New Launch - A,wEC,y 6	wi&gt;~ .He,-4r~
`/7.	Elimination of 80 mm Box and 100 mm Box Products	
` 8.	Transfer of CAPRI to BAT (Suisse)		.
9.	Transfer of BARCLAY 100 mm Box to BAT (Suisse)		
10.	Y1 Tobacco		
11.	PALL MALL Plain Delivery Reduccion- z~j..~	-1p4	a~...m
12.	DCC		
	t-..I e.r - ..	~	
/Y.
/s.	drrl
X~P d ~ cW.)		
PBH/cw/907
0584x
~ Fniss/ ,dO~~AR/
ry,&lt;7, Lidca&gt;01
k,,,~,y UR NO
G20401G51
pgNbr=1
</ot>
</LTDLWOCR>
