<?xml version="1.0" encoding="ISO-8859-1"?>
<LTDLWOCR>
<tid>aat91a00</tid>
<bt>2063070460/0461</bt>
<!-- Note:br t="m":2063070459/0488-->
<dd>19921201</dd>
<dt>MEMO, MEMORANDUM</dt>
<dt>LIST, LIST; PROM, PROMOTIONAL MATERIAL</dt>
<au>KAZIOR,J</au>
<pc>BERLIN,A; DAVIS,N; ILER,B; KELSEY,L; MUNOZ,F; NELSON,D; RODRIGUEZ,M; RUSCITO,A; STILL,A; SULLIVAN,V</pc>
<np>KELAY,L</np>
<ca>PM, PHILIP MORRIS</ca>
<cr>PM, PHILIP MORRIS</cr>
<no>GRAND UNION</no>
<!-- Note:co:MARG, MARGINALIA-->
<fn>2063070435/2063070573/GRAND UNION 920000 CORRESPONDENCE;</fn>
<!-- Note:si:N853-->
<!-- Note:s:SALES SECTION OFFICE/SYRACUSE NY STORED FILES-->
<ti>GRAND UNION / PROMOTIONS FOR CF UNIT</ti>
<pg>2</pg>
<!-- Note:lu:NYAG/PRODUCED-->
<!-- Note:dl:19990524-->
<!-- Note:b:BENSON &amp; HEDGES; MARLBORO-->
<dl>20020201</dl>
<ot>PHILIP MORRIS U.S.A.
Inter-Office Correspondence
120 Park Avenue, New York, N.Y. 10017
Office: Clark, N.J.
To :
From:
Subject:
See Distribution Date: December 1, 1992
Jim Kazior ~
Grand Union/Promotions for CF Unit
Listed below, please find all pertinent information for our
December promotions in Grand Union. Please note December
will have Two Pack Promotions.
The following store has changed classification:
1960 From A to C
1ST PACK PROMOTION
B&amp;H King - 40~ Off a Pack
Promo Code - N/A	
NY REGION		
A Stores - 12
B Stores - 16
C Stores - 20	Cartons (120 Deals)
Cartons (160 Deals)
Cartons (200 Deals)	
NORTHERN REGION	
A Stores - 20 Cartons (200 Deals)
B Stores - 16 Cartons (160 Deals)
C Stores - 12 Cartons (120 Deals)
SOUTHERN REGION	
A Stores - 20 Cartons (200 Deals)
B Stores - 12 Cartons (120 Deals)
2ND PACK PROMOTION
Promo Code - 307D
~	
NY REGION	N
A Stores - 15 Cartons (75 Deals)
B Stores - 30 Cartons (150 Deals)	O
~
.
C Stores - 45 Cartons (225 Deals)	W
O
NORTHERN REGION	O
A Stores	- 45	Cartons (225 Deals)	4A,
B Stores	- 30	Cartons (150 Deals)	G1

C Stores	
- 15	
Cartons (75 Deals)	O
pgNbr=1
SOUTHERN REGION
A Stores - 45 Cartons (225 Deals)
B Stores - 30 Cartons (150 Deals)
The product for the pack promotions is scheduled to arrive
in their stores the week ending Sunday, 12/19/92.
Please remember to report the Marlboro deals on your call
recorder.
Please use price call outs to reflect the retail price on
the B&amp;H King.
If you have any questions, please contact me via OCTEL
(13-41-00).				
JK/
h				
v
cc: D. Nelson
A. Berlin
F. Munoz
V. Sullivan
A. Ruscito
B. Iler
N. Davis
M. Rodriquez
L. Kelsey
A. Still				
Distribution: 13-22-00,	02,	03,	04,	05
13-23-00,	01,	03,	04	
13-24-00,	01,	02		
13-25-00,	01,	02,	03	
13-27-00,	01,	02,	03	
13-28-00,	01,	02,	03	
13-29-00,	01,	02,	03	
13-30-00,	03			
13-31-00,	01,	02,	03,	04
13-32-00,	01,	03,	04	
13-33-00,	01,	02,	03	
12192
pgNbr=2
</ot>
</LTDLWOCR>
