<?xml version="1.0" encoding="ISO-8859-1"?>
<LTDLWOCR>
<!-- forcebtag -->
<tid>aac13d00</tid>
<bt>514348592/8593</bt>
<rc>LONG GH;GLOVER NW</rc>
<au>HALL LW JR</au>
<bx>RJR1652</bx>
<pc>NORDINE R;NOVAK G</pc>
<!-- Note:rn t="p":1RFP4-->
<dd>19810206</dd>
<dt>LETTER</dt>
<!-- Note:co:Y-->
<np>NORDINE R;MACKINNON S;LIGHT L</np>
<!-- Note:dl:19980227-->
<pg>2</pg>
<!-- Note:rn t="m":MINNESOTA 1INT5;MOORE 1RFP2-->
<!-- Note:sh:19960617-->
<!-- Note:s:MARKETING;BUSINESS INFORMATION;MILLER BK-->
<ti>BRAND FAMILY MARKETING ""WHITE PAPER"".</ti>
<dl>20020201</dl>
<ot>SUBJF;CT: BRAND FAMILY MARKETING "WHITE PAPER"
Attached for your review and concurrence is a "white paper"
on the br4nd family marketing concept prepared by hick Nordine
of our Strategic Research Group.
While our Company has :.iopted the brand family marketing
philosophy ald has been practicing it for some time, we
believe a number of our people lack a good understanding
of what brand family marketing reallymeans and whY it works
so well. This lack of a common understanding has sometimes
caused communication problems both within MDD and between MDD
and our end users. Moreover, it has affected our thought
process to the extent that we have sometimes adopted research
approaches inconsistent with the kinds of information needs
inherent in brand family marketing.
To help correct these problems, I asked Dick Nordine to prepare
this document, as I felt we needed an effective articulation of
brand family marketing philosophy to serve as a vehicle for
explaining the concept to our people. Two years ago, Dick was
Snstrumental in putting together the evidence demonstrating the
overriding importance of brand name (as opposed to brand style)
in driving consumer behavior. Since then, he has done a great
deal qf associated work and study in this area, and we consider
him our jLn-house "expert" on the subject.
In addition to his own work and thinking, however, Dick has talked
to a number of people both within MDD and in Brand Marketing on
this subject and has drawn considerably on their experience and
perspective. The final document has been reviewed by me and my
Directors, and by Sally MacKinnon as Brand Marketing's representa-
tive. Additionally, I asked Larry Light for his comments and he,
too, is in total agreement. Therefore, this document represents
not only Dick's personal contribution, but also a synthesis of
some of the best strategic cigarette marketing thinking available.
In my opinion, Dick has done a truly outstanding job in-putting
this together and is to be highly comm;nded for his work.
cn
%D
N
pgNbr=1
z
.^,
I am withholding broad circulation of the document pending
your review and endorsement. If we are to fully achieve
the benefits of its contents, it is essential for obvious
reasons that the document also represent the philosophy
of the marketing leadership of the Company.
If you are in agreement, I plan to have Dick present his
paper to appropriate people in MDD in a series of group
meetings whose makeup and size will be conducive to a
thorough discussion. Nick, as you and I discussed, we
would also want to share this with your peoplc, and we
will be happy to accommodate any format you think
appropriate.
It goes without saying that we sol,icit and welcome any
suggestions either of you may have for improving this
document, and we look forward to hearing from you.
4..V, 1, Jr.
LWH-lbr
Att.
cc -Mr. Greg Novak (memo only)
Mr. R. C. Nordine (memo only)
pgNbr=2
</ot>
</LTDLWOCR>
