<?xml version="1.0" encoding="ISO-8859-1"?>
<LTDLWOCR>
<!-- forcebtag -->
<tid>aal33f00</tid>
<ti>Fact Pack Japan.</ti>
<dt>Letter</dt>
<dt>Correspondence</dt>
<dd>19770204</dd>
<au>Chubb-J B&amp;W</au>
<rc>Bowman-T B&amp;W</rc>
<pc>Willson-M Beasley-S Tilton-E B&amp;W</pc>
<!-- Note:ci:10004026-->
<!-- Note:rn t="m":G61-->
<!-- Note:ag:12199681-->
<!-- Note:od:Yes-->
<!-- Note:dl:19990524-->
<bt>464571247</bt>
<dl>20020201</dl>
<ot>Mr. T. N. Bowman
Mr. A7. O. Willson
Mrs. Susan Beasley
'XTr. F. J. Tilton
Mr. J. P, Chubb February 4, 1977
FACT Pack Japan
1. Back , ound
We recently designed a different FACT pack for the Japanese
monopoly. The design in both livery and copy is dramatically
different from the current U. S. domestic pack.
The Japanese monopoly have approvbd the end-design and we are waiting
for their decision on whether they want to proceed to a test market
stage for the brand involving 15 controlled stores.
Jim Tilton advises that the Japanese monopoly have made improvements
to the basic Duolite material. They are also due to come out with their
own hi-fi product shortly which, sources quote, is to contain a filter
of half Duolite and half charcoal.
2. Approved copy
Marketing Management and Legal have approved final copy with no
changes as per the attached.
3. FACT action
No action regarding comp. set up, etc. needs to be done at this stage
due to the uncertainty of the Japanese monopoly even accepting the
FACT product for test market.
Jim Tilton believes a decision may be forthcoming towards the end of
the monopoly's fiscal year (March 31, 1977).
&amp;e-
J. P. Chubb
/mab
Attachment
4 6 457 12,17

pgNbr=1
</ot>
</LTDLWOCR>
