<?xml version="1.0" encoding="ISO-8859-1"?>
<LTDLWOCR>
<tid>aax11e00</tid>
<bt>87148100</bt>
<dd>19890626</dd>
<dt>INVO, INVOICE</dt>
<rc>VOLLMUTH,TA</rc>
<ca>IITRI, IL INST OF TECHNOLOGY RESEARCH INST</ca>
<cr>LOR, LORILLARD</cr>
<fn>87147962/87148310/IITRI PAID IN FULL;  87148096/87148108/PO# 344D ACUTE TOXICITY - RATS 880101 - 881231 AMENDED PAID IIT; </fn>
<!-- Note:si:G41-->
<!-- Note:s:LIFE SCIENCES LAB 20/BASEMENT GMP-->
<ti>CREDIT MEMO</ti>
<pg>1</pg>
<!-- Note:rn t="m":R1-124-->
<!-- Note:lu:STMN/PRODUCED-->
<!-- Note:dl:19980605-->
<dl>20020201</dl>
<ot>{
IIT RESEARCH INSTITUTE
10 WEST 35 STREET
CHICAGO, ILLINOIS 60616
#7622
C 1249
F
Lo}�illard -Research Center
420 English St.
Greenboro, NC 27405
L
DATE
Attn: Dr. Thomas A. Vollmuth
PROJECT NUMBER
ACCOUNT NUMBER
CONTRACT OR P. O. NO.
6/26/89
L08170
112-10
To cancel invoice #50391 dated 6/9/89.
FORM 120 REV. 02/72 IITRI ORIGINAL
pgNbr=1
</ot>
</LTDLWOCR>
