<?xml version="1.0" encoding="ISO-8859-1"?>
<LTDLWOCR>
<tid>aay57d00</tid>
<bt>2044061096</bt>
<dd>19951100/E</dd>
<dt>NOTE, NOTE</dt>
<np>COOPER; MOPSEY; XX MATT</np>
<no>ASHRAE, AMERICAN SOCIETY OF HEATING, REFRIGERATING + AIR-CONDITIONING ENGINEERS; BROIN; IARC; OSHA, OCCUPATIONAL SAFETY &amp; HEALTH ADMINISTRATION; SORRELS</no>
<!-- Note:si:HAND, HANDWRITTEN-->
<!-- Note:s:2044061088/2044061364-A/AIRPORTS; 2044061095/2044061364/WORKPLACE-->
<ti>N346</ti>
<!-- Note:lu:FEDA/PRODUCED-->
<!-- Note:dl:20020104-->
<!-- Note:b:CHAIKIN,KAREN/USA CORPORATE AFFAIRS-->
<dl>20020709</dl>
<ot>c~t~tR ~. _ hq~ ~1 s..ea~a~a~12 ~s
~s~2r~E .- s~~nc~ S d arn.tn~tr~ o u~" ---
~iZ~t~1:
I f~RC..: ,~
4

-L CW 4 0 "15 (-rw44w~
Z C!J 4 lJJ~ 4 M~CM
A7,
a49+^-C
?~\o anV\, ..1\te~
CO-0 UY\~
;~'oct
(-5m1~-.- dl"elcwt'

pgNbr=1
</ot>
</LTDLWOCR>
