<?xml version="1.0" encoding="ISO-8859-1"?>
<LTDLWOCR>
<tid>aae30e00</tid>
<bt>89605209</bt>
<dd>19780714</dd>
<dt>MEMO, MEMORANDUM</dt>
<dt>CHAR, CHART/GRAPH/MAPS</dt>
<au>SPEARS,AW</au>
<rc>WATERWASH,JS</rc>
<pc>EDWARDS,RP; LEWIS,CI; OAKES,DW; SCHULTZ,FJ; SMITH,HE; SPISSU,CC; TEDDER,DR; WELBORN,CB</pc>
<fn>89605206/89605237/TAR &amp; NICOTINE RESULTS;</fn>
<!-- Note:si:G89-->
<!-- Note:s:TEDDER,DEWEY/BASEMENT GMP-->
<ti>TEMPORARY GRADE SUBSTITUTIONS - OLD GOLD FILTER KING SIZE</ti>
<pg>1</pg>
<!-- Note:lu:STMN/PRODUCED-->
<!-- Note:dl:19990212-->
<!-- Note:b:OLD GOLD-->
<dl>20020201</dl>
<ot>....... . . ................._
Exhibit 1
A OI VISION OF LOENfS THEATRES. INC. � 2525 EAST MAR,/CET STREET, GREENSBORO. NORTH CAROUNA 27401
July 14, 1978
TO: Mr. J. S. Waterwash
FROM: A. W. Spears
SUBJECT: Tem orar Grade Substitutions -
Old Go d Filter King Size
The following grades
Filter 85 mm for one
are approved forr use*in Old Gold
week only beginning 7/31/78.
BURLEY GRADES	FLUE-CURED
HH - 1976	VGE	- 1969-70
011	- 1976	VGEX	- 1976
#7	- 1975-6	VGS-S	- 1976
H1	- 1975-6	SMS	- 1969-70
		VLSX	- 1976
		VLEX	- 1976
AWS:ppm
XC: Mr. R. P. Edwards
Dr. C. I.'Lewis
Mr. D. W. Oakes
Dr. F. J. Schultz
Mr. H. E. Smith
Mr. C. C. Spissu
Mr. D. R. Tedder
Mr. C. B. Welborn
- - ;_. _ _ ..__.....__.. _,_......... _..._-__--~-.--~ ....__.....,_.,..,...._..______
. ., . ..-._~
77
pgNbr=1
</ot>
</LTDLWOCR>
