<?xml version="1.0" encoding="ISO-8859-1"?>
<LTDLWOCR>
<tid>aak34e00</tid>
<bt>2020056498</bt>
<!-- Note:br t="o":PATPM1389-->
<dd>19901019</dd>
<dt>LETT, LETTER</dt>
<au>SHANNONHOUSE,D</au>
<rc>MARTYN,DJ</rc>
<ca>PM, PHILIP MORRIS</ca>
<cr>REDDIE GROSE</cr>
<no>REDDIE GROSE</no>
<!-- Note:co:ATCH, ATTACHMENTS MISSING-->
<fn>2020056441/2020056511/PM 1389 FOREIGN GENERAL; </fn>
<!-- Note:si:R475-->
<!-- Note:s:SCHARDT,JIM/PATENT FILES-->
<ti>REDDIE &amp; GROSE: 21755 PM 1389</ti>
<pg>1</pg>
<!-- Note:rn t="m":STMN/R5-002-->
<!-- Note:lu:STMN/PRODUCED-->
<!-- Note:dl:19980605-->
<dl>20020201</dl>
<ot>PHILIP MORRIS
MANAGEMENT CORP.
LAW DEPARTMENT
P.O. BOX 26583. RICHMOND, VIRGINIA 23261-6583 (804) 274-2822
PATENT SECTION TELEX 827339
FAX (804) 274+4780'
October 19, 1990
COURIER
Donna J. Martyn
Reddie &amp; Grose
16 Theobalds Road
London WCIX 8PL England
Re: Reddie &amp; Grose: 21755
PM 1389
Dear Donna:
Enclosed please find three certified copies for foreign filing regarding the above
referenced case.
Thank you for your attention to this matter.
Best regards,
Dee Shannonhouse
Enclosures
pgNbr=1
</ot>
</LTDLWOCR>
