<?xml version="1.0" encoding="ISO-8859-1"?>
<LTDLWOCR>
<!-- forcebtag -->
<tid>aak14d00</tid>
<bt>507874928</bt>
<rc>CRAIG SD</rc>
<au>MCKITTERICK LB;PHILIP MORRIS INC</au>
<bx>RJR3703</bx>
<pc>I WNR;I BG;I JAG;I RES;I CWH;I JCW</pc>
<dd>19330905</dd>
<dt>LETTER</dt>
<!-- Note:co:Y-->
<np>PHILIP MORRIS;I MRR</np>
<!-- Note:dl:19990107-->
<pg>1</pg>
<!-- Note:rn t="m":MINNESOTA 1RFP37;1RFP37-->
<!-- Note:sh:19970217-->
<!-- Note:s:LAW;JUCHATZ WW;SR VP-->
<ti>ATTACHED IS A SHORT TREATISE ON THE IRRITATING EFFECT PRODUCED ON THE TISSUES OF THE NOSE AND THROAT AS WELL AS THE LACHRYMAL GLANDS BY ACROLEIN, AND ALDEHYDE PRODUCED BY THE COMBUSTION OF GLYCERINE - WITH SPECIAL REFERENCE TO ITS EFFECT ON THE MEMBRANES OF SMOKERS USING CIGARETTES MADE FROM GLYCERINE- TREATED TOBACCO.</ti>
<!-- Note:tp:SMOKING BY-PRODUCTS-->
<dl>20020201</dl>
<ot>Dr. S. D. Craig,
Waohovia Bank Building,
'rrinston-Salem, North Carolina.
year ur � � ~
Attached is a ort treatise on the irritating
effect produced on the tissues of t nose and throat as well as the
lachrymal glands by Aorolein, an a ehyde produced by the combustion
of glycerine - with special refere oe to its effect on the membranes
of smokers using cigarettes made rom glycerine-treated tobacco.
W hope a believe that you will find this
brochure interesting, d we t st the information set forth therein
will be of some assist oe to y u in answering the question so often
asked you: "Doctor, ho many igarettes may I smoke in a day"?
notice is that you may p
tween PHILIP MORRIS Ciga
erine-treated tobacco.
PHILIP MORRIS Cigarettes
own Judgement of them, w
we quote you or use your
to do so.
Faithfully yours,
PHILIP MORRIS &amp; C OMPANY, LI'D. , INC.
President
P.S.
int tion in bringing this matter to your
rson lly know the remarkable difference be-
ettl and ordinary cigarettes made from glyc-
In elsking your co-operation in recommending
to the extent you feel justified by your
as ure you that under no circumstances will
nam unless we have your express permission
"Call for PHILIP MORRIS" - Americats Finest 150 Cigarette

pgNbr=1
</ot>
</LTDLWOCR>
