<?xml version="1.0" encoding="ISO-8859-1"?>
<LTDLWOCR>
<tid>aaz02c00</tid>
<bt>2085110291C</bt>
<!-- Note:br t="m":2085110291/0296-->
<dd>20010518</dd>
<dt>EMAI, E-MAIL</dt>
<au>FERNANDEZ,HL</au>
<rc>COMES,CM; HADEL,LL; LEVY,CJ; STANSEL,R</rc>
<pc>CHAIKIN,K; HANSON,TD; MCNAMARA,K; OSTERN,E</pc>
<no>BOYS + GIRLS CLUBS OF AMERICA; WALDORF ASTORIA HOTEL</no>
<!-- Note:si:N1006-->
<!-- Note:s:HOPKINS,LINDA HADEL/CARLSTADT-->
<ti>RE: 20010000 BOYS &amp; GIRLS CLUBS OF AMERICA PRESIDENT'S DINNER</ti>
<pg>1</pg>
<!-- Note:lu:FEDA/PRODUCED-->
<!-- Note:dl:20021230-->
<dl>20030115</dl>
<ot>-Original Message--
From: Fernandez, Henry L.
Sent: Friday, May 18. 2001 6:09 PM
To: Comes, Cheryl M.; Levy, Camlyn J.; Stansel, Robin; Hadel, Linda L.
Cc: McNamara, Kathleen; Hanson, Terry D.; Ostem, Eric; Chaikin, Karen
Subject: RE: 2001 Boys &amp; Girls Clubs of America President's Dinner
I will coordinate the RSVP's.
Please let me know if you are planning to attend and the number of tickets you
want.
B&amp;GC President's Dinner
Wed., June 13
Waldorf-Astoria Hotel
Black Tie
Henry

pgNbr=1
</ot>
</LTDLWOCR>
