<?xml version="1.0" encoding="ISO-8859-1"?>
<LTDLWOCR>
<!-- forcebtag -->
<tid>aah63d00</tid>
<bt>510289180</bt>
<rc>WOODS JD;RJR</rc>
<au>MANGAN WP;RJR</au>
<bx>RJRC3942</bx>
<!-- Note:b:CAMEL-->
<pc>SAINTSING B;WHITE J;LEWIS L;RJR</pc>
<dd>19820405</dd>
<dt>LETTER</dt>
<!-- Note:co:Y-->
<!-- Note:dl:19980227-->
<pg>1</pg>
<!-- Note:rn t="m":MINNESOTA LETTER REQUEST 19961216-->
<!-- Note:sh:19970331-->
<!-- Note:s:R&amp;D;PRODUCT DEVELOPMENT;DOBBINS DB;ADMINISTRATIVE ASST-->
<ti>SHELF LIFE STUDY FOR CIGARETTES CONTAINING VARIOUS GRAIN ADDITIVES.</ti>
<dl>20020201</dl>
<ot>Inter-of f ice Memorandum -
Subject: Shelf Life Study for Cigarettes
Containing Various Grain Additives
To: Mo.' J. D. Woods
Date: Apri 1 5, 1982
From: W. P. Mangan
t
Shelf life evaluations have been completed on four different cigarette
variations using regular CAMEL Light 85 blends as a base for addition of
different grain compounds listed below:
.1. Control - Regular CAMEL Light Biend
2. Toasted Milo (Low temperature) Sorbate treated with CAMEL Light
3. Toasted Milo Low Temperature) with CAMEL Light
4. Toasted Milo High temperature) with CAMEL Light
5. Toasted Rice
In each case grains were added at 5% by weight to a total blend size
of 1000 grams. Samples were then placed in the Huston Cycle and 98 /20 RH
Chambers and evaluated at 10 days, 3 and 4 weeks, respectively. The purpose of
the test to determine if the samples developed any cabbage type of odor. During
the first 10 day period no apparent aroma change was noted in the 98/20 or
Houston. However at 3 and 4 weeks an aroma characteristic described a weedy
became apparent in the 98/20 samples only. This may have been caused by the
tape used to reseal the packs after examination. The Houston Cycle samples,
however, were found to be free from defdct.
				W. P , m axk*z .
				Wi:P. angan
/mhc
cc:	
Mr.	
8.	
Saintsing	
44-ox
	Mr	J	White	
`
	.
Mrs.	.
L.	Lewis	~ ra,.. ~~~,c�~ , .P~,o .r
~,e �

pgNbr=1
</ot>
</LTDLWOCR>
