<?xml version="1.0" encoding="ISO-8859-1"?>
<LTDLWOCR>
<tid>aax94e00</tid>
<bt>2040774911/4913</bt>
<dd>19551200/E</dd>
<dt>REPT, REPORT, OTHER</dt>
<np>ARKEDIS,G; ATLASS,F; AUBREY,JT; BANKS,S; BEASTON,F; BENDER,A; DESMIT,D; DIGGES,S; DRESSER,C; FRENCH,R; HALPIN,R; HEIDER,C; HEITIN,J; JUDGE,T; KAUFMAN,J; MCFADDEN,T; MCGREDY,R; MELTER,NJ; MULHOLLAND,J; MURRELLWRIGHT,A; SHAKESPEARE,F; SHEA,H; SMITH,O; SWIFT,GP; WHEELER,L; WOOD,R; WOOLLEY,H</np>
<no>CBS; KCMO TV; KEDD TV; KMJ TV; KNXT; KOOL TV; KTVT; LEO, LEO BURNETT AGENCY; NBC; WBBM TV; WBEN TV; WBKB; WBRE TV; WCAU TV; WCBS TV; WGR TV; WHAM TV; WHEC TV; WHP TV; WKZO TV; WNBQ; WRCA TV; WTPA;  WVET TV; XETV</no>
<!-- Note:co:MARG, MARGINALIA-->
<fn>2040774836/2040774981/MISSING</fn>
<!-- Note:si:N491-->
<!-- Note:s:GALEOTTI,KAY/CARLSTADT-->
<ti>PHILIP MORRIS, INC. MARLBORO PERSONAL CONTACTS AND SCHEDULE IMPROVEMENTS 551200</ti>
<pg>3</pg>
<!-- Note:rn t="m":STMN/R3-014-->
<!-- Note:lu:STMN/PRODUCED-->
<!-- Note:dl:19980605-->
<!-- Note:b:MARLBORO-->
<dl>20020201</dl>
<ot>PHILIP r~~ORRISA ^ INC .
MARLBORO
PERSONAL CONTACTS AND SCKEDULE IMPROVII',1ENTS
DECEMBER 1955
I., PERSONAL CONTACTS
The following personal contacts with specific regard to Marlboro Tele-
vision Schedules were made by members of Leo Burnett Company, Tnc�
during December, 1955,
MT YORK
Owen Smith and Dick Halpin met with, and have had several
telephone conversations with the following station personnel:
Sam Digges, General Manager, WCBS-TV
Frank Shakespeare, Sales Managerp WCBS-TV
Hamilton Shea' General Manager, WRCA-TV
Jay Heitin, Sales Manager, WRCA-TV
Tom McFadden,,Vice President of Sales, NBC Spot Sales
CHICAGO
Owen Smith, Dick Halpin, Seymour Banks and Rex French have met
with and had telephone conversations with the following station
personnel:
Jack Mulholl,and, Sales Manager, NBC Spot Sales,
Chicago
Floyd Beaston, Sales Manager, WNBQ
Chuck Dresser, Network Sales, NBC, Chicago
Tom Judge, Sales Manager, CBS Spot Sales, Chicago
George Arkedis, Sales Manager, WBBfI-TV
Frank Atlass, Assistant Sales Manager, WBM-TV
Clar Heider, Sales Manager, WBKB
LOS ANGELES
Owen Smith and Dick Iialpin have met with and subsequently had
telephone conversations with:
James T. Aubrey, Jr.,General Manager, KNXT
Bob Wood, Sales Manager, KNXT
pgNbr=1
PHILADELPHIA
Rex French met with Bob McGredy, Sales Manager of UTCAU-TV.
BUFFALO
Owen Smith met with the following station personnel:
N, J, Meltero Sales Manager, WBEN-TV
G, P, S;aift,, Sales Manager, InrGR-TV
SAN DIEGO
Rex French had telephone conversations with:
Julian Kaufman, Sales Manager., XETV
ROCHESTER
Owen Smith met with the following station personnel:
Armin Bender, Sales Manager, WHAM-TV
LeMoine Trlheeler,, Sales Manager, Tr?HEC-TV
Arthur Murrellwright, Sales Manager, U1VET-TV
GRAND RAPIDS - KALAMAZOO
Rex French met with Don DeSmit, Sales Manager, T,n1KZ0-TV,
Kalamamoo.
SALT LAKE CITY
Rex French met with Hack Woolley, Sales Manager, KTVT.
II. Zt,TPROVFMENTS
The following improvements in existing Marlboro schedules were effected
during December. These will not be shown in the November rating report,
as most of the changes do not take place till January, 1956,
BIRMING! IAi~I
Cancelled entire current schedule (November rating - 27w0 points
weekly). Added three Class A spots for totall rating of 55 points,
pgNbr=2
x
r
3
PHOENIX
Improved Wednesday 7:00 PM on KOOL-TV (rating 4.9) to Saturday
9:00 PM (rating 2305).
SCRANTON - WILKES-BARRE
Cancelled entire WBRE-TV schedule (rating 28.L,.)
Class A spots on WBR.E-TV (rating 52,2),
KALAMAZOO
Bought two
Cancelled current schedule on WKZO-TV (rating 30.5). Picked
up two Class A spots (rating 50.6).
HARRIS?3URG
Cancelled four spots on WTPA (rating 21Q2), Bought two spots
on WHP-TV (rating 35v0).
FRESNO
Cancelled two spots on KJEO-TV (rating 45.1). Picked up two
on KMJ-TV (rating 68,0)*
WICHITA
Improved Monday 9:30 - 10:00 PM on KEDD-TV (rating 3e9) to
Saturday 9:00 PM preceding George Gobel (rating 23.0).
KANSAS CITY
Bought 10 second ID, Tuesday 9:30 PM on KCMO-TV following
$64,000 Question (rating 3Zfl8) o
Other improvements have been made in the schedules which do not change
the rating points received substantially, In these we have endeavored
to move Marlboro spots from programs with a large percentage of children
viewers to equally well-rated programs with more adult appealo
pgNbr=3
</ot>
</LTDLWOCR>
