<?xml version="1.0" encoding="ISO-8859-1"?>
<LTDLWOCR>
<!-- forcebtag -->
<tid>aay46d00</tid>
<bt>50491920/1920</bt>
<ti>CASE #4712</ti>
<dd>19931004</dd>
<dt>MEMORANDUM</dt>
<au>MCALLISTER HC, CTR</au>
<rc>PHELPS DS, MILTON S HERSHEY MEDICAL CENTER</rc>
<!-- Note:d:PROPOSAL RESEARCH PROJECT HAS BEEN CONSIDERED BY THE SCIENTIFIC ADVISORY BOARD-->
<!-- Note:dl:20010130-->
<pg>1</pg>
<dl>20021115</dl>
<ot>THE COUNCIL FOR TOBACCO RESEARCH-U.S.A., INC.
SUPPORTING BIOMEDICAL INVESTIGATION
HARMON C. MCALLIBTER, PH.D.
VICE PRESIDENT - REBBAHCH

SCIENTIFIC DIRECTOR	
October 4, 1993
David S. Phelps, Ph.D.
The Milton S. Hershey Medical Center
Dept of Pediatrics
P.O. Box 850
Hershey, PA 17033

Dear Dr. Phelps:	




e: Case #4712
E
900 THIRD AVENUE
NEW YORx, NY 10022
(`218) 421�NHRS
Your recent inquiry concerning support by this Council of a proposed
research project has now been considered by the Executive Committee of the
Scientific Advisory Board.
The Committee expressed interest in examining a more detailed plan of the
proposed investigations. I take pleasure in enclosing the necessary forms and
relevant literature pertaining to the filing of a formal application. The next
deadline for submitting proposals is November 30. 1993.
You understand, of course, that no commitment is implied at this time
concerning the final action of our full Scientific Advisory Board on the complete
proposal.
Sincerely yours,
6PA +1tiN%
"~d
Harmon C. McAllister
HCM/s
Enc.

pgNbr=1
</ot>
</LTDLWOCR>
