<?xml version="1.0" encoding="ISO-8859-1"?>
<LTDLWOCR>
<tid>aae98c00</tid>
<bt>87223177</bt>
<!-- Note:br t="o":PROB451-->
<dd>19930000/E</dd>
<dt>AGEN, AGENDA</dt>
<fn>87223130/87223188/MISSING</fn>
<!-- Note:si:G28-->
<!-- Note:s:LASSITER,CHASE/LAB 8 ANALYT SUPPORT-->
<ti>CIGARETTE MODIFICATION - B 451</ti>
<pg>1</pg>
<!-- Note:rn t="m":R1-037-->
<!-- Note:lu:FEDA/PRODUCED-->
<!-- Note:dl:20011218-->
<dl>20030115</dl>
<ot>CIGARETTE MODIFICATION - B 451
OBJECTIVE: Develop a cigarette with significantly reduced
biological activity in the mainstream smoke by
manipulating available variables such as blend,
construction, and filter design
AGENDA for TEAM MEETING:
1. Establish team activities for the remainder of 1993 in
moving toward project objective
2. Reveal specific types of activities that each member will
contribute
3. Determine the time frame for each member's participation
in the project

pgNbr=1
</ot>
</LTDLWOCR>
