<?xml version="1.0" encoding="ISO-8859-1"?>
<LTDLWOCR>
<!-- forcebtag -->
<tid>aar13f00</tid>
<ti>PROJECT BRIEF CIGARETTE IGNITION PROPENSITY METHODS</ti>
<dt>FRMF, FILLED IN FORM;SCRT, REPORT, SCIENTIFIC</dt>
<dt>FORM;REPORT</dt>
<dd>19930618</dd>
<np>BAKER,R/X;HONEYCUTT,RH/X;X/CORESTA;X/CPSC;X/TECHNICAL ADVISORY GROUP</np>
<!-- Note:ci:10004026-->
<!-- Note:rn t="m":A5-->
<pg>1</pg>
<!-- Note:ag:351894-->
<fn>505104745/505104831/HONEYCUTT, R.H. # 2 OF 3 930000</fn>
<!-- Note:dl:19990524-->
<bt>505104759</bt>
<dl>20020201</dl>
<ot>BAT GROUP TECHNICAL PROGRAM
PROJECT BRIEF DATE: June 18. 1993
Work Area: 03 Regulatory Issues
Key Activity: 03.04 Ignition Propensity
Coor. Center: BATCo Group Coor.: Richard Baker
Project Number: 03.04.01 Location: B&amp;W
Title: Cigarette Ignition Propensity Methods
Local Proj. Designation:
Project Leader(s): Rufus Honeycutt Target Date: June, 1994.
Objective / Business Relevance:
With industry groups, develop a valid and reproducible standard test method
to assess the relative propensity of cigarettes to ignite soft upholstered
furniture.
Status:
Work with the Joint Venture on Ignition Propensity has demonstrated that the
test method(s) must account for real-world fabrics and air flows if the
results are to be transferable to actual real-world ignitions. These views
are reflected as minority sections in the Technical Advisory Group report to
the CPSC.
The fourth CORESTA Intralab Study began June 14. Both parts of this study, -
will be completed by end of July.
Next Steps:
- With the Joint Venture, plan further scientific studies to determine
requirements for a valid test method (one with real-world meaning).
- Complete and report the fourth CORESTA Round-Robin Study (August 2, 1993).
(6/18/92)/p4a358.wp
5 0
51047" '9

pgNbr=1
</ot>
</LTDLWOCR>
