<?xml version="1.0" encoding="ISO-8859-1"?>
<LTDLWOCR>
<!-- forcebtag -->
<tid>aag23d00</tid>
<bt>513232723/2724</bt>
<rc>RJR</rc>
<au>INTL FLAVORS &amp; FRAGRANCES</au>
<bx>RJRC4017</bx>
<pc>LAWRENCE B;PERREAULT P</pc>
<dd>19891010</dd>
<dt>LETTER</dt>
<!-- Note:co:N-->
<np>RJR;INTL FLAVORS &amp; FRAGRANCES;FLAVOR &amp; EXTRACT MANUFACTURERS ASSN;FDA;PERREAULT P;RICHTER C;EASTERDAY OD</np>
<!-- Note:dl:19990107-->
<pg>2</pg>
<!-- Note:rn t="m":MINNESOTA LETTER REQUEST 19961216-->
<!-- Note:sh:19970331-->
<!-- Note:s:R&amp;D;PRODUCT DEVELOPMENT;LAWRENCE BM;MGR-->
<ti>RE: (A) YOUR LETTER TO DOCTOR O.D. EASTERDAY OF JULY 18, 1989 (890718); AND (B) R.J. REYNOLDS TOBACCO COMPANY (REYNOLDS) AND INTERNATIONAL FLAVORS AND FRAGRANCES, INCORPORATED (IFF) AGREEMENT DATED JUNE 19, 1989 (890619).</ti>
<dl>20020201</dl>
<ot>-2-
Dr. Robert L. Suber October 10, 1989
If you have any comments or questions, plesae contact Messrs. P.
Perreault, C. Richter, or Doctor O.D. Easterday.
Sincerely yours,
Joan E. Orcutt
Coordinator, Customer
Services Information
JEO: kb
Attachment(s): (1) 15.96.1685 - RIPE VIRGINIA FLAVOR;
and
(2) Return Letter Copy.
cc: Dr. O.D. Easterday*
*.E.Drw-r,g:-: Lawrence*- - -
Mr. P. Perreault*
* Without attachment(s)
RECEIPT:
(Signature)
(Date)
(Title)

pgNbr=1
Err
INTERNATIONAL FLAVORS &amp; FRAGRANCES (IFF-R&amp;D) 1515 HIGHWAY 36, UNION BEACH, N.J. 07735 (201) 264-4500
r"saa
CREATORS AND MANUFACTURERS OF FLAVORS, FRAGRANCES AND AROMA CHEMICALS CABLE: INTERIFF NEW YORK
October 10, 1989
Dr. Robert L. Suber
Manager, Scientific Affairs
THE RJR REPRESENTATIVE
R.J. Reynolds Tobacco Company
Bowman Gray Development Center
Whittaker Park
Winston-Salem, North Carolina 27102
P R I V A T E A N D C 0 N F I D E N T I A L
Dear Doctor Suber:
RE: (A) Your letter to Doctor O.D. Easterday of July 18, 1989;
and
(B) R.J. REYNOLDS TOBACCO COMPANY (REYNOLDS) and INTERNA-
TIONAL FLAVORS AND FRAGRANCES, INCORPORATED (IFF) AGREE-
MENT dated June 19, 1989.
We are forwarding to you via Registered Mail - Receipt Requested,
as the RJR REPRESENTATIVE, a complete alphabetical qualitative
listing of all ingredients in accordance to Reference (A).
Item Flavor Number
1. 15.96.1685
Flavor Name
RIPE VIRGINIA FLAVOR
The enclosed submission contains the Food and Drug Administration
(FDA), Flavor &amp; Extract...Association (FEMA) regulatory citations
and Chemical Abstract Substances (CAS) numbers for each
substance.
The princile solvent is PROPYLENE GLYCOL. The quantity contained
in this tobacco flavor is 96.7 percent.
Please acknowledge your receipt of the above listed composition
(Item 1) as partial fulfillment of Reference (B), returning one
signed copy of this letter to my attention.

pgNbr=2
</ot>
</LTDLWOCR>
