<?xml version="1.0" encoding="ISO-8859-1"?>
<LTDLWOCR>
<!-- forcebtag -->
<tid>aar30c00</tid>
<bt>TI01480809/0810</bt>
<au>SAVARESE,J # OGILVY ADAMS</au>
<rc>FERNICOLA SUHR K</rc>
<pc>STUNTZ,S</pc>
<np>SAVARESE &amp; ASSOCIATES; TILMC; NATIONAL COUNCIL OF SENIOR CITIZENS; FISHER,B; TAXPAYERS ALLIANCE TO SERVE CT; AFSCME; HHS; DEPARTMENT OF LABOR; CLUW; NATIONAL ENERGY MANAGEMENT INSTITUTE; NATIONAL TRAINING FUND; OSHA; AFLCIO; INTERNATIONAL ASSOCIATION OF BAKERY CONFECTIONERY AND TOBACCO WORKERS; SHEET METAL WORKERS INTERNATIONAL ASSOCIATION; SHEET METAL AND AIR CONDITIONING CONTRACTORS NATIONAL ASSOCIATION</np>
<dd>19930212</dd>
<dt>MEMO</dt>
<ti>LABOR MANAGEMENT COMMITTEE JANUARY ACTIVITY REPORT</ti>
<!-- Note:rn t="m":DOJRFPIIIH2C-->
<bx>351</bx>
<!-- Note:dp:02/01/2002-->
<pg>2</pg>
<!-- Note:s:TI STORAGE BOX 6039-->
<!-- Note:cn:DOJ CIVIL-->
<!-- Note:dl:20020614-->
<dl>20030315</dl>
<ot>t
OgilvyAdams &amp; Rinehart
February 12, 1993
bIEMORANDIIM
TOt Karen Fernicola Suhr
1901 L Strcct; N.M.
Suitc 300
Washington, D.C:. ?003fi
Tel: 202-476-7590
Fw Yl12-466-7598
FROM: James Savarese
LABOR MANAGEMENT COMMITTEE JANUARY ACTIVITY REPORT
e Public Affairs Activities
* agency met with Savarese &amp; Associates to discuss
developing a memo outlining the proposed 1993
activities for all TILMC support groups.
* agency held discussions with National Council of Senior
Citizens (NCSC) staff regarding proposed NCSC sponsored
inaugural event and plans for releasing NCSC fair tax
study.
* agency discussed status of NCSC study with author Bruce
Fisher and potential messages for press release.
* agency held discussions with client regarding status of
NCSC video script and additional changes.
* agency contacted TILMC state consultants to discuss
upcoming presentations and state legislation on taxes
and health care; agency completed January calendar of
LMC presentations and forwarded to client.
* agency received tax and budget information from
Taxpayers Alliance to Serve Connecticut, and forwarded
to client for review.
agency reviewed proposal for Philadelphia Labor IAQ
session and forwarded to client.
* agency met with AFSCME retirees staff to discuss
potential Administration appointment to HHS and
Department of Labor and to solicit views on health care
policy debate.
* agency held several discussions with CLUW staff
regarding speakers and policy issues for the group's
health care convergence to be held in early May in
Cleveland, Ohio.
TI0148-0809
pgNbr=1
Ogilvy Adams ts Rinehart
6
* agency representatives traveled to Northern California
to attend a think tank meeting of the Sheet Metal
Workers International Association (SMWIA); agency
provided follow-up memo to client.
* agency and Savarese &amp; Associates held meeting with
client to discuss labor issues surrounding the National
Energy Management Institute (NEMI) and the National
Training Fund (NTF), including Sheet Metal and Air
Conditioning Contractors' National Association (SMACNA)
publication and AFL-CIO petition to the Occupational
Safety and Health Administration (OSHA).
* agency representative attended a testimonial dinner in
New York City honoring SMWIA president.
 Grassroots Activities
* agency began discussion with labor allies, including
Sheet Metal Workers International Association and
Bakery, Confectionery &amp; Tobacco Workers, concerning
indoor air quality (IAQ) legislation in the naw
Congress.
agency prepared BC&amp;T testimony for presentation to New
York State Legislature on proposed cigarette excise tax
increase.
cc: Susan Stuntz
2
T10148-0810
pgNbr=2
</ot>
</LTDLWOCR>
