<?xml version="1.0" encoding="ISO-8859-1"?>
<LTDLWOCR>
<tid>aaz32c00</tid>
<bt>2072313824C</bt>
<!-- Note:br t="m":2072313824/3826-->
<dd>19991220</dd>
<dt>EMAI, E-MAIL</dt>
<au>HURWITZ,E</au>
<rc>REIF,H; SANDERS,E; SEEMAN,JI</rc>
<pc>LAMBING,K; SOLANA,RP</pc>
<np>SEEMAN,JI</np>
<fn>2072313644/2072314150/EU REGION; 2072313706/2072314144/GERMANY</fn>
<!-- Note:si:N926-->
<!-- Note:s:HURWITZ,EVEN/STORED FILES-->
<ti>RE: PAPER</ti>
<pg>1</pg>
<!-- Note:lu:FEDA/PRODUCED-->
<!-- Note:dl:20021126-->
<dl>20030115</dl>
<ot>-----Original Message.....
From: HunvOz, Even
Sent: Monday, December 20, 1999 1:43 PM
To: Reif, Helmut; Seeman, Jeffrey I; Sanders, Edward
Cc: Solana, Rick P.; Lambing, Klaus
Subject: RE: paper
Are we still intending to submit the paper that Jeff and I circulated? Do we have a time schedule to meet with the
Ministry?
N)
O
v
N
W
~
W
~
N)
~
n

pgNbr=1
</ot>
</LTDLWOCR>
