<?xml version="1.0" encoding="ISO-8859-1"?>
<LTDLWOCR>
<tid>aav70c00</tid>
<bt>2078718341A</bt>
<!-- Note:br t="m":2078718341/8341A-->
<dd>19990201</dd>
<dt>EMAI, E-MAIL</dt>
<au>FINDLAY,LM; SAVILLE,DA</au>
<rc>AARONS,S; ACUNA,F; ADLER,B; AGOPIAN,H; ALLEYNECHIN,T; ALTSCHUL,S; ANTON,M; APOLLONIO,S; BASS,P; BEGLEY,J; BENDER,R; BHASIN,R; BONETTI,M; BRANDT,A; BUONAVENTURA,M; CASAZZA,D; CHACKO,B; CHEN,Y; CIRAOLO,M; COHEN,DA; CONRAD,N; DUPORTE,S; EGAN,P; ELLWOOR,A; ENGER,C; FAWCETT,G; FERNANDEZ,P; FERNANDEZ,R; FERRIN,R; FINDLAY,L; FURTNEY,C; GABLE,D; GADDIS,A; GALIOTO,L; GREENE,J; GRIMALDI,A; HANS,E; HINGST,D; HURAY,K; INTOGNA,J; ITZKOWITCH,J; KALE,B; KANEFIELD,S; KREBS,J; LASALLE,T; LAUINGER,T; LEE,D; LIETO,J; LINCOLN,J; LULLEY,A; MAGGIO,M; MAGUIRE,D; MANRIQUE,M; MARCISAK,M; MARINE,W; MARKOWITZ,R; MCCARTNEY,Z; MCCOMB,A; MEDINA,M; MELTZER,L; MULLEN,B; MURPHY,D; NAYAR,S; NIVAR,M; NORRIS,S; NOTHOFER,M; PETA,B; PLATT,W; RAFFERTY,S; RAWLINSON,W; RECINE,N; REICH,S; RIVERA,A; ROTHMAN,A; RUBARSKI,J; RUSH,S; RUSSELL,M; RYAN,T; SANDERS,K; SINHA,A; SMITH,D; SONVILLE,M; STEEN,L; STEMO,M; STROBEL,K; TATUM,D; TENBARGE,D; THOOHO,F; TOOMEY,R; VIGNERI,C; WALDMAN,M; WASHER,N; WEISS,D; WILLIAMS,E; YERID,D; YONCE,C</rc>
<pc>CALDWELL,SP; CAPUTO,PJ; FINDLAY,LM; MARKEE,R; RAAB,B; SAVILLE,DA; SUTER,N</pc>
<np>MARKEE,R</np>
<no>PM; PMCS, PHILIP MORRIS CORPORATE SERVICES</no>
<!-- Note:si:N733-->
<!-- Note:s:COHEN,DENISE/COMPUTER FILES-->
<ti>REMINDER: WINDOWS 950000 AND PC OUTLOOK TRAINING FOR PMCS USERS</ti>
<pg>1</pg>
<!-- Note:lu:MILE/PRODUCED-->
<!-- Note:dl:20030219-->
<dl>20030315</dl>
<ot>From: Findlay, Lesley M. on behalf of Saville, David A. N
Sent: Monday, February 1, 1999 8:37 AM ~
To: Aarons, Shawna; Acuna, Federico; Adler, Bree; Agopian, Hilda; Alleyne-Chin, Trish; Altschul, Sue; Anton, �O
Michelle; Apollonio, Steve; Bass, Pamela; Begley, Jody; Bender, Rafaella; Bhasin, Raj; Bonetti, Maria; Brandt7-
Ashley; Buonaventura, Maria; Casazza, Debra; Chacko, Bobby; Chen, Yan; Ciraolo, Mike; Cohen, Denise; o�
Conrad, Nancy; DuPorte, Shelda; Egan, Patty; Ellwoor, Alex; Enger, Chris; Fawcett, Gina; Fernandez, Pascalp-
Fernandez, Ron; Ferrin, Robert; Findlay, Lesley; Furtney, Craig; Gable, Dominique; Gaddis, Alice; Galioto, &gt;
Loretta; Greene, Julie; Grimaldi, Anne-Marie; Hans, Eileen; Hingst, Donna; Huray, Kim; Intogna, Joann;
Itzkowitch, Josette; Kale, Brenda; Kanefield, Susan; Krebs, Jim; Lasalle, Theresa; Lauinger, Thomas; Lee,
Doris; Lieto, John; Lincoln, Jeanne; Lulley, Alicia; Maggio, Melinda; Maguire, Denis; Manrique, Mela;
Marcisak, Michelle; Marin, Wendy; Markowitz, Roni; McCartney, Zelda; McComb, Andrew; Medina, Maria;
Meltzer, Laura; Mullen, Beth; Murphy, Dan; Nayar, Sarosh; Nivar, May; Norris, Susan; Nothofer, Mike; Peta,
Beth; Platt, Waddy; Rafferty, Shelby; Rawlinson, Whit; Recine, Nick; Reich, Susan; Rivera, Alma; Rothman,
Alina; Rubarski, Jennifer; Rush, Sonya; Russel, Machelle; Ryan, Timothy; Sanders, Kenya; Sinha, Arun;
Smith, Dee; Sonville, Magda; Steen, Lauren; Stemo, Michael; Strobel, Kathleen; Tatum, Darryl; TenBarge,
Dave; Thooho, Fred; Toomey, Robert; Vigneri, Chris; Waldman, Margot; Washer, Nancy; Weiss, Donald;
Williams, Elizabeth; Yerid, Dana; Yonce, Cliff
Cc: Suter, Norma; Saville, David A.; Caputo, Patricia J.; Markee, Robert; Raab, Bob; Caldwell, Stephen P.; Findlay,
Lesley M.
Subject: Reminder: Windows 95 and PC Outlook Training for PMCS Users
Importance: High
Remirtder:
The training schedule for Windows 95 and Outlook for the PC will conclude this week. The
classes are 2 hours long, and begin at 2p.m. on the following dates:
Feb 1, Feb 2, Feb 3, Feb 4
Since PMCS 3.0 will be released only for Windows, you are strongly encouraged to attend
this training in order to maximize your utilization of PMCS.
To register, please respond to Bob Markee, PM IS Site Services at x3-2048.
Dave (x3-3484)
i

pgNbr=1
</ot>
</LTDLWOCR>
