<?xml version="1.0" encoding="ISO-8859-1"?>
<LTDLWOCR>
<tid>aai44e00</tid>
<bt>2021598756/8757</bt>
<!-- Note:br t="m":2021598745/8766-->
<dd>19851007</dd>
<dt>LETT, LETTER</dt>
<au>MCCONNELL,M</au>
<rc>YEUTTER,C</rc>
<np>XX GREG &amp;lt;SCOTT,GR&amp;gt;</np>
<ca>COMM ON AGRICULTURE NUTRITION + FORESTRY; SENATE</ca>
<no>TAIWAN TOBACCO + WINE MONOPOLY BUREAU</no>
<!-- Note:co:MARG, MARGINALIA-->
<fn>2021598579/2021598810/MISSING; </fn>
<!-- Note:si:R107-->
<!-- Note:s:CENTRAL FILES/PRE-DB WAREHOUSE-->
<pg>2</pg>
<!-- Note:rn t="m":STMN/R1-004; STMN/R1-134; STMN/R1-147; STMN/R1-149-->
<!-- Note:lu:STMN/PRODUCED-->
<!-- Note:dl:19980605-->
<dl>20020201</dl>
<ot>. JLSSE NE111S. NORTM CMIOIIIACNA0IYAN
DOG OOIL RANSAS
/I~CMMD CYGAR N101AMA
T~U~D E WSS~SSIKI ~
M/pr WMM(lOTA
11RWRIMl. RONOA
y}K AMDIIfWS. NOWN OAKOZA
!~E ~ RiM11KSY
EDINAND 201YNSKt. NEMAfRA
PAT/rCK.J. LEANY!. VEprOKT
JOHN Mo.n"ER W WNrAtu
OAVqH. Mr04 MWtSA/
OAV NO lD01101 OdnJ V W wA
ALAM 1 DOIOK E,LDIOIS
NOYVEIl ME/UK AWNiA.
TOM IWIRYI IOWA.
4L'nited ~5tatez ~5enate
COMMITTEE ON
AGRICULTURE, NUTRITION. AND FORESTRY
WASHINGTON. DC 20510
S�
The Honorable Clayton Yeutter
United States Trade Representative
Winder Building, Room 200
600 Seventeenth Street, N.W.
Washington, D.C. 20506..
Dear Mr. Ambassador:
I appreciate the efforts you have undertaken in recent weeks to
force trading partners of the United States government to allow
improved American access to their markets. In that regard, it is
my understanding that a 301 procedure regarding the sale of beer
and wine will be initiated within the next few days a'gainst the
government of Taiwan. I would urge you to include leaf tobacco
and cigarettes in that petition.
The government of Taiwan's Tobacco &amp; Wine Monopoly Bureau (TTWMB)
controls imports of beer and wine, as well as, tobacco and
tobacco products. Specifically regarding tobacco products, the
U.S. share of the Taiwanese cigarette market is only 1/2 of 1% of
the total cigarette market at a time when industry experts say
that American cigarettes could capture as much as 15% of the
Taiwanese market. Such an increase would bode very well for
American tobacco growers, because the TTWMB would be forced to
buy more U.S. grown tobacco to improve the quality of its
domestically produced cigarettes. The very fact that the TTWMB,
itself, purchases absolutely no burley tobacco to use in its
domestic brand of cigarettes is blatently�unfair and extremely
harmful to Kentucky tobacco growers whose collective backs are
already up against the wall. We have the tools to rectify this
situation if we will use them.
Mr. Ambassador, I am convinced that failure to address this issue
at a time that other problems of the TTWMB monopoly are discussed N
would send'a signal to the Taiwanese that tobacco: is not a Q
priority issue for the U.S. We simply cannot send this kind of N
signal at this time. Especially in light of our continuing trade ~
pgNbr=1
The Honorable Clayton Yeutter
October 7, 1985
Page 2
deficit, I think it is important to pursue an export market which
can potentially be worth a positive $331 million to our balance
of trade payments. I hope you will give this issue your utmost
attention and I look forwarc~.to working with you in any way.
McCONNELL
UNI$ED STATES SENATOR
MM/jpd
pgNbr=2
</ot>
</LTDLWOCR>
