<?xml version="1.0" encoding="ISO-8859-1"?>
<LTDLWOCR>
<!-- forcebtag -->
<tid>aaj74f00</tid>
<ti>Changes In After Inversion Sugar Content Versus Time For Flue-Cured Strip - Our Purchases And Three Brands Of Cigarettes</ti>
<dt>Chart/Graph/Drawing/Table</dt>
<dt>Graphic</dt>
<dd>19790000</dd>
<!-- Note:b:Pall Mall 100;Marlboro 100;Winston 100-->
<!-- Note:ci:10004026-->
<!-- Note:rn t="m":Attached to a Responsive Document-->
<pg>1</pg>
<!-- Note:ag:60370983-->
<!-- Note:dl:19981123-->
<bt>950053101</bt>
<!-- Note:br t="a":MNAT00747251/MNAT00747251-->
<dl>20020201</dl>
<ot>I
. roM F1ue~Ct.ed.SaiDl- Pi zh,so, m9 , ~.
0
':hongr, In Rft~~ p~ Tc~~gaor' r.&gt;~
~h~-^_o ?Fand&lt; b`. gia~rarr^_s .
_ ~.
01
I
1.-, -----.-.&lt;., -_&lt; e 4 _ Z i o. 2 3 4 1 2 3 n 1 2 3 4_ 2 3 4
wr 1?71 1972 1973 1�7c ',975 1P75 1977 1978 1979

pgNbr=1
</ot>
</LTDLWOCR>
