<?xml version="1.0" encoding="ISO-8859-1"?>
<LTDLWOCR>
<!-- forcebtag -->
<tid>aas01c00</tid>
<ti>-- No Title --</ti>
<dt>MEMO</dt>
<dt>Memo</dt>
<dd>19891109</dd>
<au>Wigand-J; B&amp;ampW</au>
<rc>Adams-S; Allen-J; Aulbach-P; Beatty-A; Black-R; Carter-C; Delfin-A; Fussell-B; Glass-J; Goodman-P; Gray-T; Guyer-M; Henderson-G; Korte-S; Owens-C; Rigsby-L; Rucker-W; Sengelaub-W; Senn-T; Templeton-L</rc>
<!-- Note:ci:20000178-->
<!-- Note:rn t="o":20000178B413-->
<pg>1</pg>
<!-- Note:ag:1349977-->
<fn>890000 Whites</fn>
<!-- Note:dl:20020830-->
<bt>621056107</bt>
<dl>20030215</dl>
<ot>			BROWN &amp; WILLIAMSON TOBACCO CORPORATION
				RESEARCH &amp; DEVELOPMENT
INTERNAL CORRESPONDENCE	
TO:	S.	M.	Adams	T.	J.	Gray
	J.
P.	M.
L.	Allen
Aulbach	M.
G.	P.
E.	Guyer
Henderson
A.	Beatty	S.	J.	Korte
R.	R.	Black	C.	Owens
C.	S.	Carter	L.	K.	Rigsby
A.	L.	Delfin	W.	L.	Rucker
B.	G.	Fussell	W.	H.	Sengelaub
J.	N.	Class	T.	J.	Senn
P.	A.	Goodman	L.	K.	Templeton
FROM: J. S. Wigand
DATE: November 9, 1989
I would like to take this opportunity to invite you to be my guest at
a Luncheon on Friday, November 17, at 12:00 Noon at The Jefferson Club
in the President's Room.
Please let Mrs. Thomas know if you can attend.
0364P
s21osG1o1
621056107
PRODUCED FROM B&amp;W WEB SITE

pgNbr=1
</ot>
</LTDLWOCR>
