<?xml version="1.0" encoding="ISO-8859-1"?>
<LTDLWOCR>
<tid>aaw10c00</tid>
<bt>2085538546</bt>
<dd>20020111</dd>
<dt>EMAI, E-MAIL</dt>
<au>IZAC,RR</au>
<rc>GOODWIN,G</rc>
<pc>IZAC,RR</pc>
<np>WALKER</np>
<ca>PMUSA, PHILIP MORRIS USA</ca>
<fn>2085538237/2085538600/JAMES C. WALKER, PH.D. HUMAN SENSITIVITY TO ETS: THRESHOLDS, NEURAL MEDIATION AND INDIVIDUAL DIFFERENCES</fn>
<!-- Note:si:R568-->
<!-- Note:s:IZAC,RICHARD/STORED FILES-->
<ti>EQUIPMENT INVOICE FOR DR. WALKER'S RESEARCH</ti>
<pg>1</pg>
<!-- Note:lu:FEDA/PRODUCED-->
<!-- Note:dl:20030121-->
<dl>20030215</dl>
<ot>Izac, Richard R.
From: Izac, Richard R.
Sent: Friday, January 11, 2002 3:38 PM
To: 'Gena Goodwin'
Cc: Izac, Richard R.
Subject: Equipment invoice for Dr. lNalker's research
I)car ikls. Goodwin,
I received the invoice (Payment Reference No.: R[` 11300 001) for I}r. Walker's research. If you could
provide us with copies of the invoices for the equipment I would appreciate it. The invoices can be sent
via FAX if that is more convenient.
Thank you for your help.
Sincerely,
Richard Izac, hh.D.
Philip iVlorris U.S.A.
Research Center
615 A7aury Street
Richmond, VA 23224
804-274-3224)
804-274-4167(Fax)
Richard.R.Izactn,pnmusa.com

pgNbr=1
</ot>
</LTDLWOCR>
