<?xml version="1.0" encoding="ISO-8859-1"?>
<LTDLWOCR>
<!-- forcebtag -->
<tid>aal80d00</tid>
<bt>517228302/8303</bt>
<rc>WINSTON</rc>
<au>REED PK; IN GREENWOOD</au>
<bx>RJR5305</bx>
<!-- Note:b:WINSTON-->
<dd>19960428</dd>
<dt>CONSUMER LETTER; HANDWRITTEN</dt>
<!-- Note:co:Y-->
<!-- Note:dl:20020215-->
<pg>2</pg>
<!-- Note:rn t="m":US COMPREHENSIVE REQUEST 102-->
<!-- Note:sh:20020111-->
<!-- Note:s:EXTERNAL RELATIONS; CONSUMER RELATIONS; 45-04-02-06-->
<ti>I HAVE SEVERAL BAGS OF WINSTON WRAPPERS.</ti>
<dl>20021018</dl>
<ot>PAMELA K REED
~190 NOACK RD
GREENWOOD, IN 46143-9738
~ PM
...............~_-
_ Ar~ ~
i
I.
E0�8 ZZLTS

pgNbr=1
5d~a~3naa~

pgNbr=2
</ot>
</LTDLWOCR>
