<?xml version="1.0" encoding="ISO-8859-1"?>
<LTDLWOCR>
<!-- forcebtag -->
<tid>aag23f00</tid>
<ti>-- No Title --</ti>
<dt>LETT, LETTER;ROUT, ROUTING SLIP</dt>
<dt>LOG;CORRESPONDENCE</dt>
<dd>19831021</dd>
<au>CARLEY,JH</au>
<rc>PEPPLES,E</rc>
<pc>DANIEL,P;KLOTZ;KOLTUN;LONDON,M</pc>
<np>CRAWFORD,C;GESELL;X/FEDERAL TRADE COMMISSION</np>
<!-- Note:b:BARCLAY-->
<!-- Note:co:ILLE, ILLEGIBLE;MARG, MARGINALIA-->
<!-- Note:ci:10004026-->
<!-- Note:rn t="m":A4-->
<pg>3</pg>
<!-- Note:ag:143858-->
<fn>ADVERTISING BARCLAY - SUIT - FTC V. B &amp; W CORRESPONDENCE 830707</fn>
<!-- Note:dl:19990524-->
<bt>521013793/3795</bt>
<dl>20020201</dl>
<ot>521013793
,
,
,

pgNbr=1
ce-e~. aAAPd.rly v4~ ~~
OFF4CE OF
GENERAL COUNSEL
FEDERAL TRADE COMMISSION
WASHINGTON, D. C. 20580
October 21, 1983
-Ernest Pepples, Esq.
Senior Vice President and
General Counsel
Brown and Williamson Tobacco
Corporation
1600 West Hill Street
P.O. Box 35090
Louisville, Kentucky 40237
Dear Mr. Pepples:
Your letter of October 3 to Carol Crawford was given to
me for response. I do not think a detailed response is
either warranted or appropriate, particularly given Judge Gesell's
decision and your announced intention to appeal from it. I
do, however, think that some response is required to the
assertions you have made.
With regard to the specific statements made by our
trial counsel during summations at page 992, I agree that
there is no evidence to support any implication that the
filter was designed deliberately to circumvent the testing
methodology. As the Court concluded, the evidence indicates
only that the cigarette smokes on the machine in a manner so
different from the mouth that your advertisements calling it
1 mg. were deceptive. There is no doubt that your advertising
campaign was massive, for your own people have said so.
However, one cannot conclude from the evidence that the
cigarette filter was manufactured for that specific purpose.
While the counsel may have misspoken, an occurrence in
",trials that afflicts all participants, the Court clearly
rejected the thought as stated at page 1073 of the transcript.
Hence, it seems to me that no harm was done, at least in a
legally cognizable manner. Nor do I believe that one misstatement
in the course of a lengthy bench trial equals the type of
conduct you describe. If so, all parties stand convicted,
.for all parties on occasion overstated the evidence. Should
you still feel the misstatement was egregious, you have my
apologies as I am sure I have yours concerning any possible
misstatements by your lawyers.

pgNbr=2
Ernest Pepples, Esq. -2-
With regard to your general criticism of the conduct of
the litigation since June 25, 1982, your letter is quite
similar in tone to previous ones you have written since
1981, complaining a~out the attitude, conduct, bias of staff
as well as accusingn{us of "leaking", documents or information.
As we have said to you before, your views are understandable
but not factually supportable. ,I still believe that to be `
the case.' Based on what I personally know, it is my professional
judgment that you, your lawyers and your client have been
accorded the requisite courtesies required by law and the
ordinary manners I was brought up to believe were an essential
'part of a person's'character. I am disappointed you feel
otherwise but see no need to apologize for what was done not
.only in good faith but also in fulfillment of our obligations
under the law.
pgNbr=3
</ot>
</LTDLWOCR>
