<?xml version="1.0" encoding="ISO-8859-1"?>
<LTDLWOCR>
<tid>aaz46e00</tid>
<bt>2024994257</bt>
<!-- Note:br t="m":2024994254/4259-->
<dd>19771031</dd>
<dt>MEMO, MEMORANDUM</dt>
<au>SEYMOUR,CM</au>
<rc>COHEN,N; CRAWFORD,D; GIBB,R; SUWARNA,L</rc>
<pc>BROEN,J; HAWKES,RH; PARE,P; RICARD,LE; SHROPSHIRE,RC</pc>
<np>MORRISON,AB; RICKERT,WS</np>
<np>HOLTZMAN,A</np>
<no>LABSTAT</no>
<!-- Note:co:ILLE, ILLEGIBLE;  MARG, MARGINALIA-->
<fn>2024994113/2024994270/B &amp; H CANADA 750000 - 780000; </fn>
<!-- Note:si:N28-->
<!-- Note:s:LEGAL DEPT/CARLSTADT-->
<ti>LABSTAT INCORPORATED (DR. W.S. RICKERT).</ti>
<pg>1</pg>
<!-- Note:rn t="m":STMN/R1-005-->
<!-- Note:lu:STMN/PRODUCED-->
<!-- Note:dl:19980605-->
<dl>20020201</dl>
<ot>1'
it-i~,4 ti
c c . /VlR - 4 . 14
ii1Wrl1:li;i~
I~
(,Oll"' il
re : I.,il&gt;s t &lt;l, t I [I c v or1) (11! 1.~i, it rl ( I) r l`;. 5. R i c I, a,r t l .
I IlI., ;rt t,achu'd [ct' iclr f~~-c?m
I C 1 CyO l t I 1111 I ori ml t 1( ) I l.
(�. M!. ~c V1110 I i r
I. xec itt i vt~ ()cc rt� in ry
( ;?ls / (- f
I1.ilr l .
;dclr r ison iti Lorh~alrilccl
c. c.~	bles 5 rs.	IMr.	P.	1'~r 1.6	
					~
		/,%I r.	J.	I'~ rolcn	
~a
~lr.
i'l tr .	SIlt'opsll i rc
I('.~I I. 11,k	
' ~ i ,;i
pgNbr=1
</ot>
</LTDLWOCR>
