<?xml version="1.0" encoding="ISO-8859-1"?>
<LTDLWOCR>
<tid>aai53a00</tid>
<bt>2057649466</bt>
<dd>19910909</dd>
<dt>ORCH, ORGANIZATIONAL CHART</dt>
<np>L,WR</np>
<!-- Note:co:MARG, MARGINALIA-->
<fn>2057649455/2057649637/RESTRUCTURE INFO.; 2057649456/2057649471/PURCHASING ORG. CHARTS</fn>
<!-- Note:si:M149-->
<!-- Note:s:LATSHAW,BOB/OFFICE-->
<ti>DIRECT MATERIALS PURCHASING</ti>
<pg>1</pg>
<!-- Note:lu:HARS/PRODUCED-->
<!-- Note:dl:20031013-->
<dl>20031115</dl>
<ot>'
e~
.......................

Z"d
..... _ .................._,..


BNSSHHSdNd SS:_ c6. R Ntif
pgNbr=1
</ot>
</LTDLWOCR>
