<?xml version="1.0" encoding="ISO-8859-1"?>
<LTDLWOCR>
<!-- forcebtag -->
<tid>aav98d00</tid>
<bt>50409736/9736</bt>
<dd>19790205</dd>
<dt>OTHER</dt>
<!-- Note:d:APPENDIX 2  EXCERPTS FROM A LETTER REGARDING REQUEST OF SUPPORT FOR RESEARCH INVOLVING ELECTROPHYSIOLOGICAL (EEG), PSYCHOLOGICAL AND BEHAVIORAL CONCOMITANTS AND CONSEQUENCES OF SMOKING AND SMOKING CESSATION-->
<!-- Note:dl:20010130-->
<pg>1</pg>
<dl>20021115</dl>
<ot>Appendix 2
Excerpts from letter of intent to Council for Tobacco Research--U.S.A., Inc.,
February 5, 1979.
"The area of investigation for which we seek support involves the electrophysiolo-
gical (EEG), psychological and behavioral concomitants and consequences of
smoking and of smoking cessation. To a large extent, recent research on smoking
behavior has been focused on the possible physically pathological consequences
of chronic tobacco use. In our opinion, the intensity of this focus well may
have resulted in the relative neglect of other critical areas which deserve
attention.
To describe the problem which we plan to approach, a brief background may be of
help. Dr. L. Goldstein's involvement in research on nicotine goes back to 1969
when he began (in collaboration with Dr. I. Bhattacharya, first, and Dr. J.M.
Nelsen, next) a series of animal studies supported by the Council for Tobacco
Research. The questions foremost in these investigations were related to the
effects of nicotine on brain function and behavior. The aim was to gain from
experiments in animals which were subjected to chronic nicotinization, knowledge
which would be useful in accounting for nicotine self-administration as it occurs
in smokers.
In 1976, Dr. Nelsen presented a review of the animal electrophysiological and
behavioral results as an invited speaker at the 1st International Workshop on the
Behavioral Effects of Nicotine in Zurich and found our series of published studies
well known among the other members of the symposium.
More recently, Dr. Goldstein was invited to act as co-chairperson of an international
meeting on nicotine organized by SEITA and held in Paris, October, 1978. A number
of speakers referred to the Goldstein-Nelsen findings as an important part of the
presently available information on the effects of nicotine on brain functional
mechanisms.
Also at the Paris meetin , there were a number of studies presented which confirmed
the original hypothesis ~put forward in the 1973 paper by Eysenck) according to
which the personality of a smoker is indeed different from that of a nonsmoker.
It has also been suggested that the baseline brain functional states as revealed
by the EEG might differ between smokers and nonsmokers. In fact, smokers may be
seeking to "normalize" or optimize activity of certain brain systems with tobacco.
Since it would appear that cessation of smoking cannot change the basic psycho-
logical makeup of the smoker, one might expect important changes in individuals
habituated to nicotine when it is withdrawn.
The problem we propose to study is: What are these`changes? To what extent might
they present risks for behavioral disturbances vis-a-vis the supposed risks
associated with cigarette smoke on the body? Is it possible that some smokers are
using nicotine to "normalize" brain functional states so that a risk/benefit ratio
should be considered in terms of this group's tobacco use? It must be remembered
that disruptions of brain functional mechanisms (including those involved in arousal)
can be associated with peripheral pathologies."

pgNbr=1
</ot>
</LTDLWOCR>
