<?xml version="1.0" encoding="ISO-8859-1"?>
<LTDLWOCR>
<!-- forcebtag -->
<tid>aas72a00</tid>
<bt>528057314</bt>
<rc>RUFF JT</rc>
<au>OBRIEN JB</au>
<bx>NA</bx>
<dd>19960111</dd>
<dt>EMAIL; LETTER</dt>
<!-- Note:co:N-->
<!-- Note:br t="o":RJR 516139656; 70021 0102-0117-->
<!-- Note:dl:20030716-->
<pg>1</pg>
<!-- Note:sh:NA-->
<!-- Note:s:USDOJ; PRODUCTION 6-11; CD; 20020124;-->
<ti>ATTACHMENTS: FACTBOO.DOC.</ti>
<dl>20030915</dl>
<ot>From: O'Brien, J. Brice
To: Ruff, Jimi T.
CC:
BCC:
Primary Date: 1/11/1996 8:32:17 AM
Last Modified Date: 2001-N ov-20 10:14: 32
Last Touched Date:
Sent Date: 1996-Jan-l 1 08:32:17
Received Date: 1996-Jan-1 l 08:32:1'l
Subject:
Attachments:
FACTBOO.1)OC
RJR0000000516139656
7002i 0102

pgNbr=1
</ot>
</LTDLWOCR>
