<?xml version="1.0" encoding="ISO-8859-1"?>
<LTDLWOCR>
<tid>aab49e00</tid>
<bt>2501298014</bt>
<dd>19810100/E</dd>
<dt>SCRT, REPORT, SCIENTIFIC</dt>
<dt>CHAR, CHART, GRAPH, TABLE, MAPS</dt>
<ca>INBIFO, INSTITUT FUR BIOLOGISCHE FORSCHUNG</ca>
<!-- Note:co:ILLE, ILLEGIBLE;  MARG, MARGINALIA;  MISS, MISSING PAGES-->
<fn>2501298000/2501298222/INBIFO 1382; </fn>
<!-- Note:si:I10-->
<!-- Note:s:WALK,RUEDIGER-ALEX/WAREHOUSE-->
<ti>REPORT A 0500 / 1382 RZ 1(R) A2</ti>
<pg>1</pg>
<!-- Note:rn t="m":STMN/R2-038-->
<!-- Note:lu:STMN/PRODUCED-->
<!-- Note:dl:19980605-->
<dl>20020201</dl>
<ot>REPORT A o500/1382 RZ1 (R) A2 PAGE Q:'.
ARREVIATIONS (a)
AP A.M.
-AS
B
BW
CO
Conc.
EDTA .
Q .T.
HEPES
1-9
LDH
MEM
N
No.
f- I
PBS
P.M.
PMN
RT
sFF
TPM
WS
ante meridium
brass
body weight
~,arerou M~ ~'~~ ~
concentration
ethylenaminotetraacetic acid
N-2-hydroxyethylpeperazine-N-2-
ethane-sulfonic acid
lactate dehydrogenase
minimal essential medium
number "
phosphate buffered saline
post meridium
polymorphnuclear neutrophiles
room temperature
f
( a ) 6Ai.A:, t4T titiAAAAAm AAA,
~~.c.
pgNbr=1
</ot>
</LTDLWOCR>
