<?xml version="1.0" encoding="ISO-8859-1"?>
<LTDLWOCR>
<tid>aao46c00</tid>
<bt>2082067175</bt>
<!-- Note:br t="m":2082067175/7175C-->
<dd>20000512</dd>
<dt>EMAI, E-MAIL</dt>
<au>OSBORNE,K</au>
<rc>BARRINGTON,M</rc>
<ca>PMMC, PHILIP MORRIS MANAGEMENT CORP</ca>
<fn>2082066791/2082067346/BETA - CONSTITUENT COMMUNICATIONS</fn>
<!-- Note:si:R871-->
<!-- Note:s:OSBORNE,KEVIN/STORED FILES-->
<ti>FW:</ti>
<pg>1</pg>
<!-- Note:lu:FEDA/PRODUCED-->
<!-- Note:dl:20020909-->
<dl>20021209</dl>
<ot>2082067175
Osborne, Kevin (PMMC Legal)
From: Osborne, Kevin (PMMC Legal)
Sent: Friday, May 12, 2000 8:02 AM
To: Barrington, Marty
Subject: FW:
Marty-
Fyi.
Would you like to see the current draft? It will likely be further along after this next round of review in -2 weeks..

pgNbr=1
</ot>
</LTDLWOCR>
