<?xml version="1.0" encoding="ISO-8859-1"?>
<LTDLWOCR>
<!-- forcebtag -->
<tid>aak41a00</tid>
<ti>FCC Applies "Fairness Doctrine" To Cigarette Advertising</ti>
<dt>Memo</dt>
<dt>Correspondence</dt>
<dd>19670602</dd>
<pc>Clements General Counsel Ad Hoc Committee Company Public Relations Representatives</pc>
<np>Federal Communications Commissions American Cancer Society HEW United Press International EDH</np>
<!-- Note:co:Marginalia-->
<!-- Note:ci:10004026-->
<!-- Note:rn t="m":107-->
<pg>1</pg>
<!-- Note:ag:13254564-->
<!-- Note:dl:19981123-->
<bt>980029816</bt>
<!-- Note:br t="a":ATX090000106/ATX090000106-->
<dl>20020201</dl>
<ot>HILL aNn KNOWLTON, INC.
lu6f RelnHons Co:.aae!
w-.sa~vorou%nLC~zooos
June 2, 1967
INFDRMATIGNAL MEMOHANDUM
Subject: FCC Applies "Fairness Doctrine" to Cigarette Advertising
Enclosed is a letter from the Federal Communications Commission stating that the
"fairness doctrine" is applicable to television and radio cigarette advertising.
In effect, the Commission ruling appears to mean that radio and television sta-
tions must provide a "significant amount" of t-ime for anti-smoking programming--free
time, if sponsors aren't available.
The Commission said:
1. "We believe that a stacion which presents such (cigarette) advertisements
has the duty of informing its audience of the other side of this controversial issue
of public importance -- that however enjoyable, such smoking may be a hazard to the
smoker's health." (p. 2)
2. "We stress that our holding is limited to this product -- cigarettes." (p. 2)
3. "We reject...(the) claim that the time to be afforded 'roughly approximate'
that devoted to the cigarette commercials. The fairness doctrine does not require
equal time'...The practical result of any roughly o e-to-one correlation would prob-
ably be either the elimination or substantial curtailment of broadcast cigarette ad-
vertising." (p. 2)
4. "..the type of programming and the amount and nature of time to be afforded
is a matter for the good faith, reasonable judgment of the licensee..." A station
might discharge its responsibility "by presenting each week, in addition to appropriate
news reports or other programm.ing dealing with the subject, a number of the public
service announcements of the American Cancer Society or HEW in this field." (p. 3)
5. An FCC spokesman said, according to United Press International, that stations
may seek sponsors for such programvning or announcements, but failing in that must offer
the time at no charge.
6. In deciding against "equal time" as such, the Commission said this would be
"inconsistent with Congressional direction in this field -- the 1965 Cigarette Labeling
and Advertising Act." FCC said its action was "tailored so as to carry out ... Con-
gressional purpose." (p. 2)
While the letter is addressed to a single television station, it Ss understood
that it applies across-the-board to television and radio stations.
EDR:sjs
cc: Senator Clements Ad Hoc Committee
General Counsel Company Public Relations Representatives
pgNbr=1
</ot>
</LTDLWOCR>
