<?xml version="1.0" encoding="ISO-8859-1"?>
<LTDLWOCR>
<!-- forcebtag -->
<tid>aai46d00</tid>
<bt>50730606/0607</bt>
<ti>BIOGRAPHICAL SKETCH  DEAN W. BALLARD</ti>
<dd>19960000</dd>
<dt>RESUME</dt>
<!-- Note:d:PERSONAL, PROFESSIONAL AND EDUCATIONAL EXPERIENCE-->
<!-- Note:dl:20010130-->
<pg>2</pg>
<dl>20021115</dl>
<ot>p GR9NT NUMBER:
BIOGRAPHICAL SKETCH
Provide the following information for the key personnel in the order listed on Form Page 2.
Photocopy this page or follow this format for each person.
NAME
Dean W. Ballard
POSITION TITLE
Associate Professor of Microbiology and Immunology
EDUCATION/TRAINING (Begin with baccalaureate or other initial professional education, such as nursing, and include postdoctoral training.)
DEGREE
INSTITUTION AND LOCATION	li/ap	plicab/e)	YEAR(s)	FIELD OF STUDY
Marshall University, Huntington, WV		B.S.	1978	Biology
University of IIlinois, Urbana, IL		M.S.	1981	Microbiology
University of Illinois, Urbana, IL		Ph.D.	1984	Microbiology
RESEARCH AND PROFESSIONAL EXPERIENCE: Concluding with present position, list, in chronological order, previous employment, experience, and honors.
Include present membership on any Federal Government public advisory committee. List, in chronological order, the titles, all authors, and complete
references to all publications during the past three years and to representative earlier publications pertinent to this application. If the list of publications
in the last three years exceeds two pages, select the most pertinent publications. DO NOT EXCEED TWO PAGES.
PROFESSIONAL APPOINTMENTS AND HONORS
1979-1984 University of Illinois Teaching Assistantship
1981-1984 HEW Cellular and Molecular Biology Training Fellowship
1985-1987 Research Associate, Howard Hughes Medical Institute, Yale Univ. Medical School
1988-1989 Research Associate, Howard Hughes Medical Institute, Duke Univ. Medical Center
1989-1991 Senior Associate, Howard Hughes Medical Institute, Duke Univ. Medical Center
1991-1992 Adjunct Assistant Professor, Dept. of Microbiology &amp; Immunology, Univ. of California-S.F., CA
1991-1992 Associate Director, Gladstone Institute of Virology &amp; Immunology, S.F., CA
1992-1994 Assistant Professor, Dept. of Microbiology &amp; Immunology, Vanderbilt Univ. School of Medicine
1992-pres. Assistant Investigator, Howard Hughes Medical Institute
1994-pres. Associate Professor, Dept. of Microbiology &amp; Immunology, Vanderbilt Univ. School of Medicine
1997-pres. Editorial Board, Molecular and Cellular Biology
PUBLICATIONS (from a total of 59 publications)
l. Ballard, D., Bohnlein, E., Lowenthal, J., Wano, Y. Franza, B., and Greene, W. HTLV-1 Tax induces
cellular protein(s) that activates a xB element in the IL-2 receptor-alpha gene. Science 141:1652 (1988).
2. Bohnlein, E., Ballard, D., Bogerd, H., Peffer, N., Lowenthal, J., and Greene, W. Induction of IL-2
receptor alpha gene expression is regulated by post-transcriptional activation of xB specific DNA binding
proteins. J. Biol. Chem. 264:8475 (1989).
3. Lowenthal, J., Ballard, D., Bohnlein, E., Bogerd, H., and Greene, W. Tumor necrosis factor-a activation
of the IL-2 receptor-a gene involves the induction of tcB-specific DNA binding proteins. J. Immunol.
142:3121 (1989).
4. Lowenthal, J., Ballard, D., Bohnlein, E., and Greene, W. Tumor necrosis factor a induces xB specific
DNA binding proteins that regulate IL-2 receptor a gene expression in primary human T lymphocytes.
Proc. Natl. Acad. Sci USA 86:2331 (1989).
5. Hoyos, B., Ballard, D., Bohnlein, E., Siekevitz, M., and Greene, W. KB specific DNA binding proteins:
role in the activation of the interleukin-2 gene. Science 244:457 (1989).
6. Bohnlein, E., Siekevitz, M., Ballard, D., Lowenthal, J., Rimsky, L., Bogerd, H., Hoffman, J., Wano, Y.,
Franza, B., and Greene, W. Stimulation of the HIV-1 enhancer by the HTLV-1 tax gene product involves
the action of inducible cellular proteins. J. Virol. 63:1578 (1989).
7. Malim, M., Fenrick, R., Ballard, D., Hauber, J., Bohnlein, E., and Cullen, B. Characterization of a
complex protein: DNA binding located within the HIV-1 LTR leader region. J. Virol. 63:3213 (1988).
8. Ballard, D., Bohnlein, E., Hoffman, J., Bogerd, H., Dixon, E., Franza, B., and Greene, W. Interleukin-2
receptor-alpha gene activation: regulatory role for DNA-protein interactions flanking the KB enhancer. New
Biologist 1:83 (1989).
9. Greene, W., Bohnlein, E., and Ballard, D., HIV-1, HTLV-1, and normal T cell growth: Transcriptional
strategies and surprises. Immunol. Today 10:272 (1989).
10. Molitor, J., Walker, W., Doerre, S., Ballard, D., and Greene, W. NF-KB: A family of inducible and
differentially expressed enhancer-binding proteins in human T cells. Proc. Natl. Acad. Sci. USA 87:10028
(1990).
PHS 398/2590 (Rev. 5/95) (Form Page 4) Page D
50730606

pgNbr=1
CONTINUATION PAGE Principal Investigator/Program Director (Last, first, middle).'
11. Lee, J., Li, Y., Doerre, S., Sista, P., Ballard, D., Greene, W., and Franza, B. A member of the set of NF-
KB binding proteins, HIVEN86A, is a product of the human c-rel proto-oncogene. Oncogene 6:665 (1991).
12. Ballard, D., Walker, W., Doerre, S., Sista, P., Molitor, J., Dixon, E., Peffer, N., Hannink, M., and
Greene, W. The v-rel oncogene encodes a KB enhancer binding protein that inhibits NF-KB function. Cell
63:803 (1990).
13. Bothwell, A., Ballard, D., Philbrick, W., Lindwall, G., Maher, S., Bridgett, M., Jamison., and Garcia-
Blanco, M. The murone polypyrimidine tract binding protein: purification, cloning, and mapping of the RNA
binding domain. J. Biol. Chem. 266:24657 (1991).
14. Molitor, J., Ballard, D., and Greene, W. KB-Specific DNA binding proteins are differentially inhibited by
enhancer mutations and biological oxidation. New Biologist 3:987 (1991).
15. Ballard, D., Dixon, E., Peffer, N., Bogerd, H., Doerre, S., and Greene, W. The 65 kD DNA binding
subunit of human NF- KB functions as a potent transcriptional activator and a target for repression by the v-
Rel oncoprotein. Proc. NatL Acad. Sci. USA 89:1875 (1992).
16. Walker, W., Stein, B., Ganchi, P., Hoffman, J., Kaufman, P., Ballard, D., Hannink, M., and Greene, W.
The v-rel oncogene: insights into the mechanism of transcriptional activation, repression, and transformation.
J. Virol. 66:5018 (1992).
17. Ganchi, P., Sun, S., Greene, W., and Ballard, D. IxB/MAD-3 masks the nuclear localization signal of NF-
KB and requires the transactivation domain to inhibit NF-KB p65 DNA binding. Mol. Biol. Cell 3:1339
(1992).
18. Doerre, S., Sista, P., Ballard, D., and Greene, W. The c-rel proto-oncogene product represses NF-KB p65-
mediated transcriptional activation of the HIV-1 long terminal repeat. Proc. NatL Acad. Sci.USA 90:1023
(1993).
19. Sun, S., Ganchi, P., Ballard, D., and Greene, W. NF-KB controls expression of inhibitor IfcBa: evidence for
an inducible autoregulatory pathway. Science 259:1912 (1993).
20. Greene, W., Sun, S., Ganchi, P., Doerre, S., and Ballard, D. The NF-xB/IxB connection: A novel strategy
for transcriptional control. In: Molecular Basis of Immune Responses. H. Saito, ed. Academic Press (1993).
21. Stein, B., Baldwin, A. Ballard, D., Greene, W., Angel, P., and Herrlich, P. Cross-coupling of the NF-KB
p65 and Fos/Jun transcription factors produces potentiated biological function. EMBO J. 12:3879 (1993).
22. Ganchi, P., Sun, S. Greene, W., and Ballard, D. A novel NF-KB complex containing p65 homodimers:
implications for transcriptional control at the level of subunit dimerization. Mol. Cell. Biol. 13:7826 (1993).
23. Sun, S., Ganchi, P., Beraud, C., Ballard, D., and Greene, W. Autoregulation of the NF-KB transactivator
ReIA (p65) by multiple cytoplasmic inhibitors containing ankyrin motifs. Proc. Natl. Acad. Sci. USA 91:1346
(1994).
24. Beraud, C., Sun, S. Ganchi, P., Ballard, D. and Greene, W. Human T-cell leukemia virus type I tax
associates with and is negatively regulated by the NF-xB2 p100 gene product: implications for viral latency.
Mol. Cell Biol, 14:1374 (1994).
25. Donald, R., Ballard, D. and Hawiger, J. Proteolytic processing of NF-xB/IxB in human monocytes: ATP-
dependent induction by proinflammatory mediators. J. Biol. Chem. 270:9 (1995).
26. Brockman, J., Scherer, D., McKinsey, T., Hall, S., Qi, X., Lee, W., and Ballard, D. Coupling of a signal-
response domain in ItcBa to multiple pathways for NF-KB activation. Mol. Cell. Biol. 15:2809 (1995).
27. Chen, Z., Hagler, J., Palombella,V., Melandri, F., Scherer, D., Ballard, D., and Maniatis, T. Signal-induced
site-specific phosphorylation targets IxBa to the ubiquitin-proteasome pathway. Genes Dev. 9:1586 (1995).
28. Scherer, D.C., Brockman, J.A., Chen, Z., Maniatis, T., and Ballard, D.W. Signal-induced degradation of
IxBa requires site-specific ubiquitination. Proc. Natl. Acad. Sci. USA 92:11259 (1995).
29. McKinsey, T.A., Brockman, J.A, Scherer, D.C., Al-Murrani, S.W.K., Green, P., and Ballard, D.W.
Inactivation of IxB(3 by the Tax protein of Human T-Cell Leukemia Virus Type 1: a potential mechanism for
the constitutive induction of NF-xB. Mol. Cell. Biol. 16:2083 (1996).
30. Chu, Z., McKinsey, T. A., Liu, L., Qi, X., and Ballard, D. W. Basal Phosphorylation of the PEST Domain
in IxB(3 Regulates Its Functional Interaction with the c-rel Proto-oncogene Product. Mol. Cell. Biol. 16:5974
(1996).
31. Scherer, D.C., Brockman, J. A., Bendall, H., Zhang, G. M., Ballard, D. W., and Oltz, E. Corepression of
ReIA and c-Rel Inhibits Immunoglobulin Kappa Gene Transcription and Rearrangement in Precursor B
Lymphocytes. Immunity 5:563 (1996).
32. Boothby, M., Mora, A.L., Scherer, D.C., Brockman, J.A., and D.W. Ballard. Perturbation of the T
Lymphocyte Lineage in Transgenic Mice Expressing a Constitutive Repressor of NF-xB. (J. Exp. Med., in
press).
PHS 2590 IRev. 5/951 Page
Number pages consecutively at the bottom throughout the application. Do not use suffixes such as 3a, 3b.
50730607

pgNbr=2
</ot>
</LTDLWOCR>
