<?xml version="1.0" encoding="ISO-8859-1"?>
<LTDLWOCR>
<!-- forcebtag -->
<tid>aav13f00</tid>
<ti>NOTES ON SWITCHING STUDY PRESENTATION</ti>
<dt>NOTE, NOTE</dt>
<dt>NOTES</dt>
<dd>19830812</dd>
<np>SCHRIEBER,M/X;VISANESCU,D/X</np>
<!-- Note:b:KOOL-->
<!-- Note:co:HAND, HANDWRITTEN-->
<!-- Note:ci:10004026-->
<!-- Note:rn t="m":I93-->
<pg>2</pg>
<!-- Note:ag:248872-->
<fn>VISANESCU , DAN SWITCHING ANALYSIS</fn>
<!-- Note:dl:19990524-->
<bt>670585188/5189</bt>
<dl>20020201</dl>
<ot>
.__ ---- --~. --_------- -- ---------------------- - _ _ _
--- -- --
~vus.)





~-
-- ----- _
_

//6��.1! _

ffd,a/


- _-------- -------- ris Ea.,,~.vs_-------- -- -
------------ ---


~ iz-83
pgNbr=1
670585189
		,																		
																				1
																				;
																				
																				
																				
																				
																				
																				~
,
~
I
pgNbr=2
</ot>
</LTDLWOCR>
