<?xml version="1.0" encoding="ISO-8859-1"?>
<LTDLWOCR>
<!-- forcebtag -->
<tid>aal61c00</tid>
<bt>515604907/4908</bt>
<rc>MOORE J; MEZZINA BROWN; BLYNN G; RJR</rc>
<au>COPE COPE; COPE GS</au>
<bx>RJR5874</bx>
<pc>BRADY M; TOURVILLE P</pc>
<dd>19950525</dd>
<dt>LETTER</dt>
<!-- Note:co:Y-->
<np>TOURVILLE P; CRYSTAL LAKE PICTURES; KONZELMAN C; KACZOREK K; CHADWICK P; KENT J; PETRUCHA S; KINNEY S; OLEARY DD; WING G; SCHMIDT C; T3 FILM; RJR; SMITH MH</np>
<!-- Note:dl:20020816-->
<pg>2</pg>
<!-- Note:rn t="m":US COMPREHENSIVE REQUEST 53-->
<!-- Note:sh:20020528-->
<!-- Note:s:LAW; MKTG &amp; INTELLECTUAL PROPERTY; BLYNN GM; VP &amp; DEPUTY GEN COUNSEL-->
<ti>CRYSTAL LAKE PICTURES, INC./T3 FILM, INC./RJ REYNOLDS TOBACCO CO. CO.</ti>
<dl>20030115</dl>
<ot>Mr. John Moore
Guy Blynn, Esq.
May 25, 1995
Page Two
The T3 FILM, INC. agreement is with Mark Haskell Smith.
In the event that Paul Chadwick returns his employment agreement, I will forward that to
you promptly.
Very truly yours,
Gerald S. Cope
GSC:hbt
Enclosures
cc: Ms. Martha Brady
Mr. Patrick Tourville (w/o enclosures)

pgNbr=1
Gerald S. Cope
Steven E. Cope
Samuel M. Sherry
Via Federal Express
May 25, 1995
COPE AND COPE
Attorneys at Law
ONE UNION SIREET � P.O. BOX 1398 � PORTLAND, MAINE 04104
TEL: (207) 772-7491
TELECOPIER: (207) 772-7428
Mr. John Moore
Account Supervisor
Mezzina Brown Inc.
401 Park Avenue South
New York, NY 10016
Guy Blynn, Esq.
RJ Reynolds Tobacco Co.
401 North Main Street
P. O. Box 2959
Winston-Salem, NC 27102
s
RE: Crystal Lake Pictures. IncJT3 FILM. INC./RJ Reynolds Tobacco Co.
Dear John and Guy:
I am enclosing herewith copies of confidentiality and employment contracts between
Crystal Lake Pictures, Inc. or T3 FILM, INC. with several of the writers that met with
Patrick Tourville and others in New York on May 18 and 19, 1995.
Of all the people interviewed, Chuck Konzelman opted to pass on the employment contract,
but did execute a confidentiality agreement. The same is true relative to Keith Kaczorek.
As this letter is being written, we are still waiting to receive back the employment
agreement with Paul Chadwick, who executed a confidentiality agreement, but opted to
have the employment agreement reviewed by his agent.
The agreements with Crystal Lake Pictures are as follows:
1. Jim Kent
2. Stefan Petrucha/Sarah Kinney
3. Daniel Devin O'Leary
4. George Wing
5. Chris Schmidt

pgNbr=2
</ot>
</LTDLWOCR>
