<?xml version="1.0" encoding="ISO-8859-1"?>
<LTDLWOCR>
<tid>aay04e00</tid>
<bt>2026455107</bt>
<!-- Note:br t="m":2026455107/5113-->
<!-- Note:br t="o":PATP902494;  PATPM1357-->
<dd>19930223</dd>
<dt>LETT, LETTER</dt>
<au>PANICHI,BJ</au>
<rc>SCHARDT,JE</rc>
<np>MARLOW</np>
<ca>FISH NEAVE</ca>
<cr>PM, PHILIP MORRIS</cr>
<no>REDDIE GROSE</no>
<fn>2026455055/2026455161B/PHILIP MORRIS P62 NO.32 PM-1357;  FOREIGN;  2026455089/2026455161A/PM-1357 P62 NO.32 RRJ;  GOODMAN ET AL NORWAY; </fn>
<!-- Note:si:R475-->
<!-- Note:s:SCHARDT,JIM/INACTIVE FILES-->
<ti>NORWEGIAN PATENT APPLN. NO. P902494 PM 1357 - NORWAY</ti>
<pg>1</pg>
<!-- Note:rn t="m":STMN/R1-081-->
<!-- Note:lu:STMN/PRODUCED-->
<!-- Note:dl:19980605-->
<dl>20020201</dl>
<ot>FISH &amp; NEAVE
1251 AVENUE of the AMERICAS, NEW YORK, N.Y. 10020
COPY
February 23, 1993
VIA TELECOPIER
James E. Schardt, Esq.
Assistant General Counsel
Philip Morris Management Corp.
Legal Department
Research Center - Door 17
4201 Commerce Road
Richmond, Virginia 23234
Norwegian Patent Appln. No. P90 2494
PM 1357 - Norway
Dear Jim:
As you know, a response to the September 30, 1992
Official Action in the above-identified application must be
filed by February 28, 1993. Enclosed are the instructions I
have prepared for Mr. Marlow of Reddie &amp; Grose in connection
with that response.
To date, we have received no indication from you
that the substance of these instructions is unacceptable.
Therefore, I plan to fax the enclosed instructions to
Mr. Marlow at the close of today's business day unless I
receive contrary instructions from you.
Sincerely,
Brenda J. Panichi
BJP:nem
Enclosures
pgNbr=1
</ot>
</LTDLWOCR>
