<?xml version="1.0" encoding="ISO-8859-1"?>
<LTDLWOCR>
<tid>aav88e00</tid>
<bt>2023920538</bt>
<!-- Note:br t="m":2023920538/0538A-->
<dd>19930413</dd>
<dt>TELE, TELEX</dt>
<au>MERLO,E</au>
<rc>HAN,V</rc>
<np>XX JACK &amp;lt;NELSON,J&amp;gt;</np>
<no>MAM</no>
<!-- Note:si:N332-->
<!-- Note:s:HAN,VICTOR/OFFICE-->
<ti>MAM ANNUAL MTG / Q&amp;A</ti>
<pg>1</pg>
<!-- Note:rn t="m":STMN/R1-099-->
<!-- Note:lu:STMN/PRODUCED-->
<!-- Note:dl:19980605-->
<dl>20020201</dl>
<ot>Page 1
From:
Date:
Note for Han, Vic
Merlo, Ellen
Tue, Apr 13, 1993 5:31 PM
44,o2-J5 `1ZoS~B'
Sub ject: RE: MAM Annual Mtg/ Q&amp;A
Tio: Han, Vic
HAS JACK HELPED. IF NOT, LET'S DISCUSS FIRST THING IN THE AM. I HAVE
SOME ANSWERS FOR YOU!
From: Han, Vic on Tue, Apr 13, 1993 11:39 AM
Subject: MAM Annual Mtg/ Q&amp;A
To: Merlo, Ellen; Nelson, Jack
Need your help on two questions/answers currently in MAM's briefmg book.
Q. Will lower prices induce teenagers to buy Marlboro?
A. (As reviewed by Miles) No6 If lower prices do make it easier for people to buy
cigarettes, then the $.99 discount cigarettes are the issue, not Marlboro at $1.90 a pack.
Also, "It's The Law" program.
(MAM comment: Yes, but we make 99 cent stuff too.)
Proposed new, supplemental response.
A. We, as a cornpany,.do not want youth to smoke and support legislation that restrict
tobacco sales to those 18 years old and older. We cannot control retailer sales although we
have an active program ("It's the Law") that encourages and helps retailers restrict their sales
to those of legal age. The price of cigarettes, whether high or law, ought not to have any
effect on teenage puuchases which are illegal.
The thrust of our promotions is towards the sale of our premium brands, although we do
manufacture products in the lower price ranges. We could not afford to ignore the discount
market, but our prime effort is not directed to this sector. We did not start the discount
category. We entered it for competitive reasons. Premium brands are the focus of our
attention and the driv'uig;force behind our profitability in the ;tobacco business.
Q. Will there be price cuts in discount cigarettes?
Poyga P
rice
orUplm
MAM's response was a? Can we elucidate? MAM seems to need more information either
for his background or for his response.
Thanks.
,
pgNbr=1
</ot>
</LTDLWOCR>
