<?xml version="1.0" encoding="ISO-8859-1"?>
<LTDLWOCR>
<!-- forcebtag -->
<tid>aap69d00</tid>
<bt>500692164/2165</bt>
<rc>FOUGHT DG;UNK</rc>
<au>TOTTERDALE GJ;MARKETING RESEARCH DEPT</au>
<bx>RJR2283</bx>
<pc>NOVAK G;CUDD HH JR;UNK;MARTIN CA;UNK;OGBURN TL JR;UNK;SAYER D;BBDO;STUART JB;UNK;LEE J;BBDO;ROBBINS D;BBDO;MRD LIBRARY</pc>
<dd>19790828</dd>
<dt>LETTER</dt>
<!-- Note:co:N-->
<!-- Note:br t="o":MRD79 1965-->
<!-- Note:dl:19980227-->
<pg>2</pg>
<!-- Note:rn t="m":MINNESOTA 1RFP93-->
<!-- Note:sh:19961031-->
<!-- Note:s:MDD;MDIC-->
<ti>BY ADVERTISING COMMUNICATIONS TEST REPORT (MRD#79-1965).</ti>
<!-- Note:tp:YOUNG ADULT SMOKING-->
<dl>20020201</dl>
<ot>nl
SECRET
N o. 223 By .
August 28, 1979
Mr. D. G. Fought
4P
Re":' BY ADVERTISING COMMUNICATIONS TEST REPORT (MRD# 79-1965)
The final report for the BY Advertising Communications Test is
attached for your review and action.
Since the test results and their implications are critical to
the future direction of project BY, I have included an extensive
review of detailed findings and supportive tables. However, the
report is structured,such that the reader can review the infor-
.nation''at any of three levels of uetail :
1. Executive summary
2. Main report
3. Extensive review of detailed findings
Tr . s'�mm~..�.~e~.y :
.&gt; None of the BY executions generated sufficient appeal or dif-
ferentiation to be recommended for further testing in their
current form.
w The visuals were effective in communicating a positive mas-
culine image but should be directed more to the lifestyle of
the prime prospect (18-34 male).
:+ Neither copy strategy effectively communicated the total product
story.
coModifications of these campaign approaches as well as develop-
.ment of alternatives should key on differentiating the brand
with an important and unique reason for being.
It is Lnpcrtant to note, that the test results do not indicate that
a new brand cannot be introduced via imagery. The two campaign
approaches tested incorporated imagery in a supportive role as
opposed to the primary reason for being.
Our decision to step back and explore additional positionings
anC reasons why both within and outside the framework of the Kentucky
theme should enable us to moYe effectively position BY against its
F--ime prospect.
pgNbr=1
Mr. D. G. Fought
~ Page Two
August 30, 1979
40
(1~
If there are any questions on additional information you would like
to see, please call.
Marketing Research Department
~
Gre%4Sry J. Totterdale
GJT:ls
Attachment
cc: Messrs. H. H. Cudd, Jr.
J. Lee (BBDO)
C. A. Martin
G. Novak
T. L. Ogburn, Jr.
D. Robbins (BBDO)
D. Sayer (BBDO - 3 copies)
J. B. Stuart
MRD Library
f

pgNbr=2
</ot>
</LTDLWOCR>
