<?xml version="1.0" encoding="ISO-8859-1"?>
<LTDLWOCR>
<tid>aax84e00</tid>
<bt>1000320717</bt>
<dd>19700630</dd>
<dt>MEMO, MEMORANDUM</dt>
<au>WAKEHAM,H</au>
<rc>DAYLOR,FL</rc>
<pc>KIRITSIS,G; SELIGMAN,RB</pc>
<no>FDA, FOOD AND DRUG ADMINISTRATION</no>
<fn>1000320414/1000321120/700000 CHRONOLOGICAL FILE</fn>
<!-- Note:si:R37-->
<!-- Note:s:WAKEHAM,HELMUT/PERMANENT STORAGE-->
<pg>1</pg>
<!-- Note:rn t="m":STMN/R1-004; STMN/R1-150-->
<!-- Note:lu:STMN/PRODUCED-->
<!-- Note:dl:19980605-->
<dl>20020201</dl>
<ot>TO: Mr. F. L. Daylor June 30, 1970
F ROM: H. Wakeham
It has been proposed~ that we sterilize using both ethylene oxide and
radiation. If we have an FDA approval for using, ethylene oxide, do
we need to file an NDA if we add'i radiation? What is the penalty for
using and not filing? Please give me at least a preliminary opinion
by July 6.
0 ~r~~~~-~-
cc: Mr. George Kiritsis
Dr. R. B. Seligman
pgNbr=1
</ot>
</LTDLWOCR>
