<?xml version="1.0" encoding="ISO-8859-1"?>
<LTDLWOCR>
<tid>aav08e00</tid>
<bt>1003032606</bt>
<!-- Note:br t="m":1003032599/2608-->
<dd>19810331</dd>
<dt>REPT, OTHER REPORT</dt>
<au>M,LF &amp;lt;MEYER,LF&amp;gt;</au>
<!-- Note:si:R3-->
<!-- Note:s:SANDERS,EB (TED)/OFFICE-->
<ti>MONTLY DEVELOPMENT SUMMARY PROJECT READ</ti>
<pg>1</pg>
<!-- Note:rn t="m":STMN/R1-004-->
<!-- Note:lu:STMN/PRODUCED-->
<!-- Note:dl:19980605-->
<dl>20020201</dl>
<ot>MONTHLY DEVELOPMENT SUMMARY
OBJECTIVES: Removal of TEG, Urea and Cocoa Shells from PMIUSA Cigarette Filler
CURRENT STATUS:
TITLE: Project Read
Subjectilve evalluations of Pilot Plaint RL and BL formulations have been
complieted andlselectedl formulations will be made in Production facilities. Two
modified casing formulations have been selected,and! wilT be evaluated in,
combination, with the modified 150B R'L's, modified BL's and' Cooked Flavor RL'
PLANS AND TIMETABLE:_.
Park 500, trial runs of speciial' modilfied, 150B, RL's and
Cooked F1lavor RL's March 3�
S'ubjectiive selections of combinations of modified RL's,
BL's and modified casiings Alpril
Storage stability study of R~L's and BL's
Alprill - May
Initiate Consumer Research Testing ofmodifi!edl
150B RL's, BL's and modi fi ed casings Apri l
Cigarette production runi_with Cooked Flavor RL May
pgNbr=1
</ot>
</LTDLWOCR>
