<?xml version="1.0" encoding="ISO-8859-1"?>
<LTDLWOCR>
<!-- forcebtag -->
<tid>aal91f00</tid>
<bt>TIDN0009535/9538</bt>
<au># HEALTHY BUILDINGS INTERNATIONAL</au>
<np># AMERICAN LEGION;  # CENTER FOR DISEASE CONTROL;  # US ARMY;  # WALTER REED ARMY INSTITUTE; GARIBALDI; DIXON;  # HEALTHY BUILDINGS INTERNATIONAL;  # NIOSH</np>
<dd>00000000</dd>
<dt>REPORT</dt>
<ti>SICK BUILDING SYNDROME: CAUSES AND EFFECTS</ti>
<pg>4</pg>
<!-- Note:cn:dunn-->
<!-- Note:dl:19990602-->
<dl>20020201</dl>
<ot>HBf-Northaast
130 Cantre Stree[
Danvers, MA 01923
(508) 750-6903
HBI Healthy Buildings Intamational.Inc.
8ICE B17ILDIN SYNDROME: QAUSES AND EFFECTS
$=szORIcaL BACWRCUam
In July 1968, an explosive epidemic of illness
characterized by fever, headaches and muscle pains struck at
least 144 people, including about 100 employees of a health
department building in Pontiac, Mich. A defective
air-conditioning system was implicated as the source and
mechanism that spread the sickness, but extensive laboratory
a-id environmental investigations failed to identify the
origin of the disease, so it simply was labeled "Pontiac
Fever."
Many years later, it was learned that this illness was
caused by a bacterium identified as Legionella pneumophila.
This name was first attributed to the causative organism of
the 1976 outbreak of a disease that hit 182 people attending
an American Legion Convention in an air-conditioned hotel in
Philadelphia. Thirty-four people died from the illness.
The Center for Disease Control in Atlanta has estimated that
the same bacterium strikes between 25,000 to 45,000 people
each year in the United States alone.
More recently, a Florida woman in June 1987 won a
worker's compensation case claiming that she was exposed to
pathogenic molds that caused her to become hypersensitive.
The woman's physician stated that her illness was directly
attributable to exposure to contaminants inside her
building, and that she was no longer able to work there.
The woman is receiving medical and compensatory benefits and
will continue to do so indefinitely.
In I988, a California man accepted a $650,000
out-of-court settlement after he claimed that hia central
nervous system was so damaged as a result of exposure to
toxic substances in his office that he was incapable of
working. Payment of settlement was split between the
building owner and the building architects.
The outcome of these two recent claims by employees
specifically involving indoor air pollution has prompted
management, insurance companies, unions and attorneys to
focus on this emerging health issue.
To appreciate the potential scale o,f the problem,
consider:
. TI DN 0009535
pgNbr=1
Hfli Heahhv&amp;uldnglnmaaoR
HBI Backgrounder
-2-
A four-year study of approximately 400,000 recruits
at four U.S. Army training centers found that
trainees housed in the modern, energy efficient
barracks were about 50 percent more likely to
contract a respiratory infection than were trainees
in older, less airtight buildings. The study,
conducted by Walter Reed Army Institute, was
published in the Journal the American Medical
Association (1988).
� Respiratory tract infections annually account for
$15 billion'of direct medical care costs,
approximately 150 million lost work days, and at
least $59 billion in indirect costs such as lost
income from work through absenteeism in the United
States alone, according to a review by Garibaldi
and Dixon published in the American Journal of
Medicine (1985).
Whether the driving force is the threat of litigation or
the push to improve productivity and reduce operating costs,
it is hardly surprising to see an increasing focus on indoor
air pollution and the study of sick buildings.
SYMPTOMS AND $FFSCTS
Today, the term "sick building syndrome" has become
interchangeable with "tight building syndronse.` This
terminology applies to any building in which more than 20
percent of the employees experience symptoms such as
headaches, fatigue, or eye, nose or throat irritation that
cease once the employee leaves the building.
This definition does notfit the classical symptoms of
Legionnaire's disease since, with this disease, many of the
symptoms became more severe over time, eventually leading to
death. The distinction is due to the presence of an
infection that can be determined by medical diagnosis and
laboratory tests. Thus, when true infections are identified
due to bacteria, fungi, or viruses, the precise term is
"building related illness." In these cases, the percentage
'of occupants affected is highly variable. Only two
employees need to contract the infection before that
building is suspect.
TI DN 0009536
IEZ
pgNbr=2
HBI Backgrounder
-3 -
HBI HmIdtvBuddingslnremaaon:
In the case of so-called sick buildings, the problem
lies in the internal environment. In the experience of
Healthy Buildings international, Inc. (HBI), most cases of
sick building syndrome are due to indoor pollutants in the
air, however, comfort conditions are important since
complaints due to cold, excess heat, or drafts are common.
Humidity can be part of the problem, as can lighting, noise,
vibration, radiation or odor perception and other factors,
such as overcrowding, office layout, and personal
conflicts. These variables can be compounded by the
employee's anxiety about potential health problems in the
workplace.
There also is a complication in the different ways in
which people tolerate different conditions. For example,
individuals have different metabolisms for temperature,
causing varying rates of internal heat output and, of
course, people dress differently. Also, some people work
near windows and are exposed to more drafts and radiant heat.
Similarly, in considering odor perception, there are
major differences-in people's ability to identify or
tolerate odors in an environment. invariably, the odor
perception of most people diminishes with time. Thus, a
visitor may react adversely to an environment that seems
fine to long-term,occupants.
Considering all these variables, it is impossible to
satisfy everyone. In fact, in attempting to optimize any
internal environment, the conditions necessary to satisfy
the maximum percentage of occupants still will leave at
least 5 percent of the employees dissatisfied. So while it
is virtually impossible to satisfy 100 percent of the
building's occupants, by correctly identifying the cause of
the problem.instead of focusing on the symptoms, it is
possible to alleviate the problem to the satisfaction of the
vast majority of employees.
CAUSES Op IIiDOOR POLLUTION
one difficulty in effectively studying indoor air
quality is that several diverse areas of expertise are
needed, including chemistry, microbiology and ventilation
engineering. HBZ integrated these skills in forming unique
diagnostic teams to study internal air quality.
After studying more than 400 major buildings worldwide,
HBI scientists have found that 75 percent of the problems
with contaminated air are due to ignorance of correct
operating practices and/or inadequate maintenance, rather
than any fundamental building design problems.
TI DN 0009537
~
pgNbr=3
NBI HeWdiv Buddings inmaacxti
HBI Backgrounder
-4 -
_ While it is true that pollutants in buildings emanate
from the outdoors and indoors -- carpets, furniture, people,
equipment, ventilation systems, and staff activities such as
cleaning, smoking and food preparation ---correctly designed
and operated ventilation systems are built to handle these
challenges. Unfortunately, because some building operators
or maintenance employees are apathetic or ignorant of the
ventilation system, the problem of indoor air pollution
persists.
In 1987, the National Institute for Occupational Safety
and Health (NIOSH) studied 446 buildings following staff
complaints of upper respiratory illnesses and poor air
quality. The study concluded that more than half of the
problems were due to inadequate ventilation.
At HBI, the findings have been similar. After studying
more than 412 major U.S. buildings totaling more than 63
million square feet of property, the three most common
problems of "sick buildings" were:
1. Poor ventilation: 62 percent of the buildings had
inadequate fresh air and an alarming 33 percent
were operating with no fresh air whatsoever.
2. Inadequate filtration: 61 percent of the buildings
had inefficient filters; 43 percent were basically
low-grade filter pads, scarcely better than
butterfly nets, while 18 percent were of reasonable
quality but poorly installed.
3. Lack of hygiene: 50 percent of the ventilation
systems were dirty; 36 percent had dirty
air-conditioning units, while 22 percent had
grossly contaminated ductwork. Such contaminated
systems are perfect breeding grounds for bacteria,
molds and fungi.
In fact, only 25 percent of the buildings studied were
well ventilated with efficiently filtered air-handling units
and clean, well maintained ventilation systems.
Significantly, there were no complaints of poor air quality
by employees in these buildings.
#~#
TI DN 0009"38
pgNbr=4
</ot>
</LTDLWOCR>
