<?xml version="1.0" encoding="ISO-8859-1"?>
<LTDLWOCR>
<!-- forcebtag -->
<tid>aau28c00</tid>
<bt>507707447</bt>
<rc>I SWS</rc>
<au>MARABLE M</au>
<bx>RJR2804</bx>
<dd>19900514</dd>
<dt>TELEPHONE RECORD</dt>
<!-- Note:co:N-->
<np>SPACH J</np>
<!-- Note:dl:19980227-->
<pg>1</pg>
<!-- Note:rn t="m":MINNESOTA 1RFP93; SCOTT 1RFP26; SCOTT 1RFP27; SCOTT 1RFP30; SCOTT 1RFP29; SCOTT 1RFP35; SCOTT 1RFP1-9; SCOTT 1RFP16-17; SCOTT 1RFP21; US COMPREHENSIVE REQUEST 140; US COMPREHENSIVE REQUEST 359; US COMPREHENSIVE REQUEST 201; LONGDEN INT12; MINNESOTA 1RFP93-->
<!-- Note:sh:19961216-->
<!-- Note:s:EXTERNAL RELATIONS; PUBLIC RELATIONS; COCKERHAM JF; SUPERVISOR-->
<ti>SUBJECT OTHER. HE HAS BEEN SMOKING FOR 64 YEARS AND WOULD LIKE TO TALK TO SOMEONE CONCERNING THE SMOKING LAWS AND HIGH TAXES.</ti>
<!-- Note:tp:YOUNG ADULT SMOKING-->
<dl>20030415</dl>
<ot>RECEIVECI
COMPUTER NO. /,1' 1 MAY 1 7 1990
ITEM
SUBJECT
REPLY CODE
NAMG ~7) /C~(l~ t~f.'L-
/
ADDRESS
CITY _ /~CfIJ_(I71il1 / J STATE ZIP PHONE
~~G 7v7 Y'~~~c:
DATE OF BIRTH / / f~ f
BRAND AMOUNT INVOLVED
SMOKER Zyes _ no
NOTES:
l/ / a f'yl~~ D~ t 4 s~� !IJ i G y l~~~ A~ /I~iGY GIJ~&gt;t/~~
/~-/17fZ fG'- ,p4.,,y_Da_e._ ( PeT.3~. r lfL /
-~'
-, ,
ACTION TAKEN:
_ _ --
7Za 12,1
~aGI~G
GRATIS
COUPONS
ENCLOSURES
Date S//V/90
Time 1 5~~
f~'~~~
Initials

pgNbr=1
</ot>
</LTDLWOCR>
