<?xml version="1.0" encoding="ISO-8859-1"?>
<LTDLWOCR>
<tid>aaj55c00</tid>
<bt>2075681685/1690</bt>
<dd>19990520</dd>
<dt>MEMO, MEMORANDUM</dt>
<dt>CHAR, CHART, GRAPH, TABLE, MAPS; REPT, REPORT, OTHER</dt>
<au>WOODSON,B</au>
<rc>PFLUEGER,J</rc>
<pc>SHERRON,J</pc>
<np>ADAMS,N; BEAM,T; BEELER; BIBLE,J; CHANCE,C; CUMMINGS,D; DAVIS,J; JOHNSON; KRAUSSE,C; LAMBERT,R; LUM,D; NIXON,G; PFLUEGER,J; ROSEN; SANDERSON,W; SHELTON,J; SHERRON,J; SMITH,J; TAYLOR,B; WILLIS,V; WINTER,G; WRENN,S</np>
<no>INGREDIENT COMM; INNOVATION; PM; SEMI WORKS; TOBACCO TECHNOLOGY</no>
<!-- Note:co:CONF, CONFIDENTIAL-->
<fn>2075681586/2075681691/MID-YEAR 990000 REPORTS P0622</fn>
<!-- Note:si:R758-->
<!-- Note:s:WOODSON,BEV/OFFICE-->
<ti>FLAVOR DESIGN MONTHLY ACTIVITY REPORT MONTHLY REPORT FOR 980420 TO 980520</ti>
<pg>6</pg>
<!-- Note:lu:FEDA/PRODUCED-->
<!-- Note:dl:20020819-->
<!-- Note:b:ASTOR; DALLAS; MARLBORO; PARLIAMENT; VIRGINIA SLIMS-->
<dl>20021209</dl>
<ot>Philip Morris USA Confidential
16. Subjective Qualification/Marlboro Lights 100's FfB(0190-822)/New Brand Start-
un/LVL/Beeler
The following production date, shifts, and location were found subjectively acceptable for
release:
04-19-99	B Shift	80
04-20-99	C Shift	80
17. Subjective Qualification/Marlboro Lights 100's FTB(0180-000)/New Eguinment Start-up/
MC/Rosen
The following production date, shifts, and location were found subjectively acceptable for
release:
05-12-99 A Shift 2B5
18. Subiective pualification/Parliament KS FTB(48930-000)/New Equipment Start-up/MC/
Rosen
The following production date, shifts, and location were found subjectively acceptable for
release:
04-20-99 B Shift 5A1
19. Subjective Qualification/Marlboro100's FTB(0530-000)/New Equipment Start-up/MC/
Rosen
The following production date, shifts, and location were found subjectively acceptable for
release:
04-20-99 A Shift 4C2
20. Subjective Qualification/Marlboro100's SP(0480-000)/New Equipment Start-up/MC/
Rosen
The following production date, shifts, and location were found subjectively acceptable for
release:
05-19-99 A Shift 3A4
cc J. Sherron
DOC CODE: P0621 6

pgNbr=1
Philip Morris USA Confidential
LATINAMERICA:
The flavor revisions for Astor and Dallas were approved by PI. Dallas has been transmitted to Flavor
Operations. Astor was awaiting the transmittal of the Pre-blend for the Burley Top Casing used in
National. After discussing this issue with G. Nixon, he reviewed the flavor system and said that the P98
pre-blend for Burley Top Casing should be used. B. Taylor is aware of this and all Burley Top revisions
should reflect this change. The transmittal will be ready for your signature on 5-27-99. This will
complete all work assigned to the An-Cam Mercor region.
SUPPORT TO OTHERS IN DEPARTMENT
Support was given to numerous project panels during this period along with daily participation on the
QDP panel. Weekly Diary panel and development panel for Ashland was performed. I became a member
of C. Krausse's panel for evaluating warehouse and return goods. The first panel was a distributed for
evaluation at the desk, this one contained five paired samples for evaluation. I also agreed to participate
on R. Lambert evaluation of product exposed to non-standard conditions.
Computer software and Semi-Works Scheduler assistance given to members of the department.
Assistance will be given to D. Cummings on Monday, May 24, 1999 to pull and swab samples for a
menthol clean-up study.
DOC CODE: P0621 3

pgNbr=2
Philip Morris USA Confidential
8. Subjective Acceptability/Marlboro KS SP/NCP Ciet. Paper Bobbin Exnosure/LVL/
Johnson
The following production date, NTM Code, and Bobbin Number was found subjectively
acceptable for release:
04-26-99 14-630-A #2
9. Subjective Acceptability/Virginia Slims One/NCP Cigt. Paper Bobbin Exposure/LVL/
Johnson
The following production date, NTM Code, and Bobbin Number was found subjectively
acceptable for release:
04-23-99 14-442-C #20
10. Subjective Qualification/Parliament Lights KS FTB(7460-092)/New Equipment Start-
up/MC/Rosen
The following production date, shifts, and location were found subjectively acceptable for
release:
05-03-99 A Shift 5B 1
11. Subjective Oualification/Marlboro 100's SP(0480-000)/New Equipment Start-uu/MC/
Rosen
The following production date, shifts, and location were found subjectively acceptable for
release:
05-03-99 C Shift 3A5
12. Subjective Qualification/Marlboro 100's FTB(0530-000)/New Equipment Start-up/MC/
Rosen
The following production date, shifts, and location were found subjectively acceptable for
release:
05-03-99 A Shift 5B1
13. Subjective Qualification/Marlboro Lights KS FTB(0690-000)/New Brand Start-upILVL
Beeler
The following production date, shifts, and location were found subjectively acceptable for
release:
04-16-99 A Shift 62
14. Subjective Qualification/Marlboro LS FTB(0820-089)/ New Brand Start-up/LVL/Beeler
The following production date, shifts, and location were found subjectively acceptable for
release:
04-19-99 B &amp; C Shifts 20
15. Subiective Oualification/Marlboro 100's FTB(0530-000)/ New Brand Start-up/LVLBeeler
The following production date, shifts, and location were found subjectively acceptable for
release:
04-22-99	B Shift	73
04-23-99	C Shift	73
DOC CODE: P0621 5

pgNbr=3
Philip Morris USA Confidential
T0096 -- Subjective Smoking Panels:
1. Subjective Qualification/Parliament Lights KS FTB/New Equipment Start-up/MC/Rosen
The following production date, shifts, and location were found subjectively acceptable for
release:
04-03-99 B Shift 5A1
2. Subjective Oualification/Marlboro LS FTB(0820-805)/ New 5-Pack Carton Start-
up/LVLBeeler
The following production date, shifts, and location were found subjectively acceptable for
release:
04-14-99	All Shifts	61
04-15-99	C Shift	61
3. Subjective Oualification/Marlboro LS FTB(3350-007)/New 5-Pack Carton Start-
un/LVLBeeler
The following production date, shifts, and location were found subjectively acceptable for
release:
04-14-99 A Shift 61
4. Subjective Qualification/Marlboro Lights KS FTB(0690-507)/ New 5-Pack Carton Start-
up/LVLBeeler
The following production date, shifts, and location were found subjectively acceptable for
release:
04-15-99 B Shift 61
5. Subjective Qualification/Marlboro KS SP(0290-089)/New 5-Pack Carton Start-up/LVL/
Beeler
The following production date, shifts, and location were found subjectively acceptable for
release:
04-15-99 B Shift 72
6. Subjective Acceptability/Marlboro KS SP/NCP Cigt. Paner Bobbin Exposure/LVL/
Johnson
The following production date, NTM Code, and Bobbin Number was found subjectively
acceptable for release:
04-26-99 14-630-A #1
7. Subjective Acceptability/Virginia Slims One/NCP Cigt. Paper Bobbin Exposure/LVL/
Johnson
The following production date, NTM Code, and Bobbin Number was found subjectively
acceptable for release:
04-23-99 14-442-C #18
DOC CODE: P0621 4

pgNbr=4
Philip Morris USA Confidential
was moved up to the week of May 3, 1999. David Cummings and Janet Shelton graciously covered this
run on May 4, 1999 while I was on company business. The tobacco was acceptable to Ashland from this
run.
Ashland has requested that work be performed on revising the menthol flavor to decrease the menthol,
increase smoothness, and decrease the throat harshness. A Semi-Works run was processed on May 12,
1999 for 300 pounds of cased with no after-cut filler. Mark nine rods were made by Wes Sanderson at
Ashland for use in the testing of several variations of the menthol flavor. To simulate the total menthol
delivery W. Sanderson provided the mentholated foil to place in the jars with twenty cigarettes for
equilibration. The flavors will be injected on Tuesday, May 25, 1999. After 14 days, these flavors and a
control will be evaluated by the MDF menthol panelists.
A transmittal for the current Accord being sold on the market was given to Flavor Operations on May 12,
1999. This was assigned the blend code A9104. Louisville will produce this filler for York production of
cigarettes to supply the market until the 31 product is launched.
I originally was scheduled to attend the all-day Supplier's Day program scheduled for May 26, 1999 at
York Manufacturing Facility. I will miss the first portion of the York presentation, due to Tobacco
Technology making a presentation for flavor enhancement to Accord. This was scheduled by V. Willis,
after she evaluated the flavor on the current commercialized product while at the facility in Maryland. My
concern is that this is being driven by Innovation without having a clear understanding of the regulatory
restraints imposed for number of ingredients, side-stream aroma, etc.. In your absence, I will be
discussing this with Jim Sherron.
A request was placed into the Semi-works system to for Ashland to produce 600 pounds of filler with the
31 flavor system. I spoke with J. Davis of the Flavor Center about having the pre-blend and the after-cut
compounded at the FC. She agreed to adding this to the schedule. She left me voice mail indicating that
she was unable to view the formulas, since they had never produced it. I contacted FO about this issue,
D. Lum spoke with her and 3. Davis informed her that her management vetoed the production of the flavor
without a two to three week notice of need. This refusal required the run to be pushed back two weeks
from the requested week of 5/31/99. This run was being produced by request of J. Bible to T. Beam. S.
Wrenn will explain the reason that this run will not be completed in the time frame requested and T. Beam
will notify NY of the reasons for this delay.
P98 PROGRAM - P00072
INGREDIENT COMMITTEE:
The next meeting is scheduled for May 25, 1999. The spreadsheet for the sub-committee was revised and
this will be discussed thoroughly at the next meeting. A memo was issued on April 28, 1999 to all
personnel and to the Innovations personnel currently housed within FD listing the DM code number
changes for this time frame. A memo will be issued in the future as change are finalized in the meetings.
DOC CODE: P0621 2

pgNbr=5
Philip Morris USA Confidential
~.J.!~!
. . ~, ~ _ . . . . .
.. ... . .. ~. ~ ::~.:yn: : . . .
To:
From:
Subject:
J. Pflueger
B. Woodson
Monthly Report for 04/20/98 to 05/20/98
Date: May 20, 1999
ALTERNATE MATERIALS - T00094
Participated in four evaluations for G. Winter and five for N. Adams for revision and alternate vendor
qualification during this reporting period.
SUBJECTIVE EVALUATION PLATFORM - T00096
Several issues have arisen concerning factory qualification of product by FD. I have had many
discussions with Chris Chance about this issue and several of the International Developers. C. Chance
will be scheduling a meeting to address these issues at the beginning of week 5/24/99. At this time we
will discuss the best way for the factory production to be evaluated and the personnel that will be directly
involved. He plans to invite J. Smith and J. Pflueger for this discussion.
C. Chance has notified Louisville and Manufacturing Center personnel that FD will no longer qualify their
products unless it is crucial to maintaining production. The internal panels and cigarette development
project panels will be responsible for all subjective evaluations and qualifications. The project panels will
most likely need support form FD, but I will no longer be responsible for the leadership role.
BETA PROGRAM - P00276
I participated in the side-stream smoke study done in Anaheim, CA during the week of May 3-7, 1999.
The study required us to work at the research facility each day. I was only scheduled to work on Monday
and Tuesday, but due to circumstances out of PM control, those two days of testing were repeated. I was
required to work on Friday, May 7, 1999. The two days of vacation originally planned for that week were
changed to a business trip.
The 300 pounds of cased filler without after-cut produced for Wes Sanderson in Ashland on Apri16, 1999
was rejected due to foreign material found in the filler. The run scheduled for the week of May 10, 1999
DOC CODE: P0621

pgNbr=6
</ot>
</LTDLWOCR>
