<?xml version="1.0" encoding="ISO-8859-1"?>
<LTDLWOCR>
<tid>aav29e00</tid>
<bt>2501403208</bt>
<!-- Note:br t="m":2501403208/3223-->
<dd>19890000/E</dd>
<dt>NELE, NEWSLETTER</dt>
<np>ALLEN,JAS; AU,W; DOOLITTLE,DJ; DOUGLAS,G; KIER,LD; LI,AP; MCGREGOR,D; ROSSMAN,TG; TROSKO,JE; VONBORSTEL,RC; WATERS,MD</np>
<ca>INBIFO, INSTITUT FUR BIOLOGISCHE FORSCHUNG</ca>
<no>BOEHRINGER INGELHEIM; CANADA HEALTH + WELFARE; CASE WESTERN RESERVE UNIV; EMS; EMS NOMINATING COMM; EPA, ENVIRONMENTAL PROTECTION AGENCY; ICEM; MI STATE U; MONSANTO; NY U; RJR NABISCO;  U OF ALBERTA; U OF TX</no>
<!-- Note:pa1:2501403208/2501403223&lt;/pa1-->
<fn>2501403136/2501403675/INBIFO BESUCHE KOPIEN DER BEI BESUCHEN GEZEIGTEN FOLIEN 890000; </fn>
<!-- Note:si:I9-->
<!-- Note:s:ROEMER,EWALD/SEC'Y FILES-->
<ti>PRE-MEETING ISSUE: FEATURING HIGHLIGHTS OF 5TH ICEM AND 20TH ANNIVERSARY OF EMS</ti>
<pg>1</pg>
<!-- Note:rn t="m":STMN/R2-038-->
<!-- Note:lu:STMN/PRODUCED-->
<!-- Note:dl:19980605-->
<dl>20020201</dl>
<ot>etin~ lss
*Featuring HigI*_l
ights of 5th;
and '20th'Anniversary of E
larwd prdmises to be super time for 5th ICEM
Nar Colleagues:
It gives me great pleasure to invite you, al of old acquaintances.
members of your family, and your stu-
dents, associates, and colleagues to both
Cirveland and Cstse Western Reserve
University for the s~~entific sessions and
~
July is generally a very pleasstnt month in
Cleveland; thus, we urge you to come
with your family. We will do our utmost
tr. ..rr...:~~ t1.mr..
O~gIat~h
,
a the Nominee
resideri
' and: Cour~cil
I
.'1'he VNtS Nominating Cotnmitteh;~fias

prepared the ballot for the upcoming, 0leCy''
tion for 199�/91 President-lrlect ,and "
Council, The nominees for Presidenty ,
Oect are R.C. (Jack) von ,Borstel ttJ~-1b(
Alberta) and Michael D. Waters'.(V ~S, ~.
EPA). The nine nominees for Councare
Jane A.S. Allen (Glaxo), William Au
u
of Texas), David -J: Doolittle Nabisco), George Douglas (Health ;and t",
Welfare Canda), Larry D. kier (Mon-~~
santo), Al P. Li (Monsanto), Douglas;W
McGregor (Boehringer lttgelheim)i ;Toby~~
G. Rossman (New York U.), and fames )v,`i
X,-
Trosko (Michigan State U.), Five tnetw";~.~
bers may, by petition, nominate a metribr=
for election tA the Council; ten membets
nlfty notilln,ite a ITleltihvr tnr Flrr�linm
pgNbr=1
</ot>
</LTDLWOCR>
