<?xml version="1.0" encoding="ISO-8859-1"?>
<LTDLWOCR>
<!-- forcebtag -->
<tid>aai19d00</tid>
<bt>502337156</bt>
<rc>RJR</rc>
<au>LONGEST E</au>
<bx>RJR3057</bx>
<!-- Note:b:MORE;MORE 120;WINSTON-->
<pc>MORE</pc>
<dd>19810302</dd>
<dt>LETTER</dt>
<!-- Note:co:Y-->
<!-- Note:dl:19980227-->
<pg>1</pg>
<!-- Note:rn t="m":MINNESOTA 1RFP5;1RFP105-->
<!-- Note:sh:19961231-->
<!-- Note:s:MAIL SERVICES-->
<ti>I HAVE BEEN SMOKING THE MORE 120'S SINCE THE DAY YOUR COMPANY PUT THEM ON THE MARKET.</ti>
<!-- Note:tp:CONSUMER VIEWS RE: TAR AND NICOTINE LEVELS; SMOKING BY-PRODUCTS-->
<dl>20020201</dl>
<ot>March 2, 1981
Mr. President
R. J. Reynolds Tobacco Company
Winston Salem, North Carolina 27102
Dear Sir:
I have been smoking the More 120's since the day your company put them on
the market. I preferred them to any other cigarette, and I have tried
them all. About a month or longer, I noticed a great change. Before I
started smoking Mores I was smoking 22 packs of Winstons a day. When I
switched over to Mores I was only smoking a pack a day, a savings of 12
packs a day, which I know is better for my health and I still had the
enjoyment of a cigarette. The other cigarettes on the market burn very
fast, which in my opinion makes you smoke smore. The More Cigarette did
not'do this, they used to burn very slowiy, but since the change they are
no different than the other cigarettes and they are not as mild as they
used to be.
I know I am 1 out of millions that still smoke and enjoy the taste of a_good
cigarette and I thought I would take the time to let you know how I feel
about the changes you company made. I really can't understand why, when
you had a good cigarette, your ccmpany changed them into one just like all
the others.
I now have the problem that I had before I started smoking Mores, finding
a cigarette that will last me longer, taste milder, save me money, and will
not be a great hazard to my health, because of high tar and nicotine. I
really am sorry that changes were made because I thought I would be smoking
Mores for a many a year.
Thank you for taking the time to read my complai.nt.
Sincerely yours,
Mrs. Betty Longest
3978 Edgehill Avenue E-4
Baltimore, Maryland 21211
pgNbr=1
</ot>
</LTDLWOCR>
