<?xml version="1.0" encoding="ISO-8859-1"?>
<LTDLWOCR>
<!-- forcebtag -->
<tid>aaa55f00</tid>
<ti>-- No Title --</ti>
<dt>Memo</dt>
<dt>Correspondence</dt>
<dd>19840302</dd>
<au>Mellett-JJ</au>
<rc>Roberts-BWC</rc>
<pc>Stevenson-WC</pc>
<np>Stevenson;JJM</np>
<!-- Note:b:Lucky Strike-->
<!-- Note:co:Marginalia-->
<!-- Note:ci:10004026-->
<!-- Note:rn t="m":Attached to a Responsive Document-->
<pg>1</pg>
<!-- Note:ag:60041359-->
<!-- Note:dl:19981123-->
<bt>970028682</bt>
<!-- Note:br t="a":ATX040247050/ATX040247050-->
<dl>20020201</dl>
<ot>March 2, 1984
B. W. C. Roberts, Community Relations Coordinator - Durham Branch
.7. J. Mellett - Media Manager
Attached is the LUCKY STRIICE Filter mechanical and package art
work for our painted siqn at the Durham athletic Park for the
period 4/1/84 - 3/31/85. Also enclosed is a copy of the signed
contract. .
Futher attached to this memorandum is:
1. Your memorandum of 11/3/83 showing the approval
for this buy
2. Authorization # M-6 showing that the necessary
dollars have been made available in the budget
After the sign has been painted to your satisfaction you can pay
the contractor and then submit to this office an N.Y.O. 60
Attn.e Mr. Stevenson. (Attached for your information is a copy of
the N.Y.O. 60 submitted for last year sign 4/1/83 - 3/31/84)
Please forward to me a photograph of the sign after it has been
completed.
Attachements
9CA'w'[i! L)i!N
cc: Mr. W. C. Stevenson

pgNbr=1
</ot>
</LTDLWOCR>
