<?xml version="1.0" encoding="ISO-8859-1"?>
<LTDLWOCR>
<tid>aah03e00</tid>
<bt>2044801454</bt>
<!-- Note:br t="m":2044801453/1456-->
<dd>19860821</dd>
<dt>LETT, LETTER</dt>
<au>POWERS,JE</au>
<rc>CUCCIA,AF; DODSON,RM; OWENS,DE; SANFORD,BW; STURM,ME; WALLACE,MC</rc>
<pc>BIRLIN,L</pc>
<np>SABELLA,S</np>
<ca>RJR, R.J.REYNOLDS</ca>
<!-- Note:pa1:2044801453/2044801463&lt;/pa1-->
<!-- Note:s:SALES USA/CARLSTADT-->
<ti>REVISED SS-3 CONTRACT</ti>
<pg>1</pg>
<!-- Note:rn t="m":STMN/R1-004; STMN/R1-037-->
<!-- Note:lu:STMN/PRODUCED-->
<!-- Note:dl:19980605-->
<dl>20020201</dl>
<ot>J. E I'owbrs
ti~tin MurchanA~s~r}q fvliirt~g0r
M,rf�('n+lt~nf~nt S~ll~i!1 Arh,y~
August 21, 1986
B. W. SANFORD
A. F. CUCCIA
R. M. 170D$ON
D. E. OWENS
M. E. STURM
M. C. WALLACE
Subject; Fieyised S; ,3 Contract
Gerttlemen:
R.J. Raynalds Tobacco Company
17000 Dall,,t;) Parkw3y Nortfl
Sutte 214
balIAS, Texas 75248
Attached is the revised SS-3 contract which has been
incxeased to equal our SS-1 monies. These new rates will
be effective in the Pay Register beginning October 1, 1986.
~
You will not receive any further correspondence ori
this so
you will need to copy the� attat~hed contract for distribution
to your t]ivision Manaqers.
If you have an}, questions, please advise.
Sincerely,
d' SXD SiQ/3S;J3S/e3d tfO:ST 98, E2 d3S
T 'd
pgNbr=1
</ot>
</LTDLWOCR>
