<?xml version="1.0" encoding="ISO-8859-1"?>
<LTDLWOCR>
<tid>aaa18d00</tid>
<bt>2070163951A</bt>
<!-- Note:br t="m":2070163951/3951A-->
<dd>19950915</dd>
<dt>EMAI, E-MAIL</dt>
<au>POWE,E</au>
<rc>JONES,L; KNIGHT,G</rc>
<pc>GIOVINGO,J</pc>
<no>LOR, LORILLARD</no>
<!-- Note:co:MARG, MARGINALIA-->
<fn>2070163887/2070164124/MISSING</fn>
<!-- Note:si:N361-->
<!-- Note:s:PADOAN,ART/CARLSTADT-->
<ti>LORILLARD NEW PRODUCT</ti>
<pg>1</pg>
<!-- Note:lu:FEDA/PRODUCED-->
<!-- Note:dl:20011015-->
<!-- Note:b:OLD GOLD-->
<dl>20020709</dl>
<ot>From: Powe, Ernest on Fri, Sep 15, 1995 11:18 AM
Subject: LORRILARD NEW PRODUCT
To: Jones, Lance; Knight, Glen
Cc: Giovingo, Jan
Glen,
I just recieved some information on a new product that Lorrilard is presenting to chain accounts. It
appears that they are re-positioning their'OLD GOLD' brand as a discount cigarette. The new
product will be coming out in November. They will be introducing the brand with .30 cents pack
coupons. From what I am told the packaging is completely new and different. That's all I have right
now, should I get any other information I'll let you know.
Regards,
Ernest

pgNbr=1
</ot>
</LTDLWOCR>
