<?xml version="1.0" encoding="ISO-8859-1"?>
<LTDLWOCR>
<tid>aag60e00</tid>
<bt>91794610</bt>
<dd>19850809</dd>
<dt>LETT, LETTER</dt>
<au>CHERRY,JR</au>
<rc>OTOOLE,J</rc>
<pc>AVE,JR; MARTIN,JT; NORTHRIP,RE; STEVENS,AJ; WHITE,Q</pc>
<np>WHITE,Q</np>
<ca>LOR, LORILLARD</ca>
<cr>FOOTE, FOOTE, CONE AND BELDING</cr>
<fn>91794583/91794621/CONTINGENT LIABILITIES - REGISTER@ 91794584/91794620/CORPORATE MATTERS CONTINGENT LIABILITIES - REGISTER</fn>
<!-- Note:si:N14-->
<!-- Note:s:LEGAL DEPT FILE ROOM-->
<pg>1</pg>
<!-- Note:rn t="m":R1-004-->
<!-- Note:lu:STMN/PRODUCED-->
<!-- Note:dl:19980605-->
<dl>20020201</dl>
<ot>zz
JAMES R. CMERRY, JR.
VICE PRES4DENT�OERlTZ'
6ENERU;COUNSEL
212 / e+/1,8658
August 9, 1985
AUG 1 5 '(985
Mr. John 0`Toole
Chairman of the Board
Foote, Cone &amp; Belding!
Communications, Inc.
101 Park Avenue
New York, NY 10178
Dear,John:
Pursuant to discussions with Quincy White, Esq.
concerning indemnification, I have enclosed a letter
to you~which will substitute for my June 5, 1985
letter to you.
Yours very truly,
/f ''`t~
James R. Cherry
JRC : pd~
Enclosure
cc: Mr. J.R. Ave
A.J. Stevens, Esq.
Q. White, Esq.
bc:. R.E. Northrip, Esq.
,,d:T. Martin, Esq.
pgNbr=1
</ot>
</LTDLWOCR>
