<?xml version="1.0" encoding="ISO-8859-1"?>
<LTDLWOCR>
<tid>aaz10e00</tid>
<bt>87639575/9576</bt>
<dd>19890510</dd>
<dt>LETT, LETTER</dt>
<au>POLLICE,L</au>
<rc>AVE,JR</rc>
<np>AVE,JR</np>
<ca>CTR, COUNCIL FOR TOBACCO RESEARCH</ca>
<cr>LOR, LORILLARD</cr>
<no>CTR BOARD OF DIRECTORS; CTR, COUNCIL FOR TOBACCO RESEARCH</no>
<!-- Note:co:MARG, MARGINALIA-->
<fn>87639385/87639875/TIEC MEETINGS 890000; 87639386/87639577/TIEC MEETING - NYC 890615 - STANHOPE HOTEL; </fn>
<!-- Note:si:N2-->
<!-- Note:s:AVE,J.ROBERT/LEGAL DEPT FILES-->
<pg>2</pg>
<!-- Note:lu:TXAG/PRODUCED-->
<!-- Note:dl:19990419-->
<dl>20020201</dl>
<ot>THI: COUNCIL FOR 'I'OBACCO RESEARCH-U.S.A., INC.
900 TIiIRD AVENUE
NEW YORK, N. Y. 10022
May 10, 1989
Mr. J. Robert Ave
President
Lorillard, Inc.
One Park Avenue
New York, NY 10016
Dear Mr. Ave:
A meeting of the Board of Directors of The Council will be held
on Thursday, June 15, 1989 at 2:00 P.M. in the offices of The Council at 900
Third Avenue, New York, NY.
Sincerely,
C OK.t&lt;. vt- It-�cL
orraine Po icc
Secretary
pgNbr=1
~EC ~lVE E.1
J. Cir'r r ~' ! r
v
~ ~ ~.f, ,~r.
pgNbr=2
</ot>
</LTDLWOCR>
