<?xml version="1.0" encoding="ISO-8859-1"?>
<LTDLWOCR>
<!-- forcebtag -->
<tid>aat92d00</tid>
<bt>515594557</bt>
<au>JONES DAY</au>
<bx>RJR3165</bx>
<dd>19930128</dd>
<dt>DRAFT;FORMAL LEGAL DOCUMENT</dt>
<!-- Note:co:Y-->
<!-- Note:dl:19980227-->
<pg>1</pg>
<!-- Note:rn t="m":MINNESOTA 1RFP119;TEXAS INITIAL DISCLOSURE-->
<!-- Note:sh:19961231-->
<!-- Note:s:LAW;SMOKING &amp; HEALTH-->
<ti>KUEPER V. R. J. REYNOLDS TOBACCO CO., ET AL CAUSE NO. 91-L-734 TRIAL EXHIBIT INDEX PX14B. FOR RELEASE: FRIDAY A.M., NOVEMBER 27, 1959 (591127). COMMENTING ON THE STATEMENT BY SURGEON GENERAL BURNEY ON ""SMOKING AND LUNG CANCER,"" JAMES P. RICHARDS, PRESIDENT OF THE TOBACCO INSTITUTE, DECLARED THAT THE ARTICLE IGNORES THE BALANCED EVIDENCE REVIEWED IN THE SURGEON GENERAL'S OWN PAPER.</ti>
<dl>20020201</dl>
<ot>FRM HffLL AND IQTOWLTaN, IldC., 1000 - 167H ST., N.W., WASHINOTON 6, D.C. ST 3-0270
FORt TFCr TaBACCO INSTITU'!E, INC., 910 - 17TFi ST., N.W., WASHINGTON 6, D.C.
~ PLAINTIFF'S
tL!IB T
FOR RELEASEs FR?DAI A.M., NOVEl= 27, 1959
Conmtenting on the statement by Surgeon General Burney on "Smoking
and Lung Cancer," James P. Richards, president of The Tobacco Institute,
declared that the article ignores the balanced evidence reviewed in the Surgeon
General's own paper.
Mr. Richards saids
"Onr people in Washington have reviewed Dr. Burneyss press release
and the article on which it was based.
"It is difficult to understand how Dr. Burney can review so much
of the evidence, so clearly admit the lack of laboratory or scientific evidence
to support the time-rworn naich criticized statistical charges against smoking and
yet come up with such extreane and nnwarranted concluaions.
"By largely ignoring the balanced evidence reviewed in his own
scientific paper and svraaarizing his opinions with so little regard for that
evidence.. he has performed a real disservices not jnst to 65 million smokers
and the millions of Americans engaged in the tobacco business in one way or
anot2ber, but to the public as a Whole.
"Dut�ing the months we have been hearing about this new study of old
findings by the Surgeon Oeneralss office, we had hoped that repeated assnrances
of fair play xoald be borne out. It is obvious they have not."
rJ (!-rJ ~-1 ~"i ~_'/
-30-
T1047:2
11/26/59 tI Ku 000016796
pgNbr=1
</ot>
</LTDLWOCR>
