<?xml version="1.0" encoding="ISO-8859-1"?>
<LTDLWOCR>
<!-- forcebtag -->
<tid>aah75d00</tid>
<bt>504034963/4964</bt>
<rc>FORTUNE S;1330</rc>
<au>MCCABE TJ;RJR</au>
<bx>RJR2558</bx>
<!-- Note:b:SALEM-->
<pc>WHITTLE C;1330</pc>
<dd>19840228</dd>
<dt>LETTER</dt>
<!-- Note:co:N-->
<np>RJR</np>
<!-- Note:dl:19980227-->
<pg>2</pg>
<!-- Note:rn t="m":MINNESOTA 1RFP93-->
<!-- Note:sh:19961129-->
<!-- Note:s:MARKETING;MEDIA;CARPENTER BG;BRAND PLANNING MGR-->
<ti>RJR/MOVIEGOER.</ti>
<!-- Note:tp:YOUNG ADULT SMOKING-->
<dl>20020201</dl>
<ot>R.J.Reynolds Tobacco Company
Winston-Salem, N.C. 27102
Thomas J. McCabe
Group Media Planning Manager
�J�
n n
February 28, 1984
Ms. Sara Fortune
13-30 Corporation
505 Market Street
Knoxville, TN 37902
SUBJECT: RJR/Moviegoer
Dear Sara :
Confirming our conversation, we would like to review several executional
areas in connection with R. J. Reynolds sponsorship of Moviegoer. These
relate to items specifically covered in the contract as wel-l-as elements
included in the original presentation.
Monitoring
The original proposal outlines the following monitoring system: 1) the
detailing force will be required to complete weekly forms, 2) monthly calls
will be made to each theatre's management to check that distribution is in
order, 3) quarterly visits will be made by 13-30 full-time field operations,
4) periodically, cards will be inserted in the magazines and the response
will be monitored on a market by market basis.
We do not need or want a great amount of detail in connection with this
monitoring. However, we would like to have a quarterly update supported
by a current list of markets, theatres, circulation, etc.
Research
The contract calls for field research each year to validate audience
composition i.e. 50% of copies received by male readers and 50% received
by adults 18-29 years. This research is budgeted within total yearly
cost to RJR. The contract also provides that RJR shall have the right to
cancel sponsorship without penalty in the event that Moviegoer does not
provide these demographics.
While male audience delivery is less important based on SALEM's dual
audience target, we feel that i.t is important to validatte the 18-29 audience
delivery. Further as in the 1983 study, this research should also update
audience delivery of Moviegoer as compared to general magazines. Accordingly,
we would like to move ahead with the 1984 phase of this research. 13-30
and RJR research groups should coordinate with t he objective of having
updated research available by mid-year.
pgNbr=1
Cost Estimates for Year Ahead Schedule
Contract provides that estimates of cost for the following year shall be
provided to RJR by March 1 of the preceding year. The limit on this
increase is related to the Consumer Price Index with a maximum of 12.25%.
The contract also provides that cost of production and distribution are
based on bids/estimates from outside suppliers. Because we have not
received an estimate for 1985 costs, we are assuming that we will have a
30-day period in which to review and approve projected costs for 1985.
Further, in the event that any savings in production, paper, etc. can be
achieved, we will assume that these will be passed on to RJR in the form
of reduced costs.
Subscriptions
The original proposal called for testing a self liquidating subscription
offer in the pages of Moviegoer. Based on our information, this has not
been developed. Since this circulation would not increase cost to RJR,
we would like to pursue this concept. -
Staffing of Field Operations
The original proposal and budget called for a staff of 4 full-time people
in field operations plus 3 full-time account services and 100-150 part-
time field people. The total budget for this field operation was $600,000
yearly. We would like a summary of current field staffing on Moviegoer
as well as a determination as to whether this work has or can be achieved
at lower costs.
Rental Fees to Theatres
$400,000 yearly is budgeted for rental space and storage of magazines.
Any savings on this item are to be credited to RJR if not required to cover
an overrun expense in another area. We would like to have an update on
this. --
Sara, please understand this review of monitoring needs in not a list of
grievances. Our objective is to gain a better understanding of the circulation,
audience values and awareness of RJR advertising that is being generated by
Moviegoer.
We look forward to working with you on this property.
Thanks for your help.
Best regards,
Tom J. McCabe
TJM:cjc
cc: Chris Whittle - 13-30
pgNbr=2
</ot>
</LTDLWOCR>
