<?xml version="1.0" encoding="ISO-8859-1"?>
<LTDLWOCR>
<tid>aar85c00</tid>
<bt>2073858630</bt>
<!-- Note:br t="m":2073858629/8631-->
<dd>19940729</dd>
<dt>EMAI, E-MAIL</dt>
<au>HAN,V</au>
<rc>CARRARO,T; DARAGAN,K; LENZI,J; MCCORMICK,B</rc>
<pc>HAVILAND,I; LAUFER,D; MERLO,E; MOORE,ME</pc>
<np>LENZI,J; MOORE,ME</np>
<no>DRUG ABUSE SCIENCE ADVISORY COMM; FDA, FOOD AND DRUG ADMINISTRATION</no>
<fn>2073858569/2073858645/ISSUES: FDA SCIENCE ADVISORY BOARD 000801 - 000802</fn>
<!-- Note:si:N329-->
<!-- Note:s:BORELLI,TOM/CARLSTADT-->
<ti>FW: HEARINGS</ti>
<pg>1</pg>
<!-- Note:lu:FEDA/PRODUCED-->
<!-- Note:dl:20020815-->
<dl>20021209</dl>
<ot>~01355~6630
Page 7
Note for Lenzi, Jack
From: Han, Vic
Date: Fri, Ju129, 1994 10:32 AM
Subject: FW: HEARINGS
To: Carraro, Tara; Daragan, Karen; Lenzi, Jack; McCormick, Brendan
cc: Haviland, Ingrid; Laufer, David; Merlo, Ellen; Moore, Mary Ellen
We are still working out some details re: phone lines but Mary Ellen will be getting all the
details and process to you as soon as everything's set. While our activity has been pointed at
Tuesday's FDA meeting, Monday may actually be the big day if not a big day. I will be in
contact with Jack as the hearings proceed so you guys can communicate with internal
audiences should you believe it necessary. One thing to keep in mind through all of this, the
FDA's Drug Abuse Science Advisory Committee has no regulatory authority. Nothing they
say or do should be construed in any way as final agency action. As its name implies, it
operates only in an advisory capacity.
pgNbr=1
</ot>
</LTDLWOCR>
