<?xml version="1.0" encoding="ISO-8859-1"?>
<LTDLWOCR>
<tid>aag53e00</tid>
<bt>2047663743</bt>
<!-- Note:br t="m":2047663743/3746-->
<dd>19910829</dd>
<dt>LETT, LETTER</dt>
<au>DONAHUE,DW</au>
<rc>GILLER,FB</rc>
<pc>BIANCHI,RF; NIMS,MA; WALL,CR</pc>
<np>BIANCHI,R;  WALL,C</np>
<ca>RJR, R.J.REYNOLDS</ca>
<cr>LS</cr>
<no>CSD;  LRD</no>
<no>LS; PM, PHILIP MORRIS</no>
<!-- Note:pa1:2047663743/2047663746&lt;/pa1-->
<fn>2047663356/2047663907/LS, INC. C.R.W.@ 2047663357/2047663906/LS, INC. C.R.W.</fn>
<!-- Note:si:N328-->
<!-- Note:s:WALL,CHARLES/SEC'Y FILES-->
<pg>1</pg>
<!-- Note:lu:STMN/PRODUCED-->
<!-- Note:dl:19990131-->
<dl>20020201</dl>
<ot>W
PIM l =~ ~,
~.,'~:, ~,~
DANIEL W. DONAHUE
Vice President and
Deputy General Counsel -
Litigation
August 29, 1991 Winston-Salem, NC 27102
919-741-0656
FAX 919-741-0671
Frederick B. Giller, Ph.D.
President
LS, Inc.
800 Second Avenue
New York, NY 10017
Dear Fred:
Enclosed find an interim status report which I have received from
Ron Bianchi. I would appreciate your taking a look at it and
letting Ron or me know if it reflects any misunderstandings.
I would particularly be interested in your reactions to Ron's
suggestion as to the six objectives which should continue to be
pursued. I have indicated to Chuck Wall that it seems appropriate
to eliminate the CSD/LRD distinction and in its place consider some
alternate funding which, in principle, would require market share
contributions for building and maintaining the database (accessing,
analyzing, and coding and storing the literature) and some sort of
a user-based fee for responding to requests. To that end, I would
appreciate your opinion as to the relative cost of those two
activities.
Again, we continue to appreciate the help and assistance which you
and your staff have continued to give to us during the course of
this important effort.
		Very truly yours,	
		Daniel W. Donahue	i~
			�
			~
DWD:pag			
~
			~
Enclosure			
~

cc: Ronald	
F.	
Bianchi, Esq.	W
~
Michael	A.	Nims, Esq.	~
1--Charles	R.	Wall, Esq.	W
"We work for smokers."
pgNbr=1
</ot>
</LTDLWOCR>
