<?xml version="1.0" encoding="ISO-8859-1"?>
<LTDLWOCR>
<!-- forcebtag -->
<tid>aam90a00</tid>
<ti>-- No Title --</ti>
<dt>Letter</dt>
<dt>Correspondence</dt>
<dd>19791207</dd>
<au>Silverstein-P, American Burn Association</au>
<rc>Rosenthal-SR, University Of Illinois</rc>
<!-- Note:ci:10004026-->
<!-- Note:rn t="m":79-->
<pg>1</pg>
<!-- Note:ag:60049401-->
<!-- Note:dl:19981123-->
<bt>950771496</bt>
<!-- Note:br t="a":ATX02 0140655/ATX02 0140655-->
<dl>20020201</dl>
<ot>A =r4ran 7um
December 7, 1979
Sol Roy Aosenthal, M.D., Ph.D.
Pro�essor of Freventive Medicine and
Community Health C, Univ. of Illinois
Box F
Rancho Santa Fe, California 52067
Dear Doctor Rosenthal:
I read with interest the copy of voui ietter `_or,arded
to the Pmerican Burn Association cescr bing your
patented techniaue =or creating self-extinguishing
cigarettes within the realm of A^.erican tobacco science.
As Chairman of the Burn Prevention Conrtittee of the
American Burn Association. Z certainly endorse your
invention and hope that the Anerican tobacco industry
will recognize its iapertance; not only in reducing
tar and nicotine inhalation, but also in its ability
to reduce the fire hazard if a cigarette should self-
extinguish within five oinutes if not suifed. 3s I aa;
sure you kncw, we are supporting wholehe_rtediy _ep-
'resentative Joe Moakley's Bill HP.-5504 entitlet "A
Cigarette Sanety Act", and look for.'ard to its dis-cussion in Congress in the next session.
if I may be of further service to you, please do not
hesitate to call or write.
Sincerely,
Paul Silverstein, y. D.
Chair.nan
Burn Prevention Coaanittee
Ps:sb
ATX02 0140655
pgNbr=1
</ot>
</LTDLWOCR>
