<?xml version="1.0" encoding="ISO-8859-1"?>
<LTDLWOCR>
<tid>aag94e00</tid>
<bt>1004863747</bt>
<dd>19740904</dd>
<dt>LETT, LETTER</dt>
<au>WAKEHAM,H</au>
<rc>YARD,AS</rc>
<pc>OSDENE,TS</pc>
<np>OSDENE,TS</np>
<cr>HOFFMAN - LA ROCHE</cr>
<no>HOFFMAN - LA ROCHE</no>
<!-- Note:co:ATCH, ATTACHMENTS MISSING-->
<!-- Note:si:R37-->
<!-- Note:s:WAKEHAM,HELMUT/PERMANENT STORAGE-->
<pg>1</pg>
<!-- Note:rn t="m":STMN/R1-004; STMN/R1-150-->
<!-- Note:lu:STMN/PRODUCED-->
<!-- Note:dl:19980605-->
<dl>20020201</dl>
<ot>K
&lt;
f
t
Dr. Ai1ae S. Yard, Dirsctcr '~p'�-
Academic and Goveroment liaison
Hoffmaaa-- La Roche Inc.
Nutley, Nmx Jersey ; 0711
0
Dear Dr. Yard:
OW: ~ h
Enc osure
ees Dr. T. S. Osdene
:!~."-.=...._ .
September 4, 1974
,
a
Y
i
~
Y
4

6\1!
W
!f
d
pgNbr=1
</ot>
</LTDLWOCR>
