<?xml version="1.0" encoding="ISO-8859-1"?>
<LTDLWOCR>
<tid>aaf55c00</tid>
<bt>2075764130</bt>
<!-- Note:br t="m":2075764125/4155-->
<dd>19980918</dd>
<dt>LETT, LETTER</dt>
<au>PATTON,NH</au>
<rc>DEMPSEY,B</rc>
<pc>JAMAIL,GM</pc>
<np>HUBER,G; JAMAIL,GM</np>
<ca>PATTON TIDWELL</ca>
<no>RJR, R.J.REYNOLDS</no>
<!-- Note:co:ATCH, ATTACHMENTS MISSING-->
<fn>2075763918/2075764437/MISSING</fn>
<!-- Note:si:N630-->
<!-- Note:s:MULDERIG,JOHN/CARLSTADT-->
<ti>THE STATE OF OKLAHOMA, ET REL., V. R.J. REYNOLDS TOBACCO COMPANY, ET AL NO. 98-1032-A</ti>
<pg>1</pg>
<!-- Note:lu:FEDA/PRODUCED-->
<!-- Note:dl:20020819-->
<dl>20021209</dl>
<ot>SEP 2j ~ra I2:27PM~ SUSl,~'
RN G
ser i i ~- O
x ..,-~..
DFREY LLP 314 552 7000 TO 9121c75ai9
�
,
..
..a,~
~_~..,.
~. , P.6i31
SEF 18 98 c,o..,,.Pfh
09/18/98 FEI 11520 FaI YO]7828233
PaT1'ON Lae oFFIeB
Q002
. PATTON, TIDWELL, SANDEI'CTR &amp; PADDOCS, LLJi'
wrmaamnswrsww
av" IDuawis Cert.r



LaNSa	6100 SuneeeNLL Ra.d
8NlAE4eeBee!]98
ZWL0wW062X73SOS.Sl9i	


ebephoaa 90.t~ ~
_.:..~
Caewry C. S.adeWr
8r.d9 PadAxY
Ctuisty?aaaeeu		
Faedmik: 901p9D,g=3,3
September 18, 1988
Ms. Becky Dempsey
Smith County District Clerk
P.O. Box 1077
Tyter, Texas 75710
Re: The State of pklahoma, et ref.,,v. R.J. Revnolds Tobacco Company, ef ai
No. 98-1032 A
Dear Ms. Dempsey;
Enclosed herewith please find an original and two eopies of (1) Motion to
Compel Dr. Gary Huber for Deposltlon; (2) proposed order 'granting Motion to
Compel; and (3) a proposed order setting hearing date. Please retum a oopy of the
motion with your file-mark noted then:on via my runner.
By copy of this letter, a copy of this document has been 'forwarded to Geo.
Michael Jamaii.
Your attention to this matter is appreciated.
8incerely yours,
NlChotas "H. Patton
N Plip
Enclosures
cc- Mr. Geo. Michael Jarnail
I

pgNbr=1
</ot>
</LTDLWOCR>
