<?xml version="1.0" encoding="ISO-8859-1"?>
<LTDLWOCR>
<!-- forcebtag -->
<tid>aay75d00</tid>
<bt>503856814/6815</bt>
<rc>PERFETTI PF</rc>
<au>RJR;PARKER JF</au>
<bx>RJRC4135</bx>
<pc>LEEPER GF</pc>
<dd>19840910</dd>
<dt>LETTER</dt>
<!-- Note:co:N-->
<!-- Note:dl:19980227-->
<pg>2</pg>
<!-- Note:rn t="m":MINNESOTA LETTER REQUEST 19970311;CASTANO 1RFP1-->
<!-- Note:sh:19970515-->
<!-- Note:s:R&amp;D;TOB SMOKE RESEARCH;PERFETTI PF;R&amp;D CHEMIST-->
<ti>AMMONIATION DATA FROM G-7 OPPORTUNITIES PROJECT.</ti>
<!-- Note:tp:SMOKING BY-PRODUCTS-->
<dl>20020201</dl>
<ot>			SELECTED RESPONSY'S FROM G- 7 I)ATA	
TPD-N0	K	NH3 NIC	PH	NITRATE TSUGAR NH3A NICA PHA	TSUGARA
------	----	---	----	----	-------	------	----	----	----	-------
271	6.72	.15	1.27	5.63	3.25	8.9	.63	1.14	6.15	3.94
272	7.44	.19	1.21	5.82	4.35	6.8	.71	1.12	6.39	2.51
273	4.04	.09	.7	8 5.59	1.32	4.3	.65	.72	6.66	2.48
274	7.43	.13	1.0	5 5.51	4.01	6.2	.58	.98	6.55	2.95
275	4.35	.08	.7	1 5.31	1.68	5.2	.59	.56	6.16	2.51
276	4.81	.08	.6	2 5.22	T.72	5.4	.59	.56	6.66	2.83
277	5.20	.07	.8	9 5.51	2.04	5.7	.57	.87	6.50	2.67
278	5.36	.11	.9	3 5.51	2.25	6.1	.57	.87	6.50	2.67
279	5.24	.11	.9	1 5.50	2.29	7.7	.57	.87	6.50	2.67
September 1984

pgNbr=1
Interof fice Memorandum
SUBJECT: Ammoniation Data DATE: September 10, 1984
from G-7 Opportunities Project
TO: Ms. P.F. Perfetti FROM: J.F. Parker
In the attached table I have compiled the data that we collected that seemed to be of in-
terest to you during our initial phone conversation. The first data listed for each test
number (TPD) is before ammoniation. The columns containing a heading followed by "A"
represent the same G-7's after ammoniation.
Should you need further information on this data, or additional info on the physical,
chemical, or smoking qualities of these G-7's, please call me.
Xc: Dr. G.F. Leeper

pgNbr=2
</ot>
</LTDLWOCR>
