<?xml version="1.0" encoding="ISO-8859-1"?>
<LTDLWOCR>
<tid>aag53a00</tid>
<bt>2063785640</bt>
<!-- Note:br t="m":2063785640/5642-->
<dd>19980722</dd>
<dt>FORM, FORM</dt>
<dt>LETT, LETTER</dt>
<au>TEPIKIAN,BR</au>
<rc>BERLIND,MH; STONE,GP</rc>
<ca>SHB, SHOOK,HARDY &amp; BACON</ca>
<no>SHB, SHOOK,HARDY &amp; BACON</no>
<fn>2063785334/2063785847/PROP 65</fn>
<!-- Note:si:N868-->
<!-- Note:s:BERLIND,MARK/SEC'Y FILES-->
<ti>FAX COVER</ti>
<pg>1</pg>
<!-- Note:lu:FEDA/PRODUCED-->
<!-- Note:dl:20031015-->
<dl>20031115</dl>
<ot>1UL, 22, 1996 12:42PM
Fax
COVER
LAW OFFICES SSOOK, HARDY &amp;. BACON L.L.P..
One Kansas City Place
12001YIain Street
Kansas City, Missouri 64105-2118
Telephone (816) 474-6550 � Facsimile (816) 421-2708
N0, 5229 P. 1/3
FAX
COVER
TO: MARK IL BERLIND, ESQ. TELECOPY NO: 212-907-5707
TO: GREGORY P. STONE, ESQ. TELECOPY NO: 213-687-3702
FROM: BItIICE R TEPIHIAN, ESQ. #: II35
DATE: JULY 22,1998 TIME: (Ar,Gi
SIiB Client Matter No.: 47754
Pages transmitted including cover sheet:
ORIGINAL DOCUMENT WILL NOT FOLLOW.
Special Tnstructions:
If you experience any problems, please call extension Z1000.
OPERATOR:
COMMENTSIMESSAGE:
Dear Mark and Greg:
Per our conference, attached please find the model Indemuification letter used for wholesalers and
retailers.
Bruce
CoNFIDEM7A1ST9 NOrit~.': The doWmrnu axompanyins dtis rakcapy irenamission cunWirt wnfidenuil inforrusdon belongng to the sender which is legally
prWeped. 7Le infoannuoo is ialendedoelyfor the me of thc individual(s) orenshy(ies) nemed above. If you sre not the intrnded reoipient, you are berebymlified dw
anydiu]asorqwpyiaydisrobudanarthelakin~oFanyurioainrci�nceaniheaontentsofihisklewpiedinformadonisaMcdypmldbited. Cfyoahrverecoivedfhie
teleeopylnertor. Please immcdiatefym$fy us by mlephoac tn snan~e forret~nn of dte original dosomenssto us.

pgNbr=1
</ot>
</LTDLWOCR>
