<?xml version="1.0" encoding="ISO-8859-1"?>
<LTDLWOCR>
<tid>aai25c00</tid>
<bt>2078640355</bt>
<!-- Note:br t="m":2078640339/0360-->
<dd>19990000/E</dd>
<dt>SCRT, REPORT, SCIENTIFIC</dt>
<dt>CHAR, CHART, GRAPH, TABLE, MAPS</dt>
<!-- Note:si:R479-->
<!-- Note:s:DWYER,BILL/COMPUTER FILES-->
<ti>MAINSTREAM SMOKE MASSACHUSETTS NICOTINE DETERMINATION - FOUR COMPANY GRAND AVERAGE AND STD. DEV. (BASED ON INDIVIDUAL DATA POINTS)</ti>
<pg>1</pg>
<!-- Note:lu:FEDA/PRODUCED-->
<!-- Note:dl:20020905-->
<!-- Note:b:BASIC; BENSON &amp; HEDGES; CAMEL; CAPRI; CARLTON; DORAL; GPC; KENT; KOOL; MARLBORO; MERIT; MERIT ULTIMA; MORE; NEWPORT; NOW; PARLIAMENT; SUPERSLIMS; TRUE; VIRGINIA SLIMS; WINSTON-->
<dl>20021209</dl>
<ot>Mainstream Smoke Massachusetts Nicotine Determination - Four Company
Grand Average and Std. Dev. (based on individual data points)
Basic King NF SP
Benson &amp; Hedges100 F SP LT Men
Camel King F HP LT Wides
Camel REG NF SP
Capri 100 F HP Ultra-LT
Carlton 100 F HP LT
Carlton 100 F SP LT
Doral 100 F SP Ultra-LT
GPC King F SP Ultra-LT
Kent 100 F SP
Kool King F SP Mild Men
Kool King F SP Men
Marlboro King F SP
Marlboro King F SP LT
Marlboro King F HP Lt
Marlboro King F HP
Merit King F SP Ultima
More 120 F SP Men
Newport 100 F HP Men
Newport King F SP Men
Now King F SP
Parliament 100 F SP LT
True King F SP
Virginia Slims 100 F HP Ultra-LT Slim
Virginia Slims 100 F HP Sup-Slim
Winston King F SP
Mainstream Benzene
Mainstream Nicotine (mg/cig) Yield (Ng/cig) Predictive Interval -95"/0
Averaoe	Std. Dev. Averaoe	Std. Dev. Lower	UDDer
3.3	0.1	105.9	5.0	46.9	133.2
1.8	0.1	95.5	3.1	43.0	114.3
1.8	0.1	89.8	7.5	43.4	114.7
3.0	0.1	71.4	4.8	51.9	129.2
1.3	0.1	33.6	4.4	30.6	101.7
0.6	0.1	47.1	8.2	5.0	80.7
0.6	0.1	43.3	3.3	6.2	81.5
1.0	0.0	93.4	8.2	23.0	94.5
0.9	0.2	66.1	4.0	19.9	91.7
2.2	0.1	85.9	4.5	48.9	120.2
1.7	0.1	71.4	5.1	40.3	111.5
2.3	0.1	95.0	5.3	50.4	121.8
2.1	0.1	86.0	9.0	48.4	119.7
1.6	0.1	77.6	4.8	39.2	110.5
1.5	0.1	84.5	10.5	37.6	108.7
2.1	0.1	72.4	3.5	47.7	119.0
0.5	0.1	33.3	2.0	3.5	79.7
2.3	0.2	103.1	5.9	50.8	122.3
2.7	0.2	84.0	7.2	53.0	126.0
2.3	0.1	85.7	8.3	50.9	122.4
0.6	0.0	42.5	3.8	7.9	82.6
2.0	0.1	74.2	10.8	46.6	117.9
1.2	0.1	59.3	8.6	29.7	100.7
1.3	0.1	60.7	2.7	30.8	101.8
1.2	0.1	28.0	2.7	28.3	99.4
1.9	0.1	85.4	4.3	44.7	116.0

pgNbr=1
</ot>
</LTDLWOCR>
