<?xml version="1.0" encoding="ISO-8859-1"?>
<LTDLWOCR>
<tid>aay53c00</tid>
<bt>99329049</bt>
<dd>19981127</dd>
<dt>MEMO, MEMORANDUM</dt>
<au>BARGER,N</au>
<rc>COPES,C; FAIRCLOTH,K</rc>
<pc>FAIRCLOTH,K</pc>
<np>COPES,C</np>
<ca>LOR, LORILLARD</ca>
<cr>LOR, LORILLARD</cr>
<!-- Note:co:MARG, MARGINALIA-->
<fn>99328980/99329165/MISSING; 99329026/99329075/NEWPORT NON-MENTHOL 2ND QTR WORK PLAN 99-002R</fn>
<!-- Note:si:G93-->
<!-- Note:s:SALES PROMOTION/BASEMENT GMP-->
<ti>NEWPORT NON-MENTHOL 2ND QUARTER POS LIST - REVISION</ti>
<pg>1</pg>
<!-- Note:rn t="m":R1-056-->
<!-- Note:lu:FEDA/PRODUCED-->
<!-- Note:dl:20020410-->
<!-- Note:b:NEWPORT-->
<dl>20030115</dl>
<ot>Corporate Office:
714 Green Valley Road
Greensboro, NC 27408
Memo
T� CARLA COPES
From: NATALIE BARGER 44~
Date: 12/07/98
Re: NEWPORT NON-MENTHOL 2N� QUARTER POS LIST - Revision
Attached are the mechanicals and disks for the NP Non-Menthol 2 quarter POS items. Currently the followin
items are available: -11 )( j
ITEM
EXCEL 8 WIDE RISER CARD
4 WIDE EXCEL BACK LIT HEADER-GM
4 WIDE EXCEL BACK LIT HEADER - UC
6 WIDE EXCEL BACKLIT HEADER-GM
6 WIDE EXCEL BACK LIT HEADER-UC
8 W1DE EXCEL BACK LIT HEADER-GM
8 WIDE EXCEL BACK LIT HEADER - UC
kf ,1 e , t A
4 WIDE EXCEL CHANNEL STRIP (1 SIDED)
6 WIDE EXCEL CHANNEL STRIP (1 SIDED)
8 WIDE EXCEL CHANNEL STRIP (1 SIDED) {}}~~~JJJ1~
SMALL BURST-GM })~~~ ,
i nnin oro1o!niAr coou.I~i nAn /a cincn 1%
_ ,. _._-_, I
MAGNETIC SIGN/LARGE POSTER-G ,`M
MAGNETIC SIGN/LARGE POSTER - UC ~
NNEL HOLDER PANEL i Sl
E P
O
S C
D
UBL
O
HA
$5 PROMO CTR CARTON STRIP (2 SIDED)
$5 MODULAR CARTON STRIP (2 SIDED)
$5 EXCEL PROMO CTR CHANNEL STRIP (2 SIDED)
$5 LOR CTN FIX CHANNEL STRIP - HALF (2 SIDED)
EXTERIOR COREX SIGN
The 4 and 6 wide Excel riser cards are reprints from MarlApr - these mechanicals and artwork were turned into
production 11/18/98.
~10
We are still waiting on the Enhanced display and Enhanced display Risers for GM and UC, which will be \0
available 12/16/98. Due to pending changes with Newport Menthol Apr/Dec programs values on the bolded C114
items above MAY or MAY NOT change - you will be advised of any changes as soon as possible. Please ~
proceed with film on the balance of these items. C)
If you have any questions, please see me! Thanks, Natalie
cc: Keith Faircloth

pgNbr=1
</ot>
</LTDLWOCR>
