<?xml version="1.0" encoding="ISO-8859-1"?>
<LTDLWOCR>
<tid>aaj31c00</tid>
<bt>2085678310B</bt>
<!-- Note:br t="m":2085678309/8312-->
<dd>20010801</dd>
<dt>EMAI, E-MAIL</dt>
<au>OSTERN,E</au>
<rc>MURPHY,V</rc>
<pc>HOPKINSHADEL,LL</pc>
<no>1ST TEE; GOLF FOUNDATION OF WI; SGMA</no>
<!-- Note:co:ATCH, ATTACHMENTS MISSING-->
<fn>2085678185/2085678384/GOLF FOUNDATION OF WI</fn>
<!-- Note:si:N916-->
<!-- Note:s:OSTERN,ERIC/OFFICE-->
<ti>FW: THE FIRST TEE / GOLF FOUNDATION OF WISCONSIN</ti>
<pg>1</pg>
<!-- Note:lu:FEDA/PRODUCED-->
<!-- Note:dl:20030102-->
<dl>20030215</dl>
<ot>-----Original Message-----
From: Ostern, Eric
Sent: Wednesday, August 01, 2001 7:50 PM
To: Murphy, Virginia
Cc: Hopkins Hadel, Linda L.
Subject: FW: The First Tee/Golf Foundation of Wisconsin
Importance: High
Ginny-
As the SGMA is coming in to meet w/ me on Aug 2nd, I've drafted a letter to accompany their grant check.
Since we have not have the opportunity to connect on your comments re: their proposal, can you please
e-mail me w/ comments/feedback on the attached letter so that I am sure that I've adequately addressed
your concerns
Thanks-
Eric Ostern,
Manager, Youth Smoking Prevention Programs
� File: SGMA Transmittal Letter.doc �
Note: Red sections are those that I feel address your comments-

pgNbr=1
</ot>
</LTDLWOCR>
