<?xml version="1.0" encoding="ISO-8859-1"?>
<LTDLWOCR>
<tid>aax43e00</tid>
<bt>2062074991</bt>
<dd>19920410/E</dd>
<dt>COMP, COMPUTER PRINTOUT</dt>
<np>A,G</np>
<!-- Note:co:MARG, MARGINALIA-->
<!-- Note:si:I48-->
<!-- Note:s:INBIFO/FURNACE ROOM-->
<pg>1</pg>
<!-- Note:lu:STMN/PRODUCED-->
<!-- Note:dl:19990131-->
<!-- Note:b:1R4F; SIGMA-->
<dl>20020201</dl>
<ot>Edit-Seite:l #1#0 #INIT#
Floppy :F198 File-Name :V8
Auftrag :P 0500/3136, Zeichnungs-Nr. :HO12390,
Edit-Seite:l #1#99#ENDE#
Edit-Seite:4 #8#0 #LINIEN-DIAGRAMM DEFINITION#
Liniendiagramm ,Text-Ausgabe-Position in cm ( X\Y ):	




\23.5
Gruppe\Zeile\Legende: 1\1\1R4F
Gruppe\Zeile\Legende: 2 \2\SIGMA
Gruppe\Zeile\Legende: 3\3\SIGMA (with draft shield)
Edit-Seite:4 #8#99#ENDE#
Edit-Seite:5 #10#0 #LINIENDIAGRAMM FUER ALLE GRUPPEN#
X-Achse Nr. :1 Y-Achse Nr. :1
Gruppe Gruppe Gruppe Gruppe Gruppe Gruppe Gruppe Gruppe Gruppe Gruppe
			1	2	3

0	x	
Y	
.01	
.01	
		SE	.01	.01	
4		Y	.19		
		SE	.09		
17		Y	.88		
		SE	.20		
63		Y	3.43		
		SE	.30		
196		Y	11.32		
		SE	1.23		
186		Y		.18	
		SE		.06	
373		Y			1.90
		SE			.36
Edit-Seite:5
#10#99#ENDE#
------------------------------------------------------------
t 0, April 19s3~0
pgNbr=1
</ot>
</LTDLWOCR>
