<?xml version="1.0" encoding="ISO-8859-1"?>
<LTDLWOCR>
<!-- forcebtag -->
<tid>aap25d00</tid>
<bt>505253235/3238</bt>
<bx>RJR2620</bx>
<!-- Note:b:CAMEL-->
<dd>19850000</dd>
<dt>REPORT</dt>
<!-- Note:co:N-->
<!-- Note:dl:19990107-->
<pg>4</pg>
<!-- Note:rn t="m":MINNESOTA 1RFP93-->
<!-- Note:sh:19961129-->
<!-- Note:s:MARKETING;BRAND MANAGEMENT;CAUFIELD RT;BRAND MGR-->
<ti>CAMEL EVOLUTION CAMPAIGN.</ti>
<!-- Note:tp:YOUNG ADULT SMOKING-->
<dl>20020201</dl>
<ot>CAMEL EVOLUTION CAMPAIGN
I. BACK R~C OUND
OBJ.ECTIVE
ESTABLISH CAMEL AS A MORE DESIRABLE BRAND CHOICE FOR YOUNGER ADULT SMOKERS, PRIMARILY
18- YEAR OLD A E INCREASING APPEAL, RELEVANCY AND MOTIVATING POWER OF CAMPAIGN.
I B. STRATEGIC APPROACH
-0 RETAIN POSITIVE USER PERCEPTIONS COMMUNICATED BY CURRENT
ADVERTISING.
- RUGGEDLY MASCUIINE
- ADVENTUROUS
- INDEPENDENT
- SELF-CONFIDENT
0 CAPITALIZE ON IMPRoVEMENT OPPORTUNITIES.
- POPULAR/LIKABLE
- ENJOYMENT
S~Z4 SZSi;lS
pgNbr=1
CAMEL EVOLUTION CAMPAIGN
II. FOCUS GROUP LEARNING
A. CQMMUNICATIQN
CAMEL WORLD EVOLUTION
I MAIN IDEA MASCULINE ADVENTURE MASCULINE ADVENTURE
I PARTICIPANTS CAMEL MAN CAMEL MAN AND BUDDIES
("CUT ABOVE" INDIVIDUALS)
4 PERSONALITIES LOVER, INTROVERTED, DOES GREGARIOUS, ACTIVE,
HIS OWN THING, LAID BACK ENERGETIC, INDEPENDENT
~ ACTIVITY UNCLEAR, EXOTIC, MYSTERIOUS, "INDIANA ,10NES" TYPE
ADVENTUROUS ADVENTURE, EXOTIC, SENSE
OF PURPOSE
~ LOCATION UNDEFINED, VARIETY OF VENEZUELAN JUNGLE
EXOTIC PLACES
I MOOD LAID BACK, RELAXED, ENJOYING LIFE, LIVING IT
UNEMOTIONAL TO FULLEST
9�Zi SZSGS
pgNbr=2
CAMEL EVOLUTION CAMPAIGN
Il, iDCI1S bROUP LEARNING - CONT'D.
B,. ApDITIONAL LEARNING
I STORYLINE VERY POSITIVE ASPECT OF CAMPAIGN.
- EYE-CATCHING, INVOLVING
- UNIQUE
I PROMOTIONAL TIE-IN DRAMATICALLY INCREASES INVOLVEMENT.
/ QUT-OF HOME
- COMMUNICATES POSITIVES OF GROUP INTERACTION,
ENJOYMENT AND ACTION
- PLAYBACK GENERALLY SPORTS/RECREATION VERSUS
EXOTIC ADVENTURE
1 ~,'~ ;zS l.c,.
pgNbr=3
CAMEL EVOLUTION CAMPAIGN
II. EQGUS_QF LEARNING - CONT'D.
CQNCLUSIONS
VOLUTION CAMPAIGN MAINTAINS POSITIVE CAMEL IMAGERY WHILE SIGNIFICANTLY
INCREASING INjER.,EST AND APPEAL TO TARGET.
- MORE RELEVANT, DESIRABLE USER IMAGERY
- UNIQUE, INVOLVING PRESENTATION
I REFINEMENTS TO OUT-OF-HOME NECESSARY TO HEIGHTEN SENSE OF
ADVENTURE.
: 4.C~. 'S'.'S
pgNbr=4
</ot>
</LTDLWOCR>
