<?xml version="1.0" encoding="ISO-8859-1"?>
<LTDLWOCR>
<tid>aar47c00</tid>
<bt>2071855287</bt>
<dd>19980300/E</dd>
<dt>NOTE, NOTE</dt>
<!-- Note:co:HAND, HANDWRITTEN; MARG, MARGINALIA-->
<fn>2071855279/2071855288/METRO AUDITS 980000</fn>
<!-- Note:si:N532-->
<!-- Note:s:NEIDLE,BRUCE/STORED FILES-->
<pg>1</pg>
<!-- Note:lu:FEDA/PRODUCED-->
<!-- Note:dl:20030606-->
<dl>20030815</dl>
<ot>a 6-~y~.. U ~
� 1~ o.J a~ 1 1~ ~\ A~ Cc,p~~s e~ b ~
.rr-~
� (.k, I"-, -t, ,/d' P^. Ya-- --j- " r

pgNbr=1
</ot>
</LTDLWOCR>
