<?xml version="1.0" encoding="ISO-8859-1"?>
<LTDLWOCR>
<tid>aag40e00</tid>
<bt>85701156</bt>
<dd>19850613</dd>
<dt>NOTE, NOTE</dt>
<au>STEVENS,AJ</au>
<rc>AVE,JR; CHERRY,JR; SPEARS,AW</rc>
<no>CTR, COUNCIL FOR TOBACCO RESEARCH</no>
<fn>85701070 /85701225 /TOBACCO INDUSTRY RE: COUNCIL FOR TOBACCO RESEARCH USAADMINISTRATIVE MATTERS</fn>
<!-- Note:si:N14-->
<!-- Note:s:LEGAL DEPT FILE ROOM-->
<pg>1</pg>
<!-- Note:lu:STMN/PRODUCED-->
<!-- Note:dl:19990212-->
<dl>20020201</dl>
<ot>a;x
pgNbr=1
</ot>
</LTDLWOCR>
