<?xml version="1.0" encoding="ISO-8859-1"?>
<LTDLWOCR>
<!-- forcebtag -->
<tid>aaq92a00</tid>
<bt>518782778/2779</bt>
<bx>NA</bx>
<!-- Note:b:CAMEL; NON-RJR BRANDS; WINSTON; SALEM; DORAL; RED KAMEL-->
<dd>19970200</dd>
<dt>REPORT</dt>
<!-- Note:co:N-->
<np>RJR; B&amp;W; COMMONWEALTH</np>
<!-- Note:dl:20030617-->
<pg>2</pg>
<!-- Note:rn t="m":US PRIORITY REQUEST 3; WALLACE 1RFP1; US COMPREHENSIVE REQUEST 444; US COMPREHENSIVE REQUEST 449; US COMPREHENSIVE REQUEST 450; US COMPREHENSIVE REQUEST 443-->
<!-- Note:s:SALES; BOSTON SALES OFF; SNOW RD; RAM-->
<ti>BOSTON REGION BUSINESS REPORT. FEBRUARY, 1997 (19970200).</ti>
<dl>20030915</dl>
<ot>Boston Region Business Report
February , 1997
Total F.P.
Camel Ex-Reg.
Winston
Salem
Doral Som
Doral Soc

96 Actual	
Current Mo.	
Previous Mo.	Change vs
Prev. Mo.	
Goal	
97 YTD	
Vs. Goal
	18.58	18.24	0.34	Hold Som	18.40
	4.02	3.98	0.04	+.60	4.00
	9.17	9.08	0.09		9.12
	2.99	2.86	0.13		2.92
	2.30	2.30	0.00		2.31
	10.23	10.05	0.18	+1.73	10.13
I
VOLUME hUX
I
CAMEL EX-REG /AOO +.041
Modest overall gain driven by +,44 in OC which offset decline in Cg -.17. Camel increase appears to be as a result of B2G2F promotion which
coupled with lower Marlboro (-.42 SOM AO) promotion levels produced a share gain. Camel decline in CG is following a strong result in
January as the Camel Menthol BIGIF sold out and the B2G2F began to arrive. Camel continues to show volume growth (+2968 cases)
even as volume shift to savings continues to occur in the marketplace.
RESULTS VERSUS PLAN
Region continues to execute annual plans and Individual Business plans (Divisions, Direct Account, Chain). Division plans focus on
Product Availability opportunities down to the assignment level on brands Identified within each assignment. Focus in all cases Includes
Camel Menthol styles and Red Kamel. Red Kamel Som now stands at.16 (.08 FFBX,.08 LTBX), and Product Availability in Pack aocounts
100 cpw+ is at 69% CIV based on the most current PA reports. Metro plan which Includes a permanent display for Red Kamel and Increased
overall Presence for Camel will be executed starting in April wflh the new materials allocated to the No Boston and New Bedford Divisions.
Camel Menthol Som stands at.42 (FFBX .22, LTBX .20) with Distribution at 77% CIV.
The revised Full Price strategy has been rolled out to the entire Region in early April. All field employees provided with spreadsheets for all
accounts (Chain and Independent) with quanthles for all brands on Grid based on Region brand Formulas for each outlet type and Som for
each assignment. All other aspects of the plan have been rolled back up to a Region total based on values planned at reteil for independent
accounts and Kam / Am, Div. Chain Recaps. The Region has a plan for every account that we contact. Retail reps will execute per spreadsheet
quantities in all accounts (should a trigger exist) until communication dictates otherwise (le.Kam /Am communicates all discoun8ng will be
controlled at Headquarter level, stop all store level discounting on Full Price Brands). Planning for 3rd Qtr. Is underway.
Page 1 BUSRPTXLS

pgNbr=1
WINSTON IAO +.b91
Winston gain driven by growth in CG (+.25). Wlnston promotion levels fell in concert with reduced promotion coverage by Competitive
Savings brands. Winston share gain appears to have come from Marlboro which as previous noted lost share again this month- Winston
still appears to be vulnerable to the shift in business to savings that we have seen in Ma. espedally in the Sm class of trade. While the border
situation (outlined in previous reports) appears to be slowing we are still seeing consumers switch to savings brands.
Winston volume ytd is off 1800 cases but Select continues to be more then half of the loss.
RESULTS VERSUS PLAN
Region continues to execute annual plans and Individual Business plans (Divisions, Direct Account, Chain). Pricing P0S plan noted in last
months report (highlighting consumer savings on all POS) has been executed throughout the Region. While the benefits of our change
cannot truly be measured we feel this Is having a positive effect on our full price brands In both holding the franchise and in pulling in price
concemed smokers.
SA( EM IAO+.131
Gain driven by +.25 in CG. While promotion levels declined Salem display CIV (visibility) did hold during this period. Newport and Kool both also
gained Som during the month of February. Newport and Kool are both further Increasing their activities in all outlet types. Kool is going to a
.40�l $4.00 buydown rate from May through August. Newport is already all over the marketplace with similar values.
RESULTS VERSUS PLAN . -
Promotion levels will continue to decline as we have now removed all divisions from being on Grid except for South Boston in CG,
Hartford in CG, and Portland in CO. Region will execute to quantity guidelines in outlets on Grid. Region Is moving as many of these accounts
as possible to the new Salem tear tape program, which will Include Identified chains.
DORAL fA0 SOC +.181
Doral gained back some ground that it lost in January as Gpc showed some signs of slowing their buy share and gain volume at any cost
mentality. Doral share gain was no doubt aided by lower promotion levels from Gpc and also by the B2G1F promotion that hit retail during
February. Doral continues to match up well to Gpc on all key measurements we still cannot match them on price in all cases as they continue
in some accounts to discount above Ceiling strategy rates. Region did match higher Gpc discount during the month of March (up to $3.50).
RESULTS VERSUS PLAN
Region will continue to execute annual plan and individual business plans. Division Business plans include Dist / Prod Avail objectives on
specific Doral styles by assignment. Region to continue to match GPC tactic for tactic (up to ceiling values and revised March plan values
where GPC goes to the higher value) and increase inventory levels, particularly In accounts where GPC prebooks large quantities.
Another potential opportunity for poral will develop in late March and into April as B&amp;W passes Montclair to Commonwealth.
B&amp;W has started to end all buydowns and discounting on Montdair(5.07 SOC AO) and In some accounts where a Commonwealth rep has
vis8ed, have stated they will discount but at lower value (in some cases they have stated down to $1.50 versus the present $3.00 discount).
As activity changes we will evaluate our options with Mgrs. to take advantage of improved Doral exposure and Inventory in accounts where
Montclair Is presently overdeveloped. In some assignments Montclair is the leading Savings brand.
Doral's yTD ( 4l18/97 )Volume Is up 1,209 cases (21.15%) versus last year.
Page 2 BUSRPT.XLS

pgNbr=2
</ot>
</LTDLWOCR>
