<?xml version="1.0" encoding="ISO-8859-1"?>
<LTDLWOCR>
<tid>aas64c00</tid>
<bt>98690180</bt>
<dd>19941102</dd>
<dt>REPT, OTHER REPORT</dt>
<dt>BUDG, BUDGET/BUDGET REVIEW</dt>
<fn>98690108/98690184/MISSING</fn>
<!-- Note:si:G130-->
<!-- Note:s:NEW YORK FINANCIAL/BASEMENT GMP-->
<ti>940000 MARKETING EXPENDITURE RECONCILIATION</ti>
<pg>1</pg>
<!-- Note:rn t="m":R1-056-->
<!-- Note:lu:FEDA/PRODUCED-->
<!-- Note:dl:20020107-->
<!-- Note:b:HARLEY; KENT; TRUE-->
<dl>20030115</dl>
<ot>1994 MARKETING EXPENDITURE
RECONCILIATION
TRUE DIRECT MAIL	- $328,000
KENT DIRECT MAIL	- 668,000
KENT INTERNATIONAL FSI	+ 86,000
TOTAL UNDEREXPENDITURE	- $910,000
HARLEY 2ND MONTH'S LIABILITY
FOR 1 ST QUARTER COUPONS	
+ $959,000
TOTAL OVEREXPENDITURE	+ $ 49,000
MKTEXREC/LMG4/LOTUS 02-Nov-94

pgNbr=1
</ot>
</LTDLWOCR>
