<?xml version="1.0" encoding="ISO-8859-1"?>
<LTDLWOCR>
<!-- forcebtag -->
<tid>aab54f00</tid>
<ti>-- No Title --</ti>
<dt>Letter</dt>
<dt>Correspondence</dt>
<dd>19370208</dd>
<au>Hahn-PM, American Tobacco Company</au>
<rc>Hanmer-HR, American Tobacco Company</rc>
<np>Hill;Berris-JM</np>
<!-- Note:ci:10004026-->
<!-- Note:rn t="m":129-->
<pg>1</pg>
<!-- Note:ag:60295991-->
<!-- Note:dl:19981123-->
<bt>950193930</bt>
<!-- Note:br t="a":MNAT00666384/MNAT00666384-->
<dl>20020201</dl>
<ot>7V'
J(LS&lt;/ UN~ .
February 8, 1937
Mr. H. R. Hanmer, -
Research Department,
The American Tobacco Co.,
Richmond, Virginia.
.a `"w~DeW Mr. Hanmer:
Herewith I enclose a letter received by Mr. Hill
from Dr. J. k. Berris of Detroit, Michigan. You will note
Mr. H111ts cowuent attached.
It is my belief that the subject mentioned by
Dr. Berris is not novel.
If I am correct will you please prepare a sug-
gested form of reply to Dr. Berris, and even if I am not
correct will you please give me your suggestions as to
how the letter should be answered.
Sincerely;yours, .

Paul M. Hahn
VICE-PRESIDENT
Encl.
pgNbr=1
</ot>
</LTDLWOCR>
