<?xml version="1.0" encoding="ISO-8859-1"?>
<LTDLWOCR>
<!-- forcebtag -->
<tid>aah02d00</tid>
<ti>EVENT MANAGEMETN &amp; PROMOTION KOOL RACING CHALLENGE - OCTOBER 1999; MARTKET - ST. LOUIS</ti>
<dt>CHARTS</dt>
<dt>CHARTS</dt>
<dd>19991000</dd>
<au>SAC INC</au>
<!-- Note:co:GRAPHIC-->
<!-- Note:ci:10015900-->
<!-- Note:rn t="o":10015900A020; 20000178B071-->
<pg>1</pg>
<!-- Note:ag:71368634-->
<!-- Note:rn t="p":   -->
<!-- Note:od:   -->
<!-- Note:dl:20011102-->
<bt>285010709</bt>
<dl>20020925</dl>
<ot>q-
Q
S.A.C., Inc.
Event Management &amp; Promotions
KOOL Racing Challenge - October 1999
Market - St Louis
TEAM # 6-Ben Rochester-Cell Phone 317-309-2922
ACTUAL
Dates	Bar/Club	Address	CI	2i Code	Te1e hone	Timea	Marta rlOwner
18111/99	Mac's L e	315 Belle	Afton IL	82002	818-485-1006	10 - 2 am	Mac LenhaR
19/11/99
20/11M	Amhassador
Hadl 's	114 Northland Sho Ctr
7828 Olive Blvd.	St. Louis, MO
SL Louis, MO	63138
63130	314-389-8787
314-725-8244	8 - 12 am
B -12 am	Crai S II
ercus Washin on
24111199	Ex	8909 Natural Brid Rd.	St. Loui MO	83121	314423-2124	7 -11 pm	Yolanda Neil
28/11r99
27/11/B9	S ill's
Hadle s	1101 N. Jefferaon
7828 Olive Blvd.	St. Louis, MO
St. Louis, MO	63106
83130	314-&amp;33-8050
314725-6244	8 - 12 am
8 m- 12 am	Craig 5 ill
arcus Washin on
01I12/B9
03/12f99
04/12199
08/12199
09/1299	Ex e
Pier 828
Pier 928
America's Pub
Mac's Loun e	8909 Natural Brid e Rd.
928 tst Street
928 1st Street
821 W Plaza
315 Belle	St. Loui MO
St. Louis, MO
8t. Louis, MC
St. Louis MO
Alton IL	83121
83102
63102
63146
62002	314-423-2124
314231-3377
314731-3377
314-205-8508
818-485-1008	7 - 11 pm
10 -2 am
10 m- 2 am
S - 12 am
10 -2 am	Yolanda Neii
Curtis En mann
Curtis E eimann
Chds Cole or Alan
Mac Lenhart
11/12199
15/12/99	Fat Tuesda 's
Club 747	700 N. 2nd Street
1824 Delmar	S7. Louis, MO
St. Louis MO	63102
63105	314241-2008
314821-90�0	8 pm 12 am
10 m- 2 am	Do Bulierdick
ddie Grace or Ton
17/12/99
18/12/99	Mac's L
Amerioa's Pub	315 Belle
621 West Plaza	Alton IL
St. Louis, MO	82002
63148	818-485-1008
314205-8508	10 - 2 am
8 m- 12 am	Mac Lenhart
Chris Cole or Alan
							
							
St. Louis #5
5010709
ODUCED FROM B&amp;W WEB SITE

pgNbr=1
</ot>
</LTDLWOCR>
