<?xml version="1.0" encoding="ISO-8859-1"?>
<LTDLWOCR>
<!-- forcebtag -->
<tid>aan15f00</tid>
<ti>Storage Of Pesticides, Federal Register, Vol. 39, No. 85</ti>
<dt>Manuals/Procedures/Instructions/Guidelines</dt>
<dt>Publication</dt>
<dd>19760308</dd>
<!-- Note:ci:10004026-->
<!-- Note:rn t="m":Attached to a Responsive Document-->
<pg>1</pg>
<!-- Note:ag:60195474-->
<!-- Note:dl:19981123-->
<bt>965011368</bt>
<!-- Note:br t="a":ATX03 0278445/ATX03 0278445-->
<dl>20020201</dl>
<ot>Narch 8, 1976
STORAGE OF PESTICIDES Federal Register, Vol. 39, No. 85 - Wednesdav,-Mav 1. 1974
The following storage procedures are at this time recommendatfonsand not .
requirements. Any or all of- the procedures nuiybecome regulations in the
future.
1. Storage sites - Pesticide storage areas should be selected wheree
spills of the material would not pose a threat to the environment.. .
-,
2. Storage facilities - Pesticides should be stored in isolated rooms
or buildings with adequate ventilation and fire protection. ~
3. The storage area should be locked to prevent unauthorized entry.
4. Warning signs should be prominently displayed around the storage area,
5. Any equipment used in handling pesticides should not be used for any other purpose without being thoroughly decontaminated.
.
6. Pesticide handling and/or storage areas should have emergency showers
and eyewash stations readily available. 7. Pesticide containers should be checked regularly for corrosion and leaks.
8. Persons working regularly with organo-phosphate and/or N-alkyl carbeaiate
pesticides should have periodic physical examinations, including blood .
"cholinesterase tests.
AFP:pgb
pgNbr=1
</ot>
</LTDLWOCR>
