<?xml version="1.0" encoding="ISO-8859-1"?>
<LTDLWOCR>
<!-- forcebtag -->
<tid>aai02d00</tid>
<ti>ANNUAL REPORT 1997: HISTORY IN THE MAKING: TABLE OF CONTENTS: THE KEY TO OUR SUCCESS</ti>
<dt>PUBLICATION</dt>
<dt>PUBLICATION</dt>
<dd>19981006</dd>
<au>AMERICAN CANCER SOCIETY</au>
<!-- Note:ci:20000178-->
<!-- Note:rn t="o":20000178B255-->
<pg>3</pg>
<!-- Note:ag:71436380-->
<fn>American Cancer Society</fn>
<!-- Note:rn t="p":   -->
<!-- Note:od:   -->
<!-- Note:dl:20011102-->
<bt>190214438/4440</bt>
<dl>20020925</dl>
<ot>Annual Report 1997: History in the Making: Table of Co.... Advising, Participating, Lcnt -li
.,,.u.......-_ _ _-~~
As Congress began its extensive review of the tobacco settlement, the American
Cancer Society joined with over 30 other national organizations to launch
ENACT (Effective National Action to Control Tobacco) - A Public Health
Coalition. ENACT and the Society pledged to advance the cause of public health.
k Return to the Table of Contents
AMER}CM
CAMM
socaw
Contact Us Give
I - a'.. - -
..
http:/lwww.cancer.org/annReport/history apl.htmt 10/6198
D0214440
ZODUCED FROM B&amp;W WEB SITE

pgNbr=1
Annual Report 1997: History in the Making: Table of Co...: Advising, Participating, Leadin Page i or z
Advising, Participating, Leading
Koop-Kessler Committee
When Congressman Waxman and eight other Congressional leaders in tobacco
control requested former FDA commissioner David Kessler and former Surgeon
General C. Everett Koop to convene the Advisory Committee on Tobacco
Policy and Public Health to establish a blueprint for the tobacco control
legislation, American Cancer Society Chief Executive Officer, John Seffrin
participated, representing more than two million ACS volunteers. Dr. Kessler,
recipient of the Society's Medal of Honor, and Dr. Koop co-chaired this
prestigious committee. Dr. Seffrin also chaired the committee panel making
recommendations on FDA regulation of nicotine as a drug.
Hatch-Kennedy Coalition Co-Chairs
The Society's national vice president for federal and state government relations,
Linda Crawford, co-chaired with Marion Edelman of the Children's Defense
Fund, a coalition of 2,400 organizations to win a budget mechanism to raise
federal excise taxes to cover children's health within states where it currently is
not covered.
Settlement Proposal Review
The Society's staff and volunteer leadership convened a special committee of
legal, economic, and health policy experts to ensure that the settlement
regulates the tobacco industry and saves lives.
Congressional Briefing
The American Cancer Society developed a comprehensive analysis and primer
on major tobacco control policy issues for each member of Congress. The
analysis stated that the proposed settlement needed strengthening and contained
recommendations to do so.
Our leadership and senior staff testified before several committees on our
recommendations and met privately with White House and congressional
leadership and provided drafted language recommendations.
National Advertising
When the tobacco industry's aggressive public relations campaigns resulted in
inaccurate media coverage and public misunderstanding about the proposed
tobacco settlements, the American Cancer Society countered with full-page ads
in key national newspapers to remind legislators and the public that the health of
our children must remain at the forefront of the debate.
http://www.cancer.org/annReport/history apl.html 10/6/98
)0214439
ZODUCED FROM B&amp;W WEB SITE

pgNbr=2
Annual Report 1997 History in the Making: Table of Contents: ...: The Key To Our 5ucces rage t
The Key To Our Success
The American Cancer Society is committed to working with the Administration,
members of the t05th Congress, and our tobacco control allies to include the
following critical public health measures in comprehensive federal tobacco
control legislation:
. The FDA must be allowed unfettered authority to regulate nicotine and
other ingredients, as well as labeling, advertising, and promotion of
tobacco products. The FDA should be allowed to develop an incentive
system that will help stimulate the productionlavailability of less hazardous
products. Additionally, tobacco companies must disclose all ingredients in
tobacco products to the FDA, as well as any documents and research done
on the health impact of tobacco use and marketing of tobacco products to
children.
. Enforceable performance standards combined with significant industry
penalties must be developed to hold tobacco companies accountable for
real reductions in youth tobacco use.
. The price of tobacco products in the US must be dramatically increased to
ensure that children do not begin to smoke. The Society supports an
immediate and dramatic increase in tobacco excise taxes on all tobacco
products.
. States and localities must have the ability to adopt consistent or stronger
tobacco control laws than the federal legislation, and federal law should
not preempt that right.
The Society further believes that federal legislation for tobacco control holds the
opportunity to address international tobacco control measures, funding for
health research, prevention and treatment programs, and incentives to assist
tobacco farmers and their families.
~ Retum to the Table of Contents
AMERWM
CAMM
SOC31M
Contact Us Give
j:1
http://www.cancer.org/annReport/history key.html 10/b/98
190214438
PRODUCED FROM B&amp;W WEB SITE

pgNbr=3
</ot>
</LTDLWOCR>
