<?xml version="1.0" encoding="ISO-8859-1"?>
<LTDLWOCR>
<tid>aat87e00</tid>
<bt>1000254960</bt>
<!-- Note:br t="m":1000254960/4978-->
<dd>19740905</dd>
<dt>MEMO, MEMORANDUM</dt>
<au>WAKEHAM,H</au>
<rc>HOEL,D; HOLTZMAN,A</rc>
<np>AVIADO; FAGAN,R</np>
<no>CTR, COUNCIL FOR TOBACCO RESEARCH; RJR, R.J. REYNOLDS; UNIV OF PA SCHOOL OF MEDI</no>
<fn>1000254484/1000255040/AIRCO</fn>
<!-- Note:si:R37-->
<!-- Note:s:WAKEHAM,HELMUT/ANTEROOM-->
<pg>1</pg>
<!-- Note:lu:OKAG/PRIVILEGE WITHDRAWN; OKAG/PRODUCED-->
<!-- Note:dl:19990514-->
<dl>20020201; 20050607(Bliley)</dl>
<!-- Note:sc:Bliley-->
<ot>Alex Holtzman &amp; Donald'Noel
H. Wakeham
September 5, 1974
Sometime ago we learned that Reynolds is making special
cigarettes loaded_.with cadmium to 3 different levels of
concentration for Professor Aviado at the University of
Pennsylvania School of Medicine. We assumed that this
request came through CTR and was in connection with his
CTR project on "Influence of Ciaarette Smoke on Pulmonary
Emphysema and Brochospasm." I have asked Dr. Raymond
Faqan to prepare a commentary on possible effects cf
cadmium in tobacco smoke. He has subm{tted the attached
memorandum which I am sending to you! along with a copy
of the Aviado project summary. We should watch with
interest the results of Dr. Aviado's experiments.
.w.jh
1 41,~J~ o~-
pgNbr=1
</ot>
</LTDLWOCR>
