<?xml version="1.0" encoding="ISO-8859-1"?>
<LTDLWOCR>
<tid>aas14c00</tid>
<bt>2080478934B</bt>
<!-- Note:br t="m":2080478934/8934B-->
<dd>19990707</dd>
<dt>EMAI, E-MAIL</dt>
<au>REALE,A</au>
<rc>BERAN,DR; STEELE,H</rc>
<pc>BARRINGTON,M</pc>
<np>BARRINGTON,M</np>
<no>PMUSA, PHILIP MORRIS USA</no>
<!-- Note:co:ATTY, ATTORNEY WORK PRODUCT-->
<fn>2080478929/2080478940/MSA - TOBACCO RELATED TRADE ASSOCIATION</fn>
<!-- Note:si:N1009-->
<!-- Note:s:STRATTON,ALISA/STORED FILES-->
<pg>1</pg>
<!-- Note:lu:FEDA/PRODUCED-->
<!-- Note:dl:20021101-->
<dl>20021209</dl>
<ot>From:	Reale, Anthony	N
Sent:	Wednesday, July 07, 1999 10:01 AM	CD
To:	Beran, Dave R.; Steele, Harry	~
Cc:	Barrington, Marty	C)
Attomey-Client Privileged	~
	v
Both of you have received a copy of Marty Barrington's June 4 memo, forwarding a copy of the provisions of the MSA ~
that relate to tobacco-related trade associations. The memo asks that each of you determine whether any employees W
in your functional area are participating in any tobacco-related trade associations. If so, the memo further asks that 4~,
you report any such associations to the lawyer who supports your function, so that we then can determine whether the CO
association is within the scope of the MSA provisions, and, if so, whether the association is in compliance with the
relevant MSA obligations.
In order to document our efforts regarding MSA compliance, I would greatly appreciate receiving a memo from each of
you setting forth your response to Marty's June 4th memo. If you determine that no employees in your function are
participating in any tobacco-related trade association, your memorandum can simply state that. If any of your
employees are so participating, please include in your reply the name of the employee, the name of the tobacco-
related trade association, and the nature of the employee's participation (e.g., member; attendee at meetings; PM USA
representative; Board member; committee member).
I would appreciate receiving your responses by July 14. Thank you.

pgNbr=1
</ot>
</LTDLWOCR>
