<?xml version="1.0" encoding="ISO-8859-1"?>
<LTDLWOCR>
<tid>aaj49c00</tid>
<bt>2082375116A</bt>
<!-- Note:br t="m":2082375116/5116A-->
<dd>20000412</dd>
<dt>EMAI, E-MAIL</dt>
<au>HARDIN,C</au>
<rc>NEWMAN,TA</rc>
<np>HOLLERAN,J</np>
<no>FDA INSPECTION TEAM; PM COMPANIES; PMUSA, PHILIP MORRIS USA</no>
<fn>2082375086/2082375152/GENERAL COUNSELS PRESENTATION 20000418 (CEH)</fn>
<!-- Note:si:R917-->
<!-- Note:s:HARDIN,CHRIS/STORED FILES-->
<ti>PM USA OPERATIONS OVERVIEW</ti>
<pg>1</pg>
<!-- Note:lu:FEDA/PRODUCED-->
<!-- Note:dl:20020909-->
<dl>20021209</dl>
<ot>-----Original Message-----
From: Hardin, Chris
Sent: Wednesday, April 12, 2000 2:02 PM
To: Newman, Thomas A.
Subject: PM USA Operations Overview
In November of '98 you prepared an overview of PM USA Operations in connection with a presentation on
managing an FDA inspection team. Do you know if that presentation still exists electronically and who might have
it? I'd like to use portions of it to help Jack Holleran prepare a presentation to the general counsels of PM
Companies next Tuesday on Operations. Thanks for your help.
1

pgNbr=1
</ot>
</LTDLWOCR>
