<?xml version="1.0" encoding="ISO-8859-1"?>
<LTDLWOCR>
<!-- forcebtag -->
<tid>aaa46d00</tid>
<bt>50660566/0567</bt>
<ti>GRANT NUMBER: 4191R2</ti>
<dd>19980211</dd>
<dt>LETTER</dt>
<au>CTR</au>
<rc>BERG DK; LARSON DA, UNIV CA SAN DIEGO</rc>
<!-- Note:d:SUPPLEMENTAL PAYMENT IN FULL AND SECOND HALF PAYMENT TO GRANTEE BERG KB-->
<!-- Note:dl:20010130-->
<pg>2</pg>
<dl>20021115</dl>
<ot>THE COUNCIL FOR TOBACCO RESEARCH -U. S.A., Inc.
900 Third Avenue
New York, N.Y. 10022
CHECK TRANSMITTAL FORM
Date:
To: Mr. Donald A. Larson
Vice Chancel lor - Financial Services
University of California, SD
9500 Gilman Drive
La Jolla, CA 92093-0951
171
Grant Number: 4191 R2
Grantee: Darwin K. Berg, Ph.D.
Check Amount: $25,000
For: Supplemental Payment in Full
Activation Date of Current Grant: 7/1/97
FEB 1 1 1998
50660566

pgNbr=1
THE COUNCIL FOR TOBACCO RESEARCH -U.S.A,, Inc.
900 Third Avenue
New York, N.Y. 10022
CHECK TRANSIvIITTAL FORM
Date:
JAN 2 0 1998
To: Mr. Donald A. Larson
Vice Chancellor - Financial Servicea
University of California, SD
9500 Gilman Drive
La Jolla, CA 92093-0951
Grant Number: 4191R2
Grantee: Darwin K. Berg, Ph.D.
Check Amount: $25,000
For: Second Half Payment
Activation Date of Current Grant: 7/1197
File Copy
50660567

pgNbr=2
</ot>
</LTDLWOCR>
