<?xml version="1.0" encoding="ISO-8859-1"?>
<LTDLWOCR>
<tid>aav36e00</tid>
<bt>2023269674/9675</bt>
<dd>19820414</dd>
<dt>NELE, NEWSLETTER</dt>
<au>MAXWELL,H</au>
<np>M,RW &amp;lt;MURRAY,RW&amp;gt;</np>
<ca>PM, PHILIP MORRIS</ca>
<no>7 UP MEXICANA; BAT, BRITISH AMERICAN TOBACCO; BENSON HEDGES;  RJR, R.J.REYNOLDS; TABACALERA</no>
<no>PME, PHILIP MORRIS, EUROPE</no>
<fn>2023269623/2023269693/PMI - HIGHLIGHTS 820000; </fn>
<!-- Note:si:N319-->
<!-- Note:s:MURRAY,RW (BILL)/CARLSTADT-->
<ti>WEEKLY HIGHLIGHTS</ti>
<pg>2</pg>
<!-- Note:rn t="m":STMN/R1-004-->
<!-- Note:lu:STMN/PRODUCED-->
<!-- Note:dl:19980605-->
<!-- Note:b:CAMEL;  DUNHILL;  HOLLYWOOD;  MARLBORO;  WINSTON-->
<dl>20020201</dl>
<ot>r
l
.,.
~
PHILIP'MO(RRiSINT NATIONIAL
Weekly ,
Highlights
~
April 14, 1982
Inithe United Kingdom, competitors announced price increases
on most brands of'a full 5p, bringing retail prices over 81.0'.0,
per pack. The new Dunhill luxury length and the Benson &amp; Hedges:
brands are to be held at 99p for the time being, and this may
force a rollback of other brands' price increases.
In Brazil, R. J. Reynolds launched Camel Filter and Winston in
test markets of Curitibaand Campina!s, respectively. Bothibrands
sell inithe "H"category,onecat~egorybelow Marlbo~roSoft Pack~,,
and will compete directly against BAT''s~Hollywood.. Outdoor
advertising is the only medium currently being,used for these two
brands.
A decree was issued by the Spanish government regulating the
incorporation of local tobacco in the local production of cigarettes.
Tabacalera will have to modify blends of existing blond cigarette:
brands so they reach an average~of 7'$' local tobacco by the end of
198 ; the local portion will then increase 5% per year to attain	~
35% local tobacco share
The new decree al'so sti
ulates that the	~
p
.	h7
incorporation of'local tobacco should'not in any way "prejudice	N
the
quality of brand'acceptance" of the prodbct.	~
(Q
pgNbr=1
P'age 2
. On March 26, a Presidential decree was publishediin the
Dominican Republic imposing the following restrictions on blond'
tobacco: in 1582, 50% of the imports made in:1981 will be allowed;
in 19183, 50$ of the iznportsmade in 1982 will be:allowed; effective
January 1, 1984, all imports will be suspended or prohiibitedl.
In response to the goverrnnent's increase in soft drink wholesale
prices, Seven-Up Mexica'na raised its extract price an average of
50%. 7UP's largest bottler, in Guadalajara, is now paying USi$26.04
or P1185.86 at an exchange rate of P415.54 to the U'S dollar versus
U6$27.14 or P760 when about P28 were equal- to U'S$1. 00 in -February
1982. it is anticipated that case sales volume will decline,
particularly at first.
d~..._ . ~t.....Q:..,_
Haanisii Maxwell
pgNbr=2
</ot>
</LTDLWOCR>
