<?xml version="1.0" encoding="ISO-8859-1"?>
<LTDLWOCR>
<!-- forcebtag -->
<tid>aar96d00</tid>
<bt>THKP0004166</bt>
<au>ATLANTA JOURNAL; LUCE PRESS CLIPPINGS; AP</au>
<np>ANDERSON WA # UNIVERSITY OF MIAMI; AMERICAN CANCER SOCIETY</np>
<dd>19680327</dd>
<dt>PERIODICAL / NEWS ARTICLES</dt>
<ti>HITTING CAR BRAKES SUSPECTED AS CANCER CAUSE</ti>
<bx>252</bx>
<!-- Note:dp:02/07/2000-->
<pg>1</pg>
<!-- Note:s:TI BOX 653-->
<!-- Note:cn:HK PORTER-->
<!-- Note:dl:20000525-->
<dl>20020925</dl>
<ot>PI/
ATLANTA, GA.
JOURNAL
D. 247,912 - 5. 511,319
ATLANTA METROPOLITAN AREA
t,;.,9 117 i5�J
~ H ;tre ~~ Car Brakes Susnected as Cancer Cause
~ SAN DIEGO LTr-Every time ,you hit your brakes, you may
be polluting the air with a sub-
stance stance suspected of causing
cancer, a pathologist says.
The substance is asbestos,
I widely used in brake lining. It
also is found in roofing, insula-
tion and many other industrial
materials. Dr. W. A. D Anderson of the
University of Miami School of
Medicine has found tiny asbes-
toe fibers in the lungs of 31 per
cent of the men and 20 per cent
of the women n a group of 500
.r
persons studied at random in
Miami.
"SURVEYSS IN other cities
have shown `asbestos in the
lungs of up to 50 per cent of
cross sections of the popula-
tion," Dr. Anderson said in a
report relcaged Wednesday at
a symposium for science writ-
ers sponsored by the American
Cancer Society.
"An increased incidence of
lung cancer among asbestos
workers has been noted for
years," he said. "The magni-
I try," may be caused by many	to air containing	one or two
! substances. In addition to as-	part"s per million	of a nitro-
' bestos he cited cigarette smoke	olefin substance.	This sub-
and automobile exhaiiSf.W'	stance, he said, has been found
DR. ANDERSON said his lab-	in engine exhaust.
oratory has been able to
produce lung cancers in rats
and mice similar to those which
occur in man by long exposure
The best hope for prevention,
he said, is in identifying and :
changing those things in our en-~,
vironment which cause cancer.
JJJIJ

tude of asbestos exposure in
gcneral urban populations has
only been recently document-
ed.'
Dr. Anderson said lung can-
cer, which he called "the major
cancer problem in this coun-
pgNbr=1
</ot>
</LTDLWOCR>
