<?xml version="1.0" encoding="ISO-8859-1"?>
<LTDLWOCR>
<tid>aac82c00</tid>
<bt>2078772576C</bt>
<!-- Note:br t="m":2078772576/2576C-->
<dd>19990119</dd>
<dt>EMAI, E-MAIL</dt>
<au>GILES,B</au>
<rc>LENZI,J</rc>
<pc>SMITH,D; TURNER,H; WASHINGTON,S</pc>
<np>MILLER,T</np>
<no>HOUSE; JOINT OVERSIGHT + BUDGET COMM; MSA; SENATE</no>
<!-- Note:si:N383-->
<!-- Note:s:LAUFER,DAVID/COMPUTER FILES-->
<ti>IA ATTY GEN</ti>
<pg>1</pg>
<!-- Note:lu:FEDA/PRODUCED-->
<!-- Note:dl:20021211-->
<dl>20030115</dl>
<ot>From: Giles, Betsy
Sent: Tuesday, January 19, 1999 12:47 PM
To: Lenzi, Jack
Cc: Turner, Henry; Smith, Dan; Washington, Shuanise
Subject: IA Atty Gen
In testimony before the House &amp; Senate Joint Oversight and Budget Committee yesterday,
IA AG Tom Miller said that under the MSA, tobacco companies were going to give states
money for any state government executive branch employee who worked on the
negotiations. Do you know to what he was referring?

pgNbr=1
</ot>
</LTDLWOCR>
