<?xml version="1.0" encoding="ISO-8859-1"?>
<LTDLWOCR>
<tid>aan78e00</tid>
<bt>2015040185</bt>
<!-- Note:br t="m":2015040184/0191-->
<dd>19640000</dd>
<dt>ABST, ABSTRACT</dt>
<au>DAVIS,HV; FRANKOWITZ,S; MURPHY,SD; SOBECKI,M; TERRILL,R; ZARATEIAN,VL</au>
<ca>HARV U BOSTON; LAB MED BIOL SCI; TOXIC APPL PHARMACOL; US ARMY ENV HYG AG EDGEWOOD ARSENAL; USPHS</ca>
<!-- Note:co:MARG, MARGINALIA-->
<fn>2015040183/2015040192/ACROLEIN; </fn>
<!-- Note:si:N28-->
<!-- Note:s:LEGAL DEPT/CARLSTADT-->
<ti>BIOCHEMICAL EFFECTS IN RATS FROM IRRITATING AIR CONTAMINANTS</ti>
<pg>1</pg>
<!-- Note:rn t="m":STMN/R1-037-->
<!-- Note:lu:STMN/PRODUCED-->
<!-- Note:dl:19980605-->
<dl>20020201</dl>
<ot>lI
0
�
0
n
R
U9
Ot ON",
841344
twtisumn
~ ---......._. ... _ , ._. . __ _~ ~
Biochemical study A, Bats, Male data A, Atz
,
y~ pollution A, Acrolein iahalation A, Oson!` , f
~ iahalatica A, Nitrogen dioxide iahalatJt,
~ ~ Forraldeayde inhalation A. Sulfur dioxide
inhalation A. Stress alarm reaction A, Y=ritent #
~ esposure A, Irritant concentration A, Initant
~' exposure tiee A, Liver alkaline phosphatsse A,:
tazyme study A,! Hundred, Lung alkaline phosphatttaa
;.~ acrolein inhalation nonassoc A, Serwm alkaline
' ;
~. p6oephatase acroleia lnhalstioa twnassoc
Liver alkaline phosphatase iucraase acrolein '
assoc A, Liver alkaline phosphatasQ iacrease .'}
ozone inhslation assoc A, Liver alkmlint ';
: phosphatase Increase nitrogeA dioxide assoc.': ~~
~ A, Liver alkaline phosphBtase Increase
~t fors+aldehyde assoc A, Liver alkaline phosphatatsa ~
~; iacrease sulfur dioxide assoc Jl/Sprague Daxlty
~ rats, Total body exposure chamber A,. ;
~ Iatrsperitoaeal injection A, Liver weight A,~;x
~ Lung weight A, Adrenal .reigbt A. Lidney weigiit:A, i
:
Enzyma assay setbods A, Glutamic oualacetic
trsasaaiaase activity A. Succinic dchydrageaase ; ;
~ sctivitp A, Cholinesterase activity A, Liver.- ` ~
R oxygen cansuWtion A, gys irritat3oa 4;
~ Respiratory irritants A, Dypsaaa A, Aaorezik j.; a. ,
` : Lethargy lVColoriaetry. tripheayltetrssolin. . ,:'' ~
ryrt/Eagiish Isnguage. USA rtsideace, Clacinn~tti` +~,: r,
~ 0bio rasidems

wli
10
P
1
{
pgNbr=1
</ot>
</LTDLWOCR>
