<?xml version="1.0" encoding="ISO-8859-1"?>
<LTDLWOCR>
<tid>aaa64c00</tid>
<bt>00034739</bt>
<dd>19750000</dd>
<dt>CARD, LIBRARY CARD CATALOG</dt>
<ca>WHO, WORLD HEALTH ORG</ca>
<fn>00034655/00034765/SM</fn>
<!-- Note:si:G37-->
<!-- Note:s:LIBRARY/CARD CATALOG-->
<ti>SMOKING AND ITS EFFECTS ON HEALTH</ti>
<pg>1</pg>
<!-- Note:rn t="m":R1-265-->
<!-- Note:lu:FEDA/PRODUCED-->
<!-- Note:dl:20020314-->
<dl>20030115</dl>
<ot>RA
1242
T6
W66
SMOKING AND HEALTH
World Health Organization
Smoking and its effects on
health, report of a WHO expert
committee, Geneva, World Health
Organization, 1975.
100p. 20cm. (WHO Technical
Report Series No. 568)
1. Smoking and Health.

pgNbr=1
</ot>
</LTDLWOCR>
