<?xml version="1.0" encoding="ISO-8859-1"?>
<LTDLWOCR>
<!-- forcebtag -->
<tid>aad89c00</tid>
<bt>50255592/5593</bt>
<ti>&amp;quot;COLLAGEN ACCUMULATION IN PULMONARY FIBROSIS&amp;quot;</ti>
<dd>19860212</dd>
<dt>REPORT</dt>
<au>BOWDEN DH</au>
<pc>JACOBSON; SOMMERS</pc>
<!-- Note:dl:20010130-->
<pg>2</pg>
<dl>20021115</dl>
<ot>Grant Application # 1916 Reviewer: Dr. D. H. Bowden
Joan G. Clark, M.D.
there are several excellent papers related to the bleomycin-induced pulmonary
fibrosis model. Her background training fits her very well for this type of
investigation.
THE BUDGET:
The budget is a little large and $10,400 is required for equipment.
EVALUATION:
This a good, if not particularly imaginative proposal, to investigate
a field that is at this moment particularly well trodden. Some of the work
is in a way, repetitive, and this applies particularly to Aim #1 regarding the
effects of cell density on the kinetics of fibroblast collagen production.
A second set of experiments involves the addition, serially, of various compounds,
(prostaglandins, cAMP and polyamines)to the fibroblast soup. This is very much
a fishing expedition, and does not really compare well with the logical series
of experiments being done in the same area by Gauldie and Bienenstock at
McMaster University. In summary, this is a highly competent group producing
good work and probably worthy of support. I am a little concerned about the
extent to which this investigator may be overextended in a department of
pediatrics since her interests seem to be rather wide. For this reason, whilst
I am prepared to recommend approval, I cannot allocate the highest priority.
RECOMMENDATION:
Approval.
50255593

pgNbr=1
2/12/86 CC: DRS. JACOBSON, SOMMERS
GRANT APPLICATION N0. 1916 REVIEWER: DR. D. H. BOWDEN
APPLICANT: Joan G. CLARK, M.D. Fred Hutchinson Cancer Research
Center, Seattle, WA
TITLE: "Collagen Accumulation in Pulmonary Fibrosis"
BROAD GOALS OF THE PROJECT:
Dr. Clark is interested in the mechanisms of collagen accumulation
in pulmonary fibrosis. Using fibroblast cultures she wishes to study:
1. The effects of cell density on the kinetics of fibroblast collagen
production and matrix formation.
2. How are fibroblast collagen production and matrix formation regulated?
3. How is lung collagen accumulation regulated in vivo?
In her previous studies she has used the bleomycin-induced pulmonary
fibrosis model to study the modulation of fibroblast collagen production and
proliferation. Particularly they have looked at the effects of mononuclear
cells and the suppression of fibroblasts associated with increased endogenous
PGE2 production. She now wishes to extend these observations to investigate
the possible role of polyamines in the regulation of lung collagen matrix
formation.
EXPERIMENTAL DESIGN:
The methods for fibroblast cultures, etc. are standard and appear to
be totally satisfactory.
In the first experiment she will investigate the effects of cell
density on fibroblast kinetics, collagen production and matrix formation. Later
she will investigate the effects on endogenous fibroblast products such as
prostaglandins, cAMP and the polyamines.
The effects of macrophages on fibroblast procollagen production will
be investigated in order to try to elucidate the basis for the dual inhibitory
and stimulatory effects of macrophages on fibroblast collagen production.
Finally, the whole thing will be put together in an in vivo experiment involving
the intratracheal administration of bleomycin in which lung explants from these
treated lungs will be examined in vitro.
THE INVESTIGATOR:
Dr. Clark is a 38-year-old M.D. from Washington University who is now
an Assistant Professor in the Department of Pediatrics at the University of
Washington in Seattle. She has a Career Investigator Award from the N.I.H and
she has a number of N.I.H. applications pending. Her publications are
somewhat mixed, including a variety on leukemia and transplant research but
50255592

pgNbr=2
</ot>
</LTDLWOCR>
