<?xml version="1.0" encoding="ISO-8859-1"?>
<LTDLWOCR>
<tid>aaj35e00</tid>
<bt>2024462017/2020</bt>
<dd>19920728</dd>
<dt>MEMO, MEMORANDUM</dt>
<dt>BRRE, BRAND REVIEW</dt>
<au>EISEN,K; ELLIS,N</au>
<rc>TAYLOR,J</rc>
<pc>BERAN,D; CUTLER,T; DANGOOR,D; GILL,P; LALLEY,K; LUND,N; PISKOR,S; SALZMAN,M</pc>
<ca>PM, PHILIP MORRIS</ca>
<cr>PM, PHILIP MORRIS</cr>
<pc>LBCO</pc>
<!-- Note:pa1:2024462000/2024463011&lt;/pa1-->
<!-- Note:si:N408-->
<!-- Note:s:GEE,ED/OFFICE-->
<ti>RESULTS OF FOCUS GROUPS IN DALLAS AND KANSAS CITY ON RX. ROYCE AND EXTRA</ti>
<pg>4</pg>
<!-- Note:rn t="m":STMN/R3-014-->
<!-- Note:lu:STMN/PRODUCED-->
<!-- Note:dl:19980605-->
<!-- Note:b:EXTRA;  ROYCE;  RX;CAMEL;  DORAL;  MARLBORO;  PV;  XL-->
<dl>20020201</dl>
<ot>PHILIP MORRIS USA INTER-OFFICE CORRESPONDENCE
120 PARK AVENUE, NEW YORK, NY 10017-5592
TO: James Taylor DATE: July 28, 1992
FROM: Karen Eisen, Natalie Ellis
SUBJECT: Results of focus qroups in Dallas and Kansas City on Rx. Royce and Extra
Background:
A total of eight focus groups were held in Dallas and Kansas City in late June and early
July to assess interest in three Marlboro new product concepts. Respondents included
male price sensitive Marlboro and Camel smokers and regular brand PN smokers. The
groups were shown concept boards for all three products and advertising for RX.
Product was available for Royce and Extra for all groups and RX in Dallas.
RX:
Stated interest in this concept was at best moderate across groups. Most thought of RX as
an "office" cigarette for short smoking breaks. It was also seen as more for casual
smokers and as a novelty. Lower price was the key reason for any interest in the brand.
However, RX was not seen to be a particularly good value. As "a shorter cigarette for
less money" it is value-neutral vs a regular pack. Consumers were paying less but also
getting less. It was not seen as comparable in value to a generic brand. One respondent
compared it to "downsized" coffee cans which contain 12 oz instead of a pound. Still some
smokers said they would buy it on days when they were short on cash. Whether this
trading down would become habitual cannot be predicted by qualitative research.
Some young adult smokers were more interested in the savings opportunity offered by
RX. They suggested that they would rather save 35 cents and get the quality of a
Marlboro than save more on a lesser cigarette. However older (25-40) smokers and
PN converts were not interested. The suggested price difference of 25-40 cents less a
pack was not motivating compared to a generic priced brand or Black and White. Most
respondents said they would rather get a pack of full size Dorals or GPC's than a pack of
smaller Marlboros at a higher price.
The concept of a quick smoke while logical and practical, reminded people that they are
under pressure not to smoke in public places/offices. In Dallas, smokers were also
particularly concerned that RX would mean "rushing" through a cigarette rather than
relaxing and enjoying it. Marlboro Red smokers in both cities were concerned that it
- would not deliver the smoking satisfaction of a full size cigarette. Most respondents also
pgNbr=1
r
Page 2
thought it would burn faster than a regular cigarette and would have a stronger, more
"concentrated" taste.
On first exposure, the RX packs often caused laughter and comments that it looked too
small and fake or like a joke. It could be argued that the traditional Marlboro design
reinforced the "not quite real" impression. When shown before concepts, RX packs
tended to suggest a non-filter cigarette like Camel. When shown side by side with
standard packs, respondents admitted that it was not that much different in size, but the
packs did little to generate interest in the brand.
RoVice;
The Royce concept was received very differently in the two cities. In Dallas, it appealed
to young adult Marlboro smokers as a fun novelty but had little appeal to competitive or
PN smokers because of its inconvenience and lack of savings versus generics. One
respondent compared it in usefulness to "pluck your own" chicken. Conversely, in
Kansas City the Royce product was the near unanimous favorite across groups. However,
even these smokers saw it as a novelty and a "backup" to keep at home for emergencies
not as a regular brand. Their was also resistance to the suggested price with most
smokers setting a $10 limit on what they would pay for the tobacco, tubes and machine.
Respondents were first shown a black and white ad for Marlboro canned tobacco. From
this communication respondents thought they would have to roll their own filterless
cigarettes, which had little appeal. After trying the process with the tubes and Pressta,
they were much more positive. The machine offered a simple way to make "custom"
cigarettes. Communicating the ease of the rolling process will remain a major strategic
issue.
Royce appealed to smokers on many different levels. Some liked the feel and smell of
fresh tobacco. Others liked the can which they imagined themselves keeping and filling
with workshop or desk stuff. A number of smokers found the process of using the
machine enjoyable in and of itself. They also enjoyed the idea that they didn't have to pay ~
O
,
someone to do something they could easily do themselves. And many liked the idea of a ~
"custom" cigarette. The process was seen as strongly keeping with the Marlboro image ~
as it sugested how the real Marlboro Man made his cigarettes. N
O
N
X
pgNbr=2
I
Page 3
Some respondents took so much pride from having created their own cigarette that they
wanted the tube to distinguish the cigarette from regular Marlboro so that they could get
"credit" for having made their own. For these smokers, Royce had even greater "badge
value" and "coolness" than Marlboro Red.
The initial outlay for everything needed to get started was not seen as a major barrier
for most of the smokers but on-going pricing would have to be in the $8-$12 range to
be attractive. Even this price was in most cases above what they are paying for generics.
Few smokers thought beyond buying one or two cans of tobacco. After an initial flurry of
activity to learn to use the machine and enjoy the novelty of the process, most thought
they would keep a can in the refrigerator for emergencies. Long term the savings offered
by Royce would not appear to be sufficient to overcome its inconvenience, however its
other image/process advantages may add value.
Most thought Royce would be a cigarette for smoking at home. Having to also get a
cigarette case if they wanted to carry them with them was another layer of
inconvenience. While an attractive metal case would overcome this problem, it would
also add to the initial cash outlay.
The P/V smokers in Kansas City were particularly interested in Royce. They were
familiar with other brands of loose tobacco and didn't like the quality. They anticipated
that Marlboro would be much better tasting. However, they also had the lowest price
threshold at about $7 -$10 for everything.
Extra:
Most of the respondents across groups had heard of Camel Wides and many had tried it.
This experience colored their reaction to the Extra concept once they understood that it
was a wide cigarette. Those who had tried and rejected Camel Wides did not expect Extra
to be any better. Few respondents picked this as their favorite idea.
Neither of the names presented for this product clearly communicated its format. The
name "Extra" left many respondents thinking they were getting extra cigarettes or an
extra strong taste. On the other hand, some groups thought X.L. meant extra long . X.L.
had more positive image ruboff because of its association with casual clothing and fast
cars. It was seen as more modern and classy.
pgNbr=3
Page 4
The "sideways" pack showed strong potential for helping Extra stand out as something
new and different. It was seen as striking, modern, cutting edge and high quality. It
contrasted with the existing user imagery for wide cigarettes which tends to be an older,
overweight man who smokes heavily. This imagery may have been created by the Camel
advertising, since we did not hear these comments in groups before the campaign broke.
The X.L. name worked well with the sideways design to suggest a younger, hipper smoker
Yet, neither was beyond the range of acceptability for a Marlboro pack.
Value is not top of mind with this product, perhaps because it is overshadowed by its
novelty. A clearer communication of more for the money would appear to be advisable.
Men showed the most interest when shown the Extra and regular packs side by side.
As in past groups, the product itself was well received. Few of the men commented
negatively about the feel of the cigarette in their hands or mouths. The taste was smooth,
full and "definitely Marlboro." No one commented on the draw or amount of smoke per
puff, suggesting it was not noticeably different from regular Marlboro.
cc: 0. Beran
D. Dangoor
P. Gill
N. Lund
S. Piskor
M. Salzman
T. Cutler (LBCo)
K. Lalley (LBCo)
pgNbr=4
</ot>
</LTDLWOCR>
