<?xml version="1.0" encoding="ISO-8859-1"?>
<LTDLWOCR>
<tid>aak75c00</tid>
<bt>2078560148</bt>
<!-- Note:br t="m":2078560145/0149-->
<dd>20000311</dd>
<dt>EMAI, E-MAIL</dt>
<au>SOLANA,RP</au>
<rc>DAVIES,B; PATSKAN,G; SANDERS,E; WALK,R</rc>
<no>ACS SEMINAR</no>
<!-- Note:si:R889-->
<!-- Note:s:KING,VALERIE/COMPUTER FILES-->
<ti>FW: ACS SEMINAR: CHEMISTRY, PHARMACOLOGY, AND TOXICOLOGY OF TOBACCO, MARIJUANA, AND RELATED SUBSTANCES: PYROLYSIS PRODUCTS</ti>
<pg>1</pg>
<!-- Note:lu:FEDA/PRODUCED-->
<!-- Note:dl:20020815-->
<dl>20021209</dl>
<ot>From: Solana, Rick P.
Sent: Saturday, March 11, 2000 6:05 PM
To: Davies, Bruce, Patskan, George; Sanders, Edward; Walk, Roger
Subject: FW: ACS seminar: Chemistry, Pharmacology, and toxicology of Tobacco, Marijana, and Related
Substances: Pyrolysis Products
'dk :` 1 C'' S i.'. O i i l 0`~
-----Original Message-----
2078560148

pgNbr=1
</ot>
</LTDLWOCR>
