<?xml version="1.0" encoding="ISO-8859-1"?>
<LTDLWOCR>
<!-- forcebtag -->
<tid>aaf35a00</tid>
<bt>508074671</bt>
<rc>CHAPIN JW; ROSS JB; SIMPSON D; WITT SB III; WOLLEN AR</rc>
<au>MCCLENDON JS; JACOB MEDINGER</au>
<bx>NA; RJR7428</bx>
<dd>19820929</dd>
<dt>LETTER</dt>
<!-- Note:co:Y-->
<!-- Note:dl:20040729-->
<pg>1</pg>
<!-- Note:rn t="m":MINNESOTA COURT ORDER; OKLAHOMA COURT ORDER; US COURT ORDER 20010327; US COMPREHENSIVE REQUEST 406; MISSOURI COURT ORDER 19980814; USDOJ COURT ORDER 149 &amp; 409-->
<!-- Note:sh:NA; 20031112-->
<!-- Note:s:LAW; ; WITT SB III; VP GENERAL COUNSEL-->
<ti>DDDR. MARIANO LAVIA.</ti>
<dl>20040815; 20050708(Bliley)</dl>
<!-- Note:sc:Bliley-->
<ot>LAW OFFICES
JACOB, MEDINGER &amp; FINNEGAN
45 ROCKEFELLER PLAZA
NEW YORK, N.Y. 10020
(212) 765-4100
MAX H. CROHN, JR.. P. A!'
TIMOTHY M. FINNEGAN, P. C.
EDWIN J. JACOB, P. C.
JANET S. MCCLENDON, P. C.
CHESTER J. WRO9LEStt1, PC.
JOELA,ACKERMAN
MICHAEL S. DAVIDSON
ANN T. LADD
ELIZABETH T. MARREN
COUNSEL
FRANK H. MEDINGER
HAROLD R. SCHMIDTO
~ NOT ADNITI[G IN
NN(w.O4A
Memorandum For Messrs: Chapin
Ross
Simpsory
Wit �~t
Wollen
Gentlemen:
1 G
1
Re: Dr. Mariano La Via
OCT 011982
.~
CABLE ADDRE55: KONIJAY
TELEX NO.42B799
TELECOPIER (212) 246-2558
NORTH CAROLINA OFFICE
SUITE 2125
WACHOVIA BUILDING
WINSTON-SALEM, N. C. 27101
(919) 725-7575
September 29, 1982
As you may recall, Dr. Mariano La Via is an
immunopathologist at the Medical University of South Carolina. He has
been investigating a specific aspect of the human immune system with a
view toward elucidating the role, if any, that the immune system plays in
the course of neoplastic disease. He and others have reported a correlation
between the severity of lesions, including oral lesions, and
immunocompetence. Dr. La Via is continuing to aim at elucidating the
basis for this observation. Enclosed for your information is a recent
progress report as well as copies of two pertinent articles by Dr. La Via et
al. published in the scientific literature.
Over the past 2 years, the industry has funded Dr. La Via's
research in the total amount of $52,750. The current year's funding for this
project ends on October 31. Dr. La Via has requested funds in the amount of
$27,157 to continue his research for the period November 1, 1982 through
October 31, 1983.
We recommend that we make this $27,157 available to Dr.
La Via: We look forward to hearing from you at your earliest convenience.
With best personalregards.
Yours sincerely,
JS34:z1

pgNbr=1
</ot>
</LTDLWOCR>
