<?xml version="1.0" encoding="ISO-8859-1"?>
<LTDLWOCR>
<tid>aax94a00</tid>
<bt>2064984684</bt>
<!-- Note:br t="m":2064984682/4684-->
<dd>19980504</dd>
<dt>MEMO, MEMORANDUM</dt>
<au>DOONAN,LB</au>
<rc>DESEL,PM</rc>
<pc>SEAMAN,PW</pc>
<np>TEITELBAUM,S</np>
<no>MARKETING PERCEPTIONS</no>
<!-- Note:co:ATCH, ATTACHMENTS MISSING; MARG, MARGINALIA-->
<fn>2064984623/2064984688/MARKETING PERCEPTIONS - VIRGINIA SLIMS</fn>
<!-- Note:si:N846-->
<!-- Note:s:DESEL,PAULA/SEC'Y FILES-->
<ti>MARKETING PERCEPTIONS, INC.</ti>
<pg>1</pg>
<!-- Note:lu:FEDA/PRODUCED-->
<!-- Note:dl:20040610-->
<!-- Note:b:VIRGINIA SLIMS-->
<dl>20040615</dl>
<ot>	MEMORANDUM	
TO:	Paula M. Desel, Esq. DATE:	May 4, 1998
FROM:	Lynn B. Doonan FILE:	65000.005004
Marketing Perceptions, Inc.
Enclosed are two execution originals, two clean and two black-lined copies of the
letter agreement to be entered into between Philip Morris Incorporated and Marketing
Perceptions, Inc. in connection with VIRGINIA SLIMS triads.
Please call me if you have any questions or comments.
L.B.D.
Client: Shari Teitelbaum
Enclosures
(nypm):\pmusa\research\mktper16.2
cc: P. Watson Seaman, Esq.
(nypm):\pmusa\memos\p0504.4
A

pgNbr=1
</ot>
</LTDLWOCR>
