<?xml version="1.0" encoding="ISO-8859-1"?>
<LTDLWOCR>
<tid>aaj81c00</tid>
<bt>2504200111/0115</bt>
<dd>19930506</dd>
<dt>LETT, LETTER</dt>
<au>DINHAM,P</au>
<rc>DAVIES,DR</rc>
<np>DAVIES,DR; LINDHEIM,J</np>
<ca>BM, BURSON-MARSTELLAR</ca>
<cr>PMI, PHILIP MORRIS INTERNATIONAL</cr>
<no>CLAYTON UTZ; KRAFT; PMI, PHILIP MORRIS INTERNATIONAL; SWINDLER BERLIN</no>
<!-- Note:co:ATCH, ATTACHMENTS MISSING; CONF, CONFIDENTIAL-->
<fn>2504200000/2504200205/MISSING</fn>
<!-- Note:si:A85-->
<!-- Note:s:JAKSIC,ELIDA/OFFICE-->
<pg>5</pg>
<!-- Note:lu:MILE/PRODUCED-->
<!-- Note:dl:20030318-->
<dl>20030415; 20050607(Bliley)</dl>
<!-- Note:sc:Bliley-->
<ot>Surson-Marsteller
Buraon-MarSrellwr P,y I id.
Austraban Comoany M1u-ber CO! 951 C!
..
i evol 5. Buddinry '1
� PiivP($tffP Qle9y
Snitrh Malhburnr G crori:: 32~5
rel'. 03.686.119y
Fa. 03686~975 o'6RH 1776
6 May 1993
Mr David Rees Davies
Philip Morris
252 Chesterville Road
Moorabbin
Strictly Confidential
Dear David
For the past few days I have been wading through the
various documents and strategy plans which have been
developed for Philip Morris to address communications
needs.
The two central documents are the one you sent me - the
Swidler &amp; Berlin working draft - and the one I sent
you which was a broad-based, proactive communications
strategy developed by a group at Clayton Utz last year
with on-the-ground involvement by our PM man from
Europe, Jim Lindheim.
in addition, I've gone back through a mountain of media
clips and other background material which has been put
together over the past 18 months or so.
The purpose of all this was to determine an approach
for our review session with you tomorrow':
I'd like to convey a few thoughts arising out of this
exercise and which I think need to form part of the
basis for our discussions tomorrow.
One thing is clear. A read of all the material raises,
in my mind, more questions than I initially have
answers in relation to an upgraded, enhanced
communications effort by PM in Australia.
in looking at the Swidler &amp; Berlin working paper, and
the paper from the Clayton Utz meeting, bbth offer some
very good recommendations for an upgraded
communications effort and some recommendations which
I'm not so certain about. ~
/..2.. p
.A
N
O
O
~
..+
pgNbr=1
-Z-
However, the central fact, as far as i am aware, is
that none of the communications recommendations, in the
fullest sense, have been activated after nine months to
a year since they were developed.
In the meantime, the environment in which Philip Morris
and the tobacco industry have been operating has not
improved, probably worsened:
The regulatory noose has tightened
The tobacco industry image is still seen as
combative and aggressive, and probably mostly
reactive rather than proactive
There is still very much an industry positioning
and no distinct Philip Morris positioning
(individual company or group)
Smoking as a subject is still largely on the issue
of banning it on the grounds of health-related
issues
Smoking as a subject has not been turned to the
issue of smokers' choice
There has been no significant discussion or public
debate on the issue of freedom (for any business)
to pursue its commercial goals and to market its
products without unreasonable/undue 0restriction
Smokers, on a personal level, have been pushed
further out on a limb with very little support
(from any group) of their choice to smoke -
smokers' choice
The industry (nor Philip Morris in its own right)
has seemingly done little, or nothing publically,
to show commitment to more positive actions - ie
working with government or other groups to reduce
and limit youth smoking, to more actively encourage
courtesy and sensitivity from smokers towards 11 non-smokers
Apparently no allies have been developed who might
be prepared to act publically to defend certain
commercial rights/freedoms alongside a tobacoo
company/industry which (in the future) is clearly
doing more to be a good corporate citizen
/..3
pgNbr=2
- 3 -
In the broadest sense, the environment still seems to
be an overwhelmingly negative one for Philip Morris,
indeed for the entire tobacco industry, and it would
appear there is still an enormous challenge to turn
this around from a communications standpoint.
As z indicated, a number of the ideas projected in both
the Swidler &amp; Berlin paper and the Clayton Utz document
have been well thought through and seemingly offer
opportunities for full and proactive development.
However, given the time lapse since they were prepared,
it seems to make sense, tomorrow, to first of all
determine a few key points at the outset, such as:
What is the current/segmented image and perception
of Philip Morris/tobacco industry in the market and
community generally (ie attitudes of smokers,
non-smokers, business interests, certain
government people or influencers)?
How do we move into a proactive, PM communications
campaign which has credibility and which does not
turn negatively back on us?
What is likely to happen in the regulatory
environment over, say, the next 12 months during
which time a more proactive campaign would begin to
bite?
what are the key issues arising in, kay, the next
12 months which will impact on a more proactive
communications campaign and require specific
strategies below any umbrella campaign?
How does PM feel it is currently riding with key
decision-makers, opinion formers and influencers
within the Federal and State Government sectors?
What is the current status of the relationship
between PM and its allies or potential allies in
the event of a need for joint activity?
~
To what extent has PM surveyed and worked with the
Australian staff of the company to determine their
effectiveness and ability to handle a more
proactive stance by the operation?
/..4
pgNbr=3
- 4 -
How do we position the company given its various
parts - Philip Morris Inc., Philip Morris
(tobacco), Rraft?
What can we glean from similar corporate
positioning and more proactive campaigns by PM in
other markets (strategy and results) - ie Europe
and North America?
Which parts of the developed programs (Swidler i
Berlin or the 'Clayton Utz" program) are viable and
what additional activities would need to be
factored in?
David, these are just some thoughts and questions I've
addressed in the past few days.
We certainly feel there is a great need for Philip
Morris to move quickly and effectively into a far more
pro-active corporate 'umbrella' campaign alongside
dealing with day-to-day issues.
Given as much as we know at this stage, I believe many
of the program ideas put forward in the 'Clayton Utz'
document and some in the Swidler s Berlin
recommendation, are certainly able to be put into place
in the Australian market with medium to long-term
success in achieving the objectives.
Perhaps, tomorrow we could start our session with an
outline from yourself as to how you view"the position
for Philip Morris on some of the issues and questions I
have raised here.
We can work with you to test and further test some of
the assumptions and factor in the pros and cons of
addressing these with various communications responses.
If we could also work through a number of the key
recommendations in the S&amp;B and Cu documents we could
isolate the activities we think would be programmable
and do a SWOT analysis on those.
" /..5
pgNbr=4
- 5 -
From this exercise, we should be able to develop an
initial matrix on which to build a strategy and action
plan running through at least to the end of this year,
with some broader projections into year two and three.
I would think there will be a need for a follow-up
session next week to further refine our plans given
that we can develop a foundation to build on from
tomorrow.
AS mentioned, I received from Jim Lindheim in Paris an
executive summary of corporate positioning
recommendations prepared for Philip Morris Companies in
Europe. A copy is attached for your perusal.
I trust this helps and I look forward to seeing you
tomorrow.
I ]
c.n
pgNbr=5
</ot>
</LTDLWOCR>
