<?xml version="1.0" encoding="ISO-8859-1"?>
<LTDLWOCR>
<tid>aam84e00</tid>
<bt>1000261515/1516</bt>
<dd>19781005</dd>
<dt>LETT, LETTER</dt>
<au>REAMEY,S</au>
<rc>DAWSON,RF</rc>
<np>ALBERSHEIM,P; BROWN,M; FLORY,P; REAMEY,S</np>
<no>HYATT HOUSE</no>
<fn>1000261464/1000261577/MISSING THIRD PHILIP MORRIS SCIENCE SYMPOSIUM 1978</fn>
<!-- Note:si:R37-->
<!-- Note:s:WAKEHAM,HELMUT/ANTEROOM-->
<pg>2</pg>
<!-- Note:rn t="m":STMN/R1-004; STMN/R1-150-->
<!-- Note:lu:STMN/PRODUCED-->
<!-- Note:dl:19980605-->
<dl>20020201</dl>
<ot>Oc.toben 5, 1978
Mha. Ray F. Dawaon
1413 8. N. Mt. Vennon Avenue
Wit.Z.i.ama b ung , Ving,in.i.a 2 318 5
Dean Mn.6. Dawson:
1 am detigh.ted .that you witt be w.i.th ua .in
R.tchmond on Novemben 9.th and 10.th duning oun Thind
Phi.Cip Mofeh.iz Science Sympodium. I am Sh-uctee Reamey,
younx hoa.teaa dun..i.ng youn etay with ud. I' dt.i.fie to
ex.tend .to you a vercy wanm we.2come, and I hope .to mafie
youn via.i.t a p.Ceaaant and ententa.in.ing oecaaion.
Sinee M&amp;a. Peten A.2beA.eheim, Mt.a. Paut Ftony,
and Mraa. Ma.bcotm Bn:own witt b e with ua ata o, I hav e
p.Zanned a.2e.i..aunety day at Wi.Ztiam4bung. 1 finow you
ane 6nom Wittiama bung and ther e ane many .thinga you
can ahane with u.b abou.t youn expenienee in t.iv.ing thene.
I S eonvenient w.ith you, I witt meet you .in
the tobby o4 .the Hya#t Nouae at 8:00 a.m. on the 9th,
enjoy a teieunety bneahsaat and then .Ceave 6on
Wi.e.2iamabung by 9:00 a.m. We expect to ne-tuhn no .Ca.ten
.than 5:00 p.m., .i,n .t.l.me 4,on you to 6neahen up 4on .the
evening banquet wh.ich witt be hetd at 7:00 p.m.
As Son the even.ing banquez, i-t ia neta.t.wety
inioxmat. That .ba, b.tt.ict 6onmat dnead ia not neceaaany.
The next day, Novemben 10&gt;th, witt be a ha.24-
day occab.ion. you may want #o bee 6ome oJ oun tocat
bhops, toun oun, hia-toniea.2 aitea, on Juat .aee aomething
o6 the b unnoundting communi.ty. I witt d.i.a cuaa thi.a w.ith
you on the 9th and witt be gZad to aceommodate zo yount
w.i.a h ea .
pgNbr=1
~
Mb. Ray F. Dawbon
Pag e - 2-
Octoben 5, 1918
I S, you have any queation.6, on .i6 I can hetp
you in any way, ptea,a eK,eet Jnee .to wn.ite ox catt me
coQ.2ec.t at (804) 271-2466. Itook 6onwand to mee.t.ing
you.
Condia.2.ey,
Shintee Reamey
pgNbr=2
</ot>
</LTDLWOCR>
