<?xml version="1.0" encoding="ISO-8859-1"?>
<LTDLWOCR>
<tid>aae15e00</tid>
<bt>2026453794</bt>
<!-- Note:br t="o":PAT847667;  PAT855867;  PAT855967-->
<dd>19680729</dd>
<dt>LETT, LETTER</dt>
<np>B,G &amp;lt;BRANDT,G&amp;gt;</np>
<ca>LA GROTH</ca>
<cr>WATSON LEAVENWORTH</cr>
<no>WATSON LEAVENWORTH</no>
<!-- Note:co:ILLE, ILLEGIBLE-->
<fn>2026453716/2026453930/SWEDEN 582 509A J.D. HIND, W.C. HOPKINS TOBACCO SUBSTITUTE AND METHOD OF MAKING THE SAME; </fn>
<!-- Note:si:R475-->
<!-- Note:s:SCHARDT,JIM/INACTIVE FILES-->
<ti>PHILIP MORRIS INC., SWEDISH PATENT APPLICATIONS 8476/67, 8558/67 AND 8559/67 - YOUR LETTERS OF 680722</ti>
<pg>1</pg>
<!-- Note:rn t="m":STMN/R1-072-->
<!-- Note:lu:STMN/PRODUCED-->
<!-- Note:dl:19980605-->
<dl>20020201</dl>
<ot>L. A. GROTH &amp; Co. A6, PATEtV1'RYRA
Postadress Vastmannagatan 43, Stockholm Va
Telefon 233230
Telegram Patent
Postgiro 158565
Bank Stockholms Enskilda Bank AB
AzRMAIL
RECEIVED
wL l,a, T
AUG 1 1968
FILE
N e w_Y o r k N. Y.1O017.
Messrs. W'atson, Leavenwo
100 Park Avenue,
Eder ref./Your ref./thr Zeichen V&amp;r ref./Our ref./Unser Zeichen
File No. 582-509A+B JF/~-5a.3/5i~+-/5i5/67
Re/Betr. 582-522
Phi1i Morris Inc., Swedish patent applications
8559/b~7 - Your letters of July 221 19b8.
Vi har mottagit Edert brev av ovan-
staende datum med instruktion i det-
ta arende och skola utarbeta svaro-
mal i enlighet diirmed.
Hogaktningsfullt
L. A. GROTH &amp; Co. AB
We acknowledge receipt of your
above mentioned IettetSwith instruc-
tions in this case and will file an
amendment accordingly.
Yours Sincerely
Form I. E. 5000. 8. 65. 17.261 SYSTEN�ZP-SET".STEROFH.AhLERN.ETKMl55032
Datum/Date/Tag
July 29, 1968.
84-76/67, 8558/67
a nd
Wir bestatigen den Empfang Ihres
oben angegebenen Schreibens, und
werden das Erforderliche veranlassen.
Hochachtungsvoll
L. A. GROTH &amp; Co. AB
pgNbr=1
</ot>
</LTDLWOCR>
