<?xml version="1.0" encoding="ISO-8859-1"?>
<LTDLWOCR>
<tid>aaj19c00</tid>
<bt>2505556081</bt>
<!-- Note:br t="m":2505556081/6088-->
<dd>19860512</dd>
<dt>MEMO, MEMORANDUM</dt>
<au>DIXON,C; MARCOVITCH,I</au>
<rc>DISERENS,G; ZZEDS; ZZHGA; ZZJPP; ZZMAH; ZZMCB; ZZRAP; ZZSEF; ZZURN; ZZWAF</rc>
<np>ZZJAZ</np>
<ca>FTR, FABRIQUES DE TABAC REUNIES S.A.</ca>
<cr>DEPT COMM; FTR, FABRIQUES DE TABAC REUNIES S.A.</cr>
<no>ASFC, ASSN SWISSE DES FABRICANTS DE CIGERETTES; CS</no>
<!-- Note:co:FLFR, FRENCH LANGUAGE; ILLE, ILLEGIBLE; MARG, MARGINALIA-->
<fn>2505555960/2505556494/ASFC 840000 - 850000</fn>
<!-- Note:si:E71-->
<!-- Note:s:SCHULTHESS,DIETER/HALLWAY-->
<ti>CS / ASFC</ti>
<pg>1</pg>
<!-- Note:lu:FEDA/PRODUCED-->
<!-- Note:dl:20020911-->
<dl>20021209</dl>
<ot>FTR RESEARCH AND DEVELOPMENT
P.O. Box CH-2003 Neuchatel/Switzerland
INTER-OFFICE CORRESPONDENCE
To:	Voir Distribution	Date:	12 mai,	1986
From:
Subjecr:	I. Marcovitch
CS/ASFC	Number:		
C
Le proces verbal de la reunion de la Commission Scientifique
de 1'ASFC, du 23 avril 1986, me parvient aujourd'hui m@me.
Je vous en adresse une copie.
I1 reflt3te correctement le contenu des debats.
C
QA &amp; Techn. Serv.
Dac� '4 3,S S'G
Meilleures salutations,
I. Marcovitch
File p c~3~
ACT 1&gt;~E. i V.SA
I ~ ~ _
i X _ /d s.&amp;~l
~_ I / Signe en son absence
I i
~'~`~~"-~ Corinne Dixon
T Secretaire
MI L.~-~
Distribution : MCB, WAF, HGA, MAH, 40, URN, RAP, JPP,
EDS, G. Diserens - dept. Comm. Lausanne
Annex: Ment.
pgNbr=1
</ot>
</LTDLWOCR>
