<?xml version="1.0" encoding="ISO-8859-1"?>
<LTDLWOCR>
<tid>aak24c00</tid>
<bt>2069711983</bt>
<dd>19990107</dd>
<dt>SPEC, SPECIFICATION</dt>
<au>LOMELIN,P</au>
<!-- Note:si:M674-->
<!-- Note:s:CIGARETTE SPECS/COMPUTER FILES (STEWART HOLMES)-->
<ti>BASIC WEIGHT SPECIFICATION F&amp;L FULL FLAVOR KS REGULAR SP</ti>
<pg>1</pg>
<!-- Note:lu:FEDA/PRODUCED-->
<!-- Note:dl:20021017-->
<!-- Note:b:F&amp;L;SHIELD-->
<dl>20021209</dl>
<ot>BASIC WEIGHT SPECIFICATION
MANUFACTURING CENTER EFFECTIVE DATE: 01/08/1999
F&amp;L FULL FLAVOR KS REGULAR SP STANDARD PRODUCTION
BRAND CODE-OFAA1 CSTD)
PHYSICAL PARAMETERS
TOBACCO ROD LENGTH .	63.0	MM	
TIPPING LENGTH .	25.000	MM	
CIGARETTE PAPER WIDTH .	27.00	MM	
CIRCUMFERENCE .	24.80	MM	
CALCULATED VOLUME .	3.083.4297	CUBIC MM	
CALCULATED DENSITY .	22.7008	CGMS/CC	
	TARGETS		
PACK 0. V. .	12.80	X W/W	
STEM EXTRACT RATE X .	1.D0	X W/W	
LOOSE ENDS .	&lt; 1.000	GMS/50	
FIRMNESS TARGET .	3.40	MM	
RANGE .	FROM 3.00 TO 3.80	MM	(ONE WEEK N=3)
RANGE .	FROM 3.30 TO 3.50	MM	(EIGHT WEEK H=24)
FILLER WEIGHT .	.6999621	GRAMS	
CALCULATED WEIGHT:	1.5432	LBS. /1000	
PAPER AND ADHESIVE .	.0442840	GRAMS	
ROD WEIGHT .	.7442461	. GRAMS	
TIPPING AND ADHESIVE .	.0313904	GRAMS	
TOTAL LESS PLUG .	.7756365	GRAMS	
		
REASON FOR CHANGE	: REMOVE OMAA1/SHIELD FROM COMMENTS SECTION OF SPEC	

PREPARED BY '	: DUE TO OBSOLESCENCE. NO OTHER CHANGES MADE.
: PAM LOMELIN PRINTING DATE .	
1/19/02
PREPARATION DATE-	: 1/07/99 PRINTING TIME .	8:50:28
APPROVED BY: SUPERCEDES SPECIFICATION DATED: 7/15/98

pgNbr=1
</ot>
</LTDLWOCR>
