<?xml version="1.0" encoding="ISO-8859-1"?>
<LTDLWOCR>
<tid>aat47c00</tid>
<bt>2072237151</bt>
<!-- Note:br t="m":2072237150/7167-->
<dd>19981023/E</dd>
<dt>LETT, LETTER</dt>
<au>XX MARY</au>
<rc>XX GINNY</rc>
<fn>2072237011/2072237438/B.C. INGREDIENT &amp; CONSTITUENT REPORTING</fn>
<!-- Note:si:N926-->
<!-- Note:s:HURWITZ,EVEN/STORED FILES-->
<pg>1</pg>
<!-- Note:lu:FEDA/PRODUCED-->
<!-- Note:dl:20030606-->
<dl>20030815</dl>
<ot>OCT 23 '98 15:35 TO-99176635451 FROH-RJR-R&amp;D LAW T-845 P.02 F-675
Ginny-
Attached are:
1) Fax received today re: Ireland; and
2) Latest draft I have of the BC Statement of Claim. I do not expect that the final
version will look much different than this.
~"V
)a-23

pgNbr=1
</ot>
</LTDLWOCR>
