<?xml version="1.0" encoding="ISO-8859-1"?>
<LTDLWOCR>
<tid>aat35c00</tid>
<bt>2083648195B</bt>
<dd>20001122</dd>
<dt>EMAI, E-MAIL</dt>
<au>BALGLEY,A</au>
<rc>DISABATO,M</rc>
<!-- Note:si:N344-->
<!-- Note:s:DARAGAN,KAREN/CARLSTADT-->
<ti>ACCEPTED: BUDGET TEMPLATE REVIEW AND ACCTS PAYABLE PREP</ti>
<pg>1</pg>
<!-- Note:lu:FEDA/PRODUCED-->
<!-- Note:dl:20020826-->
<dl>20021209</dl>
<ot>Balgley
Annemarie		o
,
-	_ _. . . ------- . _. _. ._-----...... ._ ....-------	._.--------- o0

From:	
Balgley, Annemarie	w
~
Sent:	Wednesday, November 22, 2000 10:21 AM	00
To:	DiSabato, Michelle	~
Subject:	Accepted: Budget Template Review and Accts Payable Prep	~
Gd
67

pgNbr=1
</ot>
</LTDLWOCR>
