<?xml version="1.0" encoding="ISO-8859-1"?>
<LTDLWOCR>
<!-- forcebtag -->
<tid>aao63d00</tid>
<bt>510017827</bt>
<bx>RJR3407</bx>
<dd>19891102</dd>
<dt>GRAPHICS;HANDWRITTEN</dt>
<!-- Note:co:Y-->
<np>AMERICAN;LIGGETT;LORILLARD;RJR</np>
<!-- Note:dl:19990107-->
<pg>1</pg>
<!-- Note:rn t="m":MINNESOTA PARAGRAPH A.3 COURT ORDER 19961127-->
<!-- Note:sh:19970115-->
<!-- Note:s:R&amp;D;PRODUCT DEVELOPMENT;DOBBINS DB;ADMINISTRATIVE ASST-->
<ti>G-13 PRODUCTION VOLUMES VS MARKET SHARE. U.S. LICENSEES.</ti>
<dl>20020201</dl>
<ot>1D,4uM
14,2 (Q.o~jo /.oMN ~.9 t3;5 7D
i(a
0 PW-OT .54we :

/~ /2 Ma-~n
~
o~r yo'~
n~-
J s Tarhs N.s
Vowqvf - . ,:row 't) (49.-I)
I s.$?D V/A
M
QJ2 (oS l~4.~,'Z~ 3 t.G
--
.~.--- _---
.7
ln~..2 4q

pgNbr=1
</ot>
</LTDLWOCR>
