<?xml version="1.0" encoding="ISO-8859-1"?>
<LTDLWOCR>
<tid>aav73c00</tid>
<bt>2065164522</bt>
<!-- Note:br t="m":2065164522/4526-->
<dd>19950116</dd>
<dt>FORM, FORM</dt>
<au>NATHANSON,R</au>
<rc>MULLIGAN,K</rc>
<ca>HADLEY</ca>
<cr>PM, PHILIP MORRIS</cr>
<fn>2065164286/2065165589-A/MARLBORO CONTESTS AND SWEEPSTAKES; 2065164506/2065164540/PIT PASS SWEEPSTAKES</fn>
<!-- Note:si:N379-->
<!-- Note:s:MULLIGAN,KATHY/SEC'Y FILES-->
<ti>FAX</ti>
<pg>1</pg>
<!-- Note:lu:FEDA/PRODUCED-->
<!-- Note:dl:20021111-->
<dl>20030115</dl>
<ot>JRN 16 '95 07:03PM THG 9TH FLOOR P.1
Meaaase:
175 Hedsoa Street
New Yirla NY 10 014
tal 212.307.2300
fax 212.627.9041
Date: J . A / [,- ~

Coonpanr: �	
lZ~~~~~5	a :
~
Fax No. Q	~		
Froin�		4~)	- .
			
No. of pagea to tollow::	t t		
_...,.__......__.~ .3~ ___....
pgNbr=1
</ot>
</LTDLWOCR>
