<?xml version="1.0" encoding="ISO-8859-1"?>
<LTDLWOCR>
<tid>aap28e00</tid>
<bt>1000831629</bt>
<!-- Note:br t="o":CFNC6601020-->
<dd>19661025</dd>
<dt>MEMO, MEMORANDUM</dt>
<dt>CHAR, CHART/GRAPH</dt>
<au>WICKHAM,JE</au>
<rc>RESNIK,FE</rc>
<pc>BRITTON,AC; HEDBERG,FA; LLOYD,WG; SELIGMAN,RB; SOYARS,BA; WAKEHAM,H</pc>
<no>IBM</no>
<!-- Note:co:MARG, MARGINALIA-->
<!-- Note:si:R100-->
<!-- Note:s:CENTRAL FILES/DATABASE CORRESPONDENCE-->
<ti>MARLBORO (80) AND MARLBORO (85) CIGARETTES</ti>
<pg>1</pg>
<!-- Note:rn t="m":STMN/RS-CFL-->
<!-- Note:lu:STMN/PRODUCED-->
<!-- Note:dl:19980605-->
<!-- Note:b:MARLBORO-->
<dl>20020201</dl>
<ot>_					4
-
FROM: J. E. Wickham					_
SUBJECT: Marlboro (80) and Ma	rlboro (85)	cigarettes			'
Current samples of Marlbo	ro 80 and~85 cigarettes	were received	
fr=each of the manufacturing	locations.	TPM, nicot	ine, RTD, and~	
porosity were determined and a	re summarizediin Table	I. The	brand	
averages are compared to C.I.	data in Table II.			
	Table I				, T
					
IBM Code X6QN~	X6QP	X6QR'	X6QO	X6QQ	
~
Brand Marl. 80
.	Marl. 80	Marl. 80 Ma	rl. 85	Marl.	85
..4
_.
.
_
Place of Mfg. 20th St.	Stockton	Louisville Stockton	y
.
Louisville
			
TPM, mg/cigt 19.4	20.0	19.5	22.8	22.4	
Nicotine, mg/cigt 1.15	1.14	1.15	1.27	1.27	
Porosity, sec. 21	22	21	22	19	
Total RTD, in. of H20 4.50	4.43	4.54	4.64	4.40	
Filter RTD, in,. of H20 2.35	2.29	2.40	2.44	2.40	
T	able II				
Marlboro (85)
TPM, mg/cigt
Nicotine, mg/cigt
Porosity, sec.
Total RTD, in. of H20
Filter RTD, in,. of H20
JEW : rab
cc: H. Wakeham
R. B. Seligman
A. C. Britton
B. A. Soyars
W. G. Lloyd
F. A. Hedberg
C.I.	Factory
10-66	Sample
23.5	22.6
1.34	1.27
21	21
4.7	4.5
2.4	2.4
Marlboro (80)		
C.I.	Factory		3 :.;.
10-66	Sample		~a
21.3	19.6		~
1.26	1.15		~:
21	21		
4.5	4.5		p'
2.3	2.3		
			
			
			
			
		�	.
----	

--- - -- -	
~	
;..
		CJ	
		N	..
			
C66-01020 ~ ~
pgNbr=1
</ot>
</LTDLWOCR>
