<?xml version="1.0" encoding="ISO-8859-1"?>
<LTDLWOCR>
<!-- forcebtag -->
<tid>aah65f00</tid>
<ti>Out-Of-Home Media, 2-Sheet Station Posters, Metro Chicago</ti>
<dt>Letter</dt>
<dt>Correspondence</dt>
<dd>19790920</dd>
<au>Kaeumlen-KC, SSC&amp;B</au>
<rc>Chester-N, ATCO</rc>
<pc>Costello-R;Mellett-J;Deganhardt-W;Miller-H;Hinson-R;Arduna-E;Maloney-A</pc>
<!-- Note:co:Marginalia;Attachment Missing-->
<!-- Note:ci:10004026-->
<!-- Note:rn t="m":19-->
<pg>1</pg>
<!-- Note:ag:60205386-->
<!-- Note:dl:19981123-->
<bt>990718506</bt>
<!-- Note:br t="a":ATX040440654/ATX040440654-->
<dl>20020201</dl>
<ot>Qk) ks"C' &amp; B [ ,,,_,,:, ,,.::_
.
ONE DAG h.1MMARSKIOkD PLAZA 'SI:s/ YORK, N.Y 1
Mr. Norman Chester
The American Tobacco Co.
245 Park Avenue
New York, H. Y. 10017
Re: Out-of-Home Media
2-Sheet Station Posters
Metro Chicago
Dear Norm:
Seotember 20, 1979
po0

T.D.I. has informed us that effective January 1980 the poster
allotment for Chicago Commuterland will be increased from 220
to 250 locations. T.D.I. letter of explanation attached.
The total monthly rate increases to $6,115.00 ($49D under rate card)
from $5,382.00 provided in the 1980 projected figures.
This change represents a monthly increase of $733; an annual increase
of $8,796.00.
K.C. Kaeumlen
Assistant Director
Out-of- Home Media
KCK/ea
cc:	R.	Costello
	J.
W.
H.
R.
E.
A.	Mellett
Deganhardt
Miller
Hinson
Arduna
Maloney
%, 99
5'. I J,1 roi+5 d i J;F
~S 1 9
vi L3 Tr_.id.2s P.fsz F.�n ~J
,.o s i i .e'e . :

pgNbr=1
</ot>
</LTDLWOCR>
